Record_ID,Date,Time,Road_ID,Area,Vehicle_Count,Car_Count,Bus_Count,Bike_Count,Truck_Count,Avg_Speed_kmph,Congestion_Level,Signal_Wait_Time_sec,Accident_Count,Weather
3590,2024-01-01,04:00,Ring Road,South Zone,915,529,95,203,88,44.1,High,54,0,Rainy
994,2024-01-01,04:00,Green Park Rd,West Zone,801,454,92,147,108,45.8,High,68,0,Sunny
650,2024-01-01,07:00,Station Road,South Zone,1079,592,95,308,84,37.9,High,75,0,Sunny
3081,2024-01-01,08:00,Airport Road,South Zone,1188,726,85,272,105,39.0,High,66,0,Sunny
2076,2024-01-01,10:00,Green Park Rd,Downtown,1772,797,194,382,399,23.1,High,84,0,Sunny
448,2024-01-01,12:00,Outer Ring Road,South Zone,586,312,69,112,93,55.3,Medium,48,0,Sunny
851,2024-01-01,13:00,Station Road,South Zone,545,252,52,127,114,53.2,High,51,0,Cloudy
1031,2024-01-01,17:00,Ring Road,West Zone,1101,540,93,232,236,39.7,High,69,0,Sunny
2016,2024-01-01,18:00,Outer Ring Road,East Zone,1102,610,127,223,142,28.7,High,69,0,Rainy
758,2024-01-01,19:00,Airport Road,Downtown,1429,811,114,323,181,31.2,High,90,0,Sunny
1167,2024-01-01,19:00,MG Road,West Zone,1804,874,180,496,254,12.5,High,64,0,Rainy
3285,2024-01-01,20:00,Market Road,East Zone,1338,730,148,298,162,27.6,High,78,0,Sunny
679,2024-01-01,20:00,Outer Ring Road,South Zone,877,518,96,208,55,42.7,High,55,0,Rainy
1993,2024-01-01,22:00,Airport Road,East Zone,745,415,66,136,128,42.7,High,54,0,Sunny
1293,2024-01-02,04:00,Green Park Rd,Downtown,1085,471,112,288,214,44.0,High,66,0,Sunny
3162,2024-01-02,04:00,Airport Road,East Zone,834,359,97,222,156,40.9,High,51,0,Rainy
264,2024-01-02,07:00,Lake View Road,East Zone,1231,709,144,245,133,32.4,High,52,0,Rainy
1829,2024-01-02,07:00,NH-44,North Zone,663,373,79,191,20,43.8,High,67,0,Foggy
3340,2024-01-02,08:00,IT Corridor,Downtown,1327,701,137,359,130,36.5,High,69,0,Sunny
207,2024-01-02,12:00,Outer Ring Road,Downtown,1359,778,129,265,187,27.7,High,60,0,Cloudy
64,2024-01-02,16:00,Ring Road,Downtown,722,371,56,196,99,45.8,High,48,0,Sunny
2179,2024-01-02,17:00,MG Road,Downtown,1835,867,154,380,434,26.7,High,86,0,Sunny
1954,2024-01-02,17:00,MG Road,West Zone,1455,640,146,304,365,23.5,High,84,0,Rainy
2918,2024-01-02,17:00,Outer Ring Road,West Zone,1525,801,133,304,287,31.9,High,81,0,Cloudy
2327,2024-01-03,07:00,Market Road,Downtown,1396,696,134,376,190,36.5,High,68,0,Sunny
1582,2024-01-03,09:00,Airport Road,East Zone,1770,1043,194,483,50,16.0,High,84,0,Sunny
3941,2024-01-03,13:00,NH-44,North Zone,540,290,49,127,74,55.1,Medium,42,0,Foggy
2684,2024-01-03,15:00,Market Road,East Zone,968,427,83,184,274,42.3,High,33,0,Cloudy
1522,2024-01-03,16:00,Station Road,West Zone,680,347,58,133,142,46.3,High,68,0,Sunny
898,2024-01-03,17:00,MG Road,East Zone,1344,673,120,377,174,29.6,High,69,0,Sunny
2664,2024-01-03,18:00,Ring Road,Downtown,1290,625,94,243,328,34.6,High,81,1,Sunny
1870,2024-01-03,18:00,NH-44,East Zone,1091,614,127,276,74,35.2,High,75,0,Sunny
2130,2024-01-03,18:00,NH-44,North Zone,1734,794,141,504,295,19.6,High,67,0,Sunny
3780,2024-01-03,18:00,NH-44,North Zone,1232,750,135,229,118,35.0,High,71,0,Sunny
2738,2024-01-03,21:00,Station Road,North Zone,547,244,59,110,134,57.6,Medium,55,0,Sunny
1917,2024-01-04,05:00,Lake View Road,East Zone,875,441,70,240,124,50.4,High,65,0,Cloudy
971,2024-01-04,06:00,NH-44,North Zone,857,514,77,241,25,55.1,Medium,58,0,Sunny
1332,2024-01-04,06:00,Station Road,North Zone,890,431,92,239,128,49.4,High,45,0,Cloudy
2735,2024-01-04,07:00,IT Corridor,North Zone,1240,644,106,325,165,33.8,High,74,0,Sunny
3877,2024-01-04,08:00,Lake View Road,North Zone,1457,668,112,375,302,27.4,High,76,0,Rainy
1728,2024-01-04,08:00,Ring Road,North Zone,949,478,86,172,213,42.8,High,70,0,Sunny
951,2024-01-04,09:00,IT Corridor,East Zone,1619,866,133,352,268,15.0,High,82,0,Rainy
3087,2024-01-04,15:00,MG Road,East Zone,684,386,61,167,70,32.9,High,47,0,Foggy
498,2024-01-04,17:00,MG Road,East Zone,1085,601,84,199,201,42.9,High,71,0,Sunny
1490,2024-01-04,19:00,Ring Road,West Zone,1172,536,135,235,266,38.6,High,74,0,Cloudy
327,2024-01-04,21:00,Outer Ring Road,North Zone,545,309,56,105,75,51.5,Medium,48,0,Cloudy
1566,2024-01-05,05:00,Green Park Rd,Downtown,1358,794,158,366,40,29.9,High,81,0,Sunny
2057,2024-01-05,07:00,Lake View Road,East Zone,1118,678,130,249,61,35.4,High,82,0,Sunny
722,2024-01-05,09:00,MG Road,North Zone,1333,778,132,384,39,40.0,High,64,0,Cloudy
2336,2024-01-05,10:00,Green Park Rd,East Zone,1793,981,179,472,161,24.8,High,71,0,Cloudy
2917,2024-01-05,10:00,Lake View Road,West Zone,2082,1269,202,518,93,12.0,High,75,0,Rainy
3487,2024-01-05,13:00,NH-44,South Zone,648,341,54,142,111,42.7,High,54,0,Rainy
1094,2024-01-05,15:00,NH-44,West Zone,675,334,55,125,161,50.6,High,73,0,Cloudy
2287,2024-01-05,16:00,Station Road,North Zone,716,419,79,197,21,54.6,Medium,40,0,Cloudy
1047,2024-01-05,16:00,Airport Road,South Zone,775,452,66,229,28,43.3,High,75,0,Sunny
417,2024-01-05,16:00,MG Road,South Zone,598,341,66,152,39,56.1,High,55,0,Cloudy
615,2024-01-05,16:00,Green Park Rd,West Zone,731,436,87,181,27,53.3,High,54,0,Sunny
129,2024-01-05,17:00,Market Road,East Zone,1123,520,116,288,199,37.9,High,59,0,Sunny
3504,2024-01-05,17:00,Outer Ring Road,West Zone,1133,594,116,296,127,41.0,High,50,0,Foggy
845,2024-01-05,20:00,Station Road,West Zone,1442,839,165,312,126,27.3,High,90,0,Sunny
3918,2024-01-05,21:00,Ring Road,West Zone,834,494,68,155,117,51.3,High,47,0,Sunny
2437,2024-01-05,22:00,MG Road,Downtown,740,420,83,152,85,46.0,High,67,0,Cloudy
967,2024-01-06,10:00,NH-44,North Zone,1293,777,136,239,141,34.1,High,76,0,Sunny
743,2024-01-06,14:00,Green Park Rd,Downtown,997,527,89,235,146,32.9,High,71,0,Rainy
336,2024-01-06,16:00,Ring Road,North Zone,644,381,55,185,23,50.7,High,51,0,Cloudy
3942,2024-01-06,19:00,Station Road,East Zone,1606,813,169,473,151,28.3,High,64,0,Rainy
937,2024-01-06,20:00,Airport Road,East Zone,1595,708,155,318,414,29.2,High,61,1,Rainy
2473,2024-01-07,04:00,Airport Road,West Zone,883,422,62,197,202,45.8,High,55,0,Cloudy
1466,2024-01-07,07:00,NH-44,Downtown,1563,886,123,454,100,29.8,High,62,1,Sunny
2870,2024-01-07,07:00,Green Park Rd,North Zone,1388,789,136,361,102,31.6,High,61,0,Sunny
1719,2024-01-07,09:00,Ring Road,Downtown,1715,763,143,439,370,27.2,High,74,0,Cloudy
1281,2024-01-07,13:00,IT Corridor,East Zone,570,268,56,168,78,48.5,Medium,59,0,Cloudy
3847,2024-01-07,13:00,Green Park Rd,South Zone,689,339,52,171,127,44.8,High,55,0,Sunny
607,2024-01-07,16:00,Ring Road,North Zone,834,409,90,201,134,43.8,High,56,0,Sunny
1865,2024-01-07,16:00,MG Road,West Zone,843,434,86,243,80,38.0,High,70,0,Rainy
3389,2024-01-07,17:00,Ring Road,South Zone,907,496,71,219,121,45.7,High,46,0,Cloudy
897,2024-01-07,18:00,Lake View Road,North Zone,1169,614,85,233,237,33.1,High,57,0,Cloudy
1655,2024-01-07,20:00,Green Park Rd,West Zone,2110,1023,158,570,359,18.1,High,84,0,Sunny
2387,2024-01-07,23:00,Ring Road,South Zone,576,320,45,118,93,54.1,Medium,56,0,Cloudy
689,2024-01-08,02:00,Airport Road,Downtown,697,339,70,201,87,42.2,High,58,0,Rainy
831,2024-01-08,07:00,IT Corridor,Downtown,2105,1271,181,591,62,19.3,High,70,0,Sunny
2975,2024-01-08,08:00,Market Road,North Zone,1267,731,147,351,38,34.5,High,87,0,Sunny
3988,2024-01-08,08:00,Outer Ring Road,South Zone,1013,442,89,228,254,35.7,High,81,0,Rainy
2050,2024-01-08,10:00,Market Road,North Zone,1513,856,150,359,148,28.5,High,61,0,Sunny
3485,2024-01-08,10:00,MG Road,South Zone,818,434,65,148,171,47.2,High,63,0,Cloudy
2572,2024-01-08,13:00,Ring Road,West Zone,709,385,64,144,116,44.1,High,52,0,Foggy
1254,2024-01-08,17:00,Airport Road,Downtown,1427,769,136,263,259,33.3,High,81,0,Sunny
2549,2024-01-08,17:00,IT Corridor,South Zone,1309,705,115,298,191,33.9,High,87,0,Sunny
1769,2024-01-08,18:00,Lake View Road,South Zone,1597,718,160,309,410,27.8,High,63,2,Sunny
878,2024-01-08,18:00,Green Park Rd,West Zone,1161,549,127,263,222,38.0,High,69,0,Sunny
3991,2024-01-08,19:00,Station Road,Downtown,1264,608,93,286,277,24.5,High,77,0,Rainy
2998,2024-01-08,19:00,Green Park Rd,North Zone,980,456,88,180,256,44.7,High,62,0,Cloudy
3298,2024-01-08,21:00,Market Road,Downtown,1001,521,94,220,166,46.3,High,69,0,Sunny
3191,2024-01-08,22:00,MG Road,South Zone,444,195,43,133,73,52.7,Medium,39,0,Sunny
1947,2024-01-08,23:00,Station Road,North Zone,758,457,59,205,37,39.6,High,64,0,Rainy
3944,2024-01-08,23:00,MG Road,West Zone,964,573,68,225,98,39.2,High,64,0,Cloudy
1323,2024-01-09,10:00,NH-44,West Zone,1616,738,186,363,329,25.6,High,82,0,Sunny
1602,2024-01-09,12:00,IT Corridor,North Zone,712,402,84,140,86,56.7,High,62,1,Cloudy
270,2024-01-09,17:00,Lake View Road,Downtown,1878,954,194,523,207,20.5,High,72,0,Sunny
603,2024-01-09,17:00,Outer Ring Road,West Zone,1674,984,167,466,57,16.5,High,82,0,Foggy
2209,2024-01-09,18:00,MG Road,South Zone,1374,646,137,280,311,39.7,High,68,0,Cloudy
98,2024-01-09,18:00,Outer Ring Road,South Zone,1241,569,95,239,338,25.7,High,77,0,Foggy
1849,2024-01-09,19:00,Station Road,South Zone,765,459,63,194,49,46.3,High,37,0,Sunny
1788,2024-01-09,20:00,NH-44,North Zone,1042,596,79,265,102,46.5,High,75,0,Cloudy
1572,2024-01-09,22:00,NH-44,North Zone,734,368,69,176,121,43.5,High,52,0,Rainy
1978,2024-01-10,04:00,Ring Road,Downtown,1020,580,98,213,129,29.5,High,67,0,Foggy
716,2024-01-10,09:00,Outer Ring Road,West Zone,1175,597,120,306,152,42.3,High,70,1,Cloudy
1093,2024-01-10,10:00,Lake View Road,North Zone,1416,648,159,352,257,30.7,High,75,0,Sunny
1006,2024-01-10,10:00,Station Road,South Zone,1005,564,78,222,141,35.9,High,64,0,Cloudy
2690,2024-01-10,10:00,Green Park Rd,West Zone,667,318,68,173,108,50.6,High,43,0,Sunny
486,2024-01-10,12:00,Green Park Rd,Downtown,1090,611,102,252,125,41.8,High,71,0,Cloudy
2211,2024-01-10,15:00,Airport Road,South Zone,821,376,58,200,187,45.4,High,60,0,Cloudy
3661,2024-01-10,21:00,MG Road,North Zone,1154,669,86,241,158,33.4,High,67,0,Rainy
2608,2024-01-10,22:00,Green Park Rd,East Zone,845,452,79,230,84,41.1,High,77,0,Rainy
2530,2024-01-10,22:00,Ring Road,East Zone,929,404,98,211,216,43.5,High,82,0,Sunny
3953,2024-01-11,08:00,MG Road,East Zone,1374,609,98,287,380,32.6,High,79,1,Sunny
1542,2024-01-11,08:00,Outer Ring Road,East Zone,1613,759,188,314,352,33.7,High,90,0,Sunny
1383,2024-01-11,09:00,Airport Road,North Zone,1076,638,84,251,103,26.9,High,71,0,Foggy
3736,2024-01-11,10:00,Market Road,North Zone,896,416,107,266,107,43.9,High,62,0,Cloudy
2607,2024-01-11,10:00,NH-44,South Zone,1000,434,78,270,218,43.0,High,48,0,Cloudy
1125,2024-01-11,12:00,Lake View Road,South Zone,778,457,78,221,22,46.0,High,67,0,Cloudy
1296,2024-01-11,15:00,Airport Road,North Zone,695,313,64,187,131,44.9,High,43,0,Sunny
1807,2024-01-11,18:00,MG Road,Downtown,1238,570,116,312,240,27.6,High,72,0,Rainy
2246,2024-01-11,21:00,Ring Road,North Zone,785,442,84,203,56,39.6,High,81,0,Foggy
1672,2024-01-12,01:00,Lake View Road,North Zone,678,331,60,188,99,48.8,High,61,1,Sunny
1705,2024-01-12,01:00,NH-44,North Zone,467,278,33,104,52,48.3,High,65,0,Foggy
854,2024-01-12,01:00,Ring Road,West Zone,598,288,71,144,95,50.6,High,47,0,Sunny
1437,2024-01-12,05:00,Station Road,North Zone,770,341,54,157,218,40.0,High,68,0,Foggy
1878,2024-01-12,10:00,Outer Ring Road,North Zone,1312,672,117,283,240,39.6,High,73,0,Sunny
1876,2024-01-12,11:00,Airport Road,West Zone,1113,498,111,212,292,27.3,High,71,0,Rainy
1427,2024-01-12,12:00,IT Corridor,Downtown,750,343,59,142,206,49.1,High,56,0,Cloudy
3678,2024-01-12,12:00,IT Corridor,West Zone,1137,565,124,335,113,37.8,High,71,0,Rainy
3508,2024-01-12,15:00,MG Road,North Zone,766,408,61,170,127,45.6,High,76,0,Sunny
2418,2024-01-12,17:00,Airport Road,North Zone,924,417,104,199,204,44.4,High,46,1,Sunny
2324,2024-01-12,17:00,Lake View Road,North Zone,1147,528,81,326,212,42.8,High,61,0,Sunny
2139,2024-01-12,17:00,Station Road,South Zone,1023,562,112,195,154,41.8,High,56,0,Cloudy
3009,2024-01-12,18:00,NH-44,East Zone,1224,537,139,257,291,33.3,High,72,0,Rainy
3851,2024-01-12,18:00,Outer Ring Road,East Zone,1226,629,131,342,124,37.6,High,65,0,Sunny
1759,2024-01-12,18:00,Green Park Rd,West Zone,1770,820,159,333,458,19.9,High,72,0,Sunny
2702,2024-01-12,19:00,NH-44,West Zone,1301,760,120,256,165,35.8,High,75,0,Sunny
683,2024-01-12,20:00,Ring Road,Downtown,1798,952,160,510,176,26.1,High,78,1,Cloudy
520,2024-01-12,20:00,Market Road,South Zone,1133,528,128,263,214,40.6,High,81,0,Cloudy
2374,2024-01-12,21:00,Green Park Rd,North Zone,616,334,72,127,83,42.5,High,55,0,Foggy
2026,2024-01-12,22:00,Lake View Road,South Zone,538,276,47,156,59,48.3,Medium,42,0,Sunny
3792,2024-01-13,07:00,Airport Road,North Zone,970,548,108,194,120,33.5,High,71,0,Foggy
2696,2024-01-13,07:00,IT Corridor,South Zone,1263,559,128,295,281,33.9,High,71,0,Sunny
556,2024-01-13,08:00,IT Corridor,Downtown,932,524,100,260,48,45.7,High,74,0,Cloudy
1010,2024-01-13,08:00,IT Corridor,Downtown,1548,860,114,430,144,28.5,High,84,0,Sunny
380,2024-01-13,10:00,Station Road,South Zone,982,596,78,180,128,39.0,High,84,1,Sunny
3552,2024-01-13,11:00,Outer Ring Road,Downtown,711,435,57,137,82,48.4,High,49,0,Sunny
2490,2024-01-13,12:00,Outer Ring Road,Downtown,906,434,99,260,113,43.1,High,49,0,Sunny
3804,2024-01-13,14:00,Green Park Rd,Downtown,841,419,88,185,149,51.0,High,61,0,Cloudy
919,2024-01-13,14:00,Lake View Road,West Zone,566,293,48,166,59,56.1,High,52,0,Sunny
1675,2024-01-13,15:00,IT Corridor,Downtown,918,429,93,188,208,45.3,High,61,0,Cloudy
3732,2024-01-13,15:00,IT Corridor,North Zone,730,386,77,212,55,44.7,High,66,0,Sunny
3631,2024-01-13,15:00,NH-44,South Zone,932,410,74,272,176,43.6,High,62,0,Rainy
152,2024-01-13,18:00,Lake View Road,North Zone,1445,799,167,330,149,38.3,High,84,0,Sunny
3759,2024-01-13,20:00,NH-44,West Zone,1568,895,141,388,144,29.3,High,68,0,Sunny
1060,2024-01-14,03:00,Outer Ring Road,Downtown,965,556,70,219,120,34.1,High,65,0,Sunny
2704,2024-01-14,06:00,Green Park Rd,East Zone,416,195,36,91,94,59.5,Medium,56,1,Rainy
2476,2024-01-14,09:00,Green Park Rd,Downtown,2173,1129,252,566,226,12.0,High,83,0,Cloudy
894,2024-01-14,09:00,MG Road,West Zone,1131,542,91,207,291,37.2,High,82,0,Sunny
888,2024-01-14,10:00,NH-44,West Zone,1574,895,177,399,103,30.5,High,70,0,Cloudy
2737,2024-01-14,11:00,IT Corridor,East Zone,680,405,72,183,20,53.5,Medium,52,0,Cloudy
1476,2024-01-14,15:00,IT Corridor,East Zone,849,481,67,163,138,46.6,High,51,0,Sunny
51,2024-01-14,16:00,Market Road,East Zone,904,541,98,197,68,43.5,High,72,0,Sunny
3666,2024-01-14,16:00,Green Park Rd,South Zone,474,291,42,127,14,51.9,Medium,46,0,Sunny
677,2024-01-14,16:00,MG Road,West Zone,785,390,91,177,127,52.0,High,51,0,Foggy
2388,2024-01-14,17:00,Airport Road,West Zone,1713,874,159,420,260,23.8,High,63,0,Cloudy
1322,2024-01-14,18:00,Lake View Road,South Zone,853,398,68,242,145,36.8,High,67,0,Foggy
1952,2024-01-14,19:00,Market Road,Downtown,1609,750,151,453,255,25.5,High,60,0,Sunny
1961,2024-01-14,19:00,Ring Road,Downtown,1748,835,132,339,442,18.8,High,76,0,Sunny
1875,2024-01-14,22:00,NH-44,West Zone,685,350,63,205,67,43.7,Medium,48,0,Foggy
3926,2024-01-15,07:00,NH-44,South Zone,943,544,79,278,42,47.1,High,63,0,Cloudy
93,2024-01-15,08:00,NH-44,South Zone,1174,681,99,293,101,33.1,High,66,0,Rainy
1753,2024-01-15,08:00,MG Road,West Zone,1432,879,110,302,141,23.6,High,74,0,Cloudy
906,2024-01-15,10:00,Lake View Road,West Zone,1338,631,109,263,335,35.4,High,83,0,Rainy
1780,2024-01-15,12:00,Green Park Rd,South Zone,437,265,33,90,49,59.4,Medium,46,0,Sunny
1489,2024-01-15,16:00,Lake View Road,West Zone,531,287,50,116,78,64.5,Medium,42,0,Sunny
1080,2024-01-15,18:00,Green Park Rd,Downtown,1501,763,112,440,186,35.1,High,84,0,Cloudy
135,2024-01-15,21:00,Ring Road,East Zone,742,373,63,217,89,45.5,High,63,0,Rainy
1106,2024-01-15,21:00,MG Road,South Zone,635,368,72,154,41,55.3,Medium,43,0,Sunny
3198,2024-01-15,23:00,Market Road,Downtown,1173,546,119,317,191,36.7,High,59,0,Sunny
499,2024-01-16,00:00,IT Corridor,East Zone,660,343,70,171,76,45.5,High,68,0,Cloudy
3171,2024-01-16,00:00,Ring Road,East Zone,865,443,77,218,127,45.2,High,57,0,Sunny
1458,2024-01-16,07:00,NH-44,East Zone,1711,813,178,387,333,28.0,High,75,0,Sunny
3852,2024-01-16,10:00,IT Corridor,Downtown,1847,917,172,401,357,18.5,High,86,0,Sunny
3764,2024-01-16,11:00,Outer Ring Road,East Zone,777,337,70,226,144,45.7,High,54,0,Sunny
3011,2024-01-16,11:00,Station Road,South Zone,448,198,44,128,78,62.2,Medium,54,0,Cloudy
3622,2024-01-16,15:00,Lake View Road,East Zone,1018,471,118,232,197,42.3,High,64,0,Sunny
1494,2024-01-16,19:00,Market Road,East Zone,1521,803,164,414,140,23.9,High,80,0,Rainy
3510,2024-01-17,06:00,IT Corridor,East Zone,606,347,55,129,75,56.9,High,43,0,Sunny
2910,2024-01-17,07:00,MG Road,South Zone,1244,718,134,336,56,34.5,High,67,0,Sunny
1432,2024-01-17,08:00,MG Road,North Zone,1177,637,139,286,115,36.7,High,77,0,Sunny
1704,2024-01-17,08:00,Outer Ring Road,South Zone,1115,563,95,321,136,28.0,High,75,1,Foggy
3270,2024-01-17,08:00,MG Road,West Zone,1220,598,144,264,214,34.9,High,75,0,Sunny
2522,2024-01-17,10:00,Outer Ring Road,North Zone,1195,717,124,220,134,26.6,High,82,0,Foggy
331,2024-01-17,11:00,Station Road,Downtown,1221,679,91,260,191,29.5,High,62,0,Sunny
2556,2024-01-17,11:00,Airport Road,East Zone,768,374,81,150,163,45.4,Medium,59,0,Sunny
1412,2024-01-17,11:00,Ring Road,South Zone,587,298,46,131,112,51.9,High,59,0,Sunny
3890,2024-01-17,13:00,Station Road,East Zone,467,272,50,131,14,60.1,Medium,33,0,Sunny
1186,2024-01-17,15:00,MG Road,West Zone,669,386,48,147,88,49.9,Medium,50,0,Sunny
1348,2024-01-17,15:00,Station Road,West Zone,846,501,76,218,51,45.3,High,56,0,Sunny
3815,2024-01-17,17:00,IT Corridor,Downtown,1192,697,89,349,57,30.0,High,88,0,Sunny
1680,2024-01-17,18:00,Ring Road,North Zone,1080,542,117,231,190,40.0,High,56,0,Sunny
2630,2024-01-18,05:00,MG Road,North Zone,584,354,61,127,42,53.4,Medium,50,0,Sunny
1230,2024-01-18,12:00,Airport Road,North Zone,758,463,86,186,23,49.3,Medium,55,0,Sunny
354,2024-01-18,18:00,IT Corridor,West Zone,1290,746,127,252,165,30.1,High,75,0,Cloudy
1941,2024-01-18,20:00,Airport Road,Downtown,1128,689,99,265,75,36.5,High,78,0,Foggy
568,2024-01-19,02:00,Market Road,West Zone,779,450,76,202,51,44.0,Medium,58,1,Cloudy
2667,2024-01-19,09:00,Ring Road,West Zone,1421,701,145,388,187,24.7,High,84,0,Cloudy
3288,2024-01-19,10:00,NH-44,East Zone,1378,795,127,390,66,25.9,High,76,0,Foggy
2103,2024-01-19,11:00,MG Road,Downtown,688,410,69,188,21,47.5,High,63,0,Sunny
2265,2024-01-19,12:00,Airport Road,Downtown,1114,562,87,319,146,44.1,High,56,0,Sunny
1229,2024-01-19,16:00,Lake View Road,Downtown,834,449,72,185,128,42.5,High,50,0,Foggy
638,2024-01-19,17:00,Ring Road,East Zone,1354,704,117,375,158,32.2,High,66,0,Sunny
3578,2024-01-19,18:00,IT Corridor,North Zone,1595,959,136,435,65,24.4,High,93,0,Sunny
2764,2024-01-19,20:00,NH-44,Downtown,1582,966,184,385,47,34.3,High,87,0,Sunny
2225,2024-01-19,21:00,Ring Road,Downtown,793,356,64,233,140,46.9,Medium,61,0,Cloudy
3972,2024-01-19,21:00,Lake View Road,North Zone,916,533,94,256,33,51.6,High,49,0,Cloudy
673,2024-01-20,04:00,Outer Ring Road,West Zone,1093,496,87,283,227,42.2,High,72,0,Sunny
2731,2024-01-20,05:00,Station Road,Downtown,948,468,102,242,136,42.2,High,56,0,Sunny
1574,2024-01-20,06:00,Market Road,East Zone,806,413,80,218,95,52.0,High,64,0,Sunny
2013,2024-01-20,07:00,Market Road,Downtown,1192,584,135,334,139,30.8,High,79,0,Foggy
990,2024-01-20,09:00,IT Corridor,South Zone,1088,500,100,315,173,39.3,High,60,0,Sunny
2941,2024-01-20,11:00,MG Road,North Zone,717,315,75,148,179,52.4,High,48,0,Sunny
385,2024-01-20,11:00,MG Road,West Zone,1027,585,111,266,65,33.1,High,77,0,Cloudy
1920,2024-01-20,12:00,Outer Ring Road,West Zone,1016,499,82,197,238,44.0,High,44,0,Sunny
1300,2024-01-20,16:00,Outer Ring Road,Downtown,847,438,68,189,152,51.3,High,50,0,Sunny
3506,2024-01-20,16:00,Outer Ring Road,South Zone,510,220,53,107,130,59.0,Medium,33,0,Sunny
2718,2024-01-20,17:00,MG Road,South Zone,1087,582,116,275,114,40.0,High,84,0,Sunny
2706,2024-01-20,19:00,Station Road,East Zone,1343,691,108,361,183,38.8,High,66,0,Cloudy
2426,2024-01-20,23:00,Airport Road,Downtown,1173,673,106,337,57,29.4,High,70,0,Sunny
3205,2024-01-21,06:00,Airport Road,North Zone,760,357,69,215,119,52.9,Medium,48,0,Sunny
45,2024-01-21,07:00,Lake View Road,North Zone,1496,905,106,405,80,30.0,High,83,0,Sunny
2151,2024-01-21,08:00,MG Road,East Zone,1100,607,89,307,97,46.3,High,59,0,Cloudy
7,2024-01-21,08:00,Market Road,East Zone,1160,626,97,329,108,33.1,High,55,0,Foggy
3462,2024-01-21,09:00,IT Corridor,North Zone,1618,810,163,334,311,21.8,High,75,0,Rainy
3649,2024-01-21,09:00,Market Road,North Zone,1046,463,81,225,277,37.2,High,68,0,Rainy
2517,2024-01-21,10:00,NH-44,West Zone,1146,645,89,296,116,36.1,High,59,0,Cloudy
3788,2024-01-21,11:00,Market Road,North Zone,922,420,106,192,204,43.3,High,59,0,Sunny
3092,2024-01-21,13:00,Market Road,West Zone,975,540,114,228,93,45.9,High,62,0,Cloudy
2867,2024-01-21,14:00,IT Corridor,South Zone,616,310,52,115,139,45.6,High,55,0,Sunny
3015,2024-01-21,15:00,Outer Ring Road,East Zone,863,408,94,196,165,43.4,High,71,0,Sunny
3741,2024-01-21,17:00,Airport Road,Downtown,1614,989,176,401,48,21.7,High,86,0,Cloudy
1943,2024-01-21,18:00,IT Corridor,South Zone,1493,802,142,327,222,30.8,High,81,0,Cloudy
2884,2024-01-21,23:00,Airport Road,South Zone,383,199,28,106,50,49.2,Medium,56,0,Foggy
1745,2024-01-21,23:00,Ring Road,West Zone,434,240,45,107,42,54.6,Medium,27,0,Sunny
849,2024-01-22,02:00,NH-44,North Zone,833,457,60,227,89,49.9,Medium,55,0,Cloudy
2647,2024-01-22,08:00,Station Road,Downtown,1838,926,220,408,284,14.1,High,72,0,Foggy
1869,2024-01-22,09:00,Ring Road,West Zone,1805,793,168,494,350,19.6,High,71,0,Cloudy
3557,2024-01-22,10:00,Outer Ring Road,Downtown,1468,834,123,362,149,24.8,High,78,0,Sunny
26,2024-01-22,11:00,MG Road,South Zone,471,261,55,97,58,56.5,Medium,42,0,Cloudy
309,2024-01-22,13:00,Market Road,West Zone,666,368,67,190,41,54.5,Medium,46,0,Sunny
3671,2024-01-22,14:00,Market Road,Downtown,1229,759,92,290,88,40.1,High,75,0,Cloudy
2919,2024-01-22,15:00,IT Corridor,South Zone,771,425,67,187,92,50.3,High,62,0,Rainy
1707,2024-01-22,16:00,Green Park Rd,East Zone,654,332,48,189,85,45.3,High,88,0,Sunny
1739,2024-01-22,20:00,IT Corridor,Downtown,1484,791,107,375,211,36.4,High,62,0,Sunny
1065,2024-01-23,08:00,Lake View Road,East Zone,1693,1024,185,408,76,25.0,High,76,0,Cloudy
3729,2024-01-23,09:00,IT Corridor,North Zone,1353,720,132,270,231,32.8,High,63,0,Cloudy
484,2024-01-23,11:00,Green Park Rd,West Zone,831,484,59,232,56,46.2,High,49,1,Rainy
749,2024-01-23,12:00,Ring Road,South Zone,816,436,61,207,112,48.3,High,70,0,Cloudy
1662,2024-01-23,12:00,Ring Road,South Zone,914,525,100,262,27,38.4,High,66,0,Rainy
2668,2024-01-23,13:00,Green Park Rd,Downtown,924,542,93,257,32,37.3,High,66,0,Sunny
3605,2024-01-23,14:00,MG Road,West Zone,875,415,90,241,129,48.2,High,44,0,Rainy
3658,2024-01-23,17:00,Outer Ring Road,Downtown,1611,998,189,365,59,28.0,High,75,0,Sunny
1132,2024-01-23,17:00,Outer Ring Road,South Zone,1309,608,104,267,330,32.3,High,80,0,Rainy
3378,2024-01-23,18:00,Market Road,Downtown,1859,868,183,465,343,20.1,High,90,0,Sunny
3734,2024-01-24,07:00,Airport Road,North Zone,998,511,117,297,73,45.0,High,52,0,Sunny
1915,2024-01-24,07:00,Airport Road,West Zone,1209,558,125,285,241,31.2,High,71,0,Sunny
1777,2024-01-24,08:00,IT Corridor,West Zone,1202,693,122,239,148,37.1,High,69,0,Sunny
2745,2024-01-24,17:00,Ring Road,East Zone,914,522,94,213,85,44.6,Medium,55,0,Cloudy
3818,2024-01-24,17:00,Airport Road,West Zone,1625,853,142,346,284,20.4,High,71,0,Sunny
2719,2024-01-24,18:00,NH-44,Downtown,1388,653,118,341,276,22.3,High,84,0,Rainy
2411,2024-01-25,04:00,Ring Road,North Zone,646,396,46,144,60,42.4,High,57,0,Cloudy
3896,2024-01-25,06:00,Outer Ring Road,North Zone,799,346,94,198,161,46.2,High,62,0,Rainy
2414,2024-01-25,07:00,Lake View Road,East Zone,1785,782,185,324,494,16.9,High,75,0,Rainy
3027,2024-01-25,07:00,Ring Road,South Zone,930,446,80,182,222,39.2,High,56,0,Foggy
3588,2024-01-25,08:00,Airport Road,East Zone,1973,898,192,454,429,19.0,High,88,0,Cloudy
2398,2024-01-25,10:00,MG Road,Downtown,1637,709,148,319,461,23.1,High,66,0,Sunny
1604,2024-01-25,10:00,Airport Road,West Zone,1809,785,163,475,386,20.2,High,76,0,Rainy
1418,2024-01-25,11:00,Market Road,North Zone,652,379,73,170,30,50.8,Medium,45,0,Sunny
1193,2024-01-25,12:00,Market Road,North Zone,879,385,86,198,210,44.6,High,70,0,Rainy
1448,2024-01-25,12:00,Outer Ring Road,North Zone,684,383,53,180,68,45.8,High,52,0,Sunny
921,2024-01-25,13:00,NH-44,Downtown,816,418,61,195,142,46.4,High,69,0,Cloudy
1180,2024-01-25,14:00,Airport Road,Downtown,1201,638,93,266,204,33.9,High,81,0,Sunny
1879,2024-01-25,14:00,Outer Ring Road,South Zone,518,288,58,127,45,50.5,High,50,0,Sunny
582,2024-01-25,19:00,Market Road,Downtown,1815,999,204,376,236,21.0,High,82,0,Sunny
917,2024-01-25,22:00,Lake View Road,South Zone,642,374,56,140,72,50.5,Medium,54,0,Foggy
875,2024-01-26,01:00,MG Road,Downtown,810,390,81,238,101,41.9,High,63,0,Sunny
980,2024-01-26,02:00,Green Park Rd,North Zone,815,351,61,215,188,46.5,High,52,0,Sunny
1725,2024-01-26,06:00,IT Corridor,East Zone,792,491,82,182,37,47.2,High,55,0,Sunny
2067,2024-01-26,13:00,Market Road,South Zone,710,407,74,180,49,51.9,Medium,44,0,Sunny
3201,2024-01-26,18:00,Green Park Rd,East Zone,1741,878,141,491,231,19.6,High,74,0,Rainy
2957,2024-01-26,18:00,Market Road,East Zone,1041,541,117,203,180,36.8,High,77,0,Cloudy
1454,2024-01-26,19:00,Ring Road,West Zone,1281,631,101,310,239,29.0,High,71,0,Cloudy
3895,2024-01-26,20:00,MG Road,Downtown,1625,799,187,372,267,25.0,High,72,0,Cloudy
377,2024-01-26,20:00,NH-44,West Zone,1591,910,171,319,191,22.3,High,85,0,Rainy
2208,2024-01-26,22:00,Outer Ring Road,East Zone,633,354,72,155,52,50.6,High,51,0,Foggy
1356,2024-01-27,07:00,IT Corridor,Downtown,1362,841,97,351,73,36.9,High,69,0,Sunny
1763,2024-01-27,08:00,Market Road,East Zone,1903,1124,214,395,170,15.0,High,78,0,Rainy
3639,2024-01-27,10:00,MG Road,West Zone,1309,648,102,239,320,23.3,High,60,1,Foggy
1740,2024-01-27,13:00,Outer Ring Road,Downtown,809,358,80,226,145,47.5,High,51,0,Sunny
2288,2024-01-27,15:00,Station Road,West Zone,666,344,64,197,61,50.4,High,62,1,Sunny
2169,2024-01-27,19:00,MG Road,Downtown,1289,608,125,260,296,41.9,High,62,0,Sunny
318,2024-01-27,21:00,NH-44,West Zone,734,371,84,216,63,42.6,High,67,0,Foggy
1771,2024-01-27,22:00,NH-44,South Zone,555,272,62,156,65,53.3,High,57,0,Sunny
3750,2024-01-28,07:00,Outer Ring Road,Downtown,1156,548,127,246,235,43.3,High,67,0,Cloudy
2905,2024-01-28,07:00,Ring Road,West Zone,1414,691,115,290,318,34.3,High,74,0,Cloudy
909,2024-01-28,08:00,Airport Road,Downtown,1677,859,147,367,304,22.8,High,72,0,Sunny
2566,2024-01-28,08:00,Green Park Rd,North Zone,984,486,79,276,143,43.0,High,67,0,Sunny
1969,2024-01-28,09:00,Station Road,Downtown,887,438,63,231,155,43.3,High,71,0,Sunny
3781,2024-01-28,09:00,MG Road,West Zone,1060,536,117,302,105,41.1,High,82,0,Cloudy
110,2024-01-28,11:00,NH-44,Downtown,553,302,61,164,26,50.0,Medium,43,0,Cloudy
3214,2024-01-28,18:00,Market Road,North Zone,1167,636,104,259,168,32.6,High,78,0,Rainy
3887,2024-01-28,18:00,Ring Road,North Zone,1204,663,139,342,60,32.0,High,80,0,Sunny
889,2024-01-28,19:00,NH-44,West Zone,1678,792,139,487,260,27.8,High,80,0,Sunny
3335,2024-01-28,21:00,Station Road,North Zone,645,289,59,149,148,49.9,High,50,0,Sunny
3784,2024-01-28,21:00,IT Corridor,West Zone,530,314,53,107,56,48.0,Medium,46,0,Cloudy
165,2024-01-28,22:00,Lake View Road,West Zone,804,467,90,155,92,53.0,Medium,43,0,Sunny
698,2024-01-28,22:00,Market Road,West Zone,827,395,84,187,161,49.2,High,50,0,Sunny
1596,2024-01-29,05:00,MG Road,West Zone,738,365,53,188,132,56.0,High,51,0,Sunny
2528,2024-01-29,06:00,MG Road,South Zone,434,216,42,103,73,47.1,Medium,42,0,Foggy
1155,2024-01-29,12:00,Lake View Road,East Zone,926,553,88,190,95,43.5,High,44,0,Cloudy
1509,2024-01-29,14:00,Green Park Rd,North Zone,766,442,84,209,31,52.8,High,51,0,Sunny
3819,2024-01-29,14:00,MG Road,North Zone,745,412,69,215,49,40.7,Medium,38,0,Cloudy
1720,2024-01-29,15:00,Airport Road,Downtown,1165,514,120,295,236,38.2,High,64,0,Cloudy
616,2024-01-29,16:00,NH-44,East Zone,1084,660,78,200,146,43.3,High,64,0,Sunny
2652,2024-01-29,18:00,Lake View Road,Downtown,1486,725,165,438,158,36.9,High,89,0,Cloudy
1379,2024-01-29,18:00,Market Road,Downtown,1796,1037,156,524,79,12.0,High,86,0,Rainy
1334,2024-01-29,18:00,Green Park Rd,North Zone,1022,475,78,193,276,38.8,High,69,0,Rainy
150,2024-01-29,19:00,Lake View Road,West Zone,1304,786,96,384,38,25.1,High,75,0,Rainy
3427,2024-01-30,06:00,NH-44,East Zone,773,422,91,218,42,47.9,High,25,0,Sunny
3367,2024-01-30,08:00,Lake View Road,North Zone,1609,792,173,401,243,20.1,High,80,0,Rainy
3583,2024-01-30,10:00,Airport Road,East Zone,1477,726,107,368,276,28.9,High,63,0,Sunny
2759,2024-01-30,17:00,Green Park Rd,North Zone,705,435,64,137,69,51.8,High,46,0,Sunny
2669,2024-01-30,18:00,Lake View Road,North Zone,1245,707,124,373,41,33.2,High,72,0,Cloudy
804,2024-01-30,18:00,Market Road,South Zone,1140,568,123,227,222,41.5,High,68,0,Cloudy
2329,2024-01-30,18:00,NH-44,West Zone,1176,666,101,330,79,32.4,High,70,0,Sunny
3672,2024-01-30,21:00,Station Road,East Zone,921,408,101,195,217,48.3,High,69,0,Cloudy
3119,2024-01-30,23:00,NH-44,South Zone,642,303,57,166,116,55.8,High,52,0,Sunny
2424,2024-01-31,03:00,NH-44,West Zone,907,432,72,218,185,40.7,High,67,0,Rainy
3408,2024-01-31,08:00,Ring Road,East Zone,1466,669,173,406,218,27.0,High,67,0,Cloudy
2838,2024-01-31,08:00,Market Road,West Zone,1480,898,128,355,99,28.3,High,68,0,Sunny
3763,2024-01-31,09:00,Station Road,West Zone,1232,619,144,341,128,39.2,High,71,0,Sunny
1661,2024-01-31,14:00,Station Road,South Zone,657,358,66,143,90,46.2,Medium,45,0,Sunny
3655,2024-01-31,18:00,IT Corridor,South Zone,953,461,73,201,218,37.9,High,58,0,Rainy
962,2024-01-31,19:00,Lake View Road,North Zone,1269,676,152,241,200,32.8,High,72,0,Sunny
2624,2024-02-01,02:00,Market Road,Downtown,1325,610,133,285,297,39.3,High,53,0,Cloudy
3007,2024-02-01,13:00,Ring Road,West Zone,1054,566,101,266,121,40.3,High,74,0,Rainy
1223,2024-02-01,18:00,Outer Ring Road,East Zone,1621,965,146,431,79,28.6,High,74,0,Sunny
2939,2024-02-01,18:00,Ring Road,West Zone,1095,611,131,201,152,41.3,High,68,0,Sunny
1806,2024-02-01,19:00,Green Park Rd,South Zone,951,517,87,203,144,40.3,High,77,0,Rainy
3659,2024-02-01,22:00,MG Road,West Zone,971,513,74,189,195,47.9,High,78,0,Sunny
307,2024-02-02,08:00,Ring Road,Downtown,2049,908,197,468,476,12.0,High,86,0,Sunny
3845,2024-02-02,09:00,Lake View Road,West Zone,1089,611,108,321,49,46.5,High,59,0,Sunny
115,2024-02-02,11:00,Airport Road,East Zone,862,374,69,183,236,33.9,High,69,0,Rainy
1721,2024-02-02,16:00,MG Road,Downtown,910,475,81,216,138,35.4,High,80,0,Foggy
509,2024-02-02,16:00,Outer Ring Road,South Zone,505,277,43,99,86,53.7,Medium,55,0,Sunny
930,2024-02-03,00:00,Market Road,West Zone,886,462,70,174,180,36.8,High,67,0,Cloudy
857,2024-02-03,04:00,Lake View Road,East Zone,910,535,68,246,61,34.6,High,55,0,Rainy
1347,2024-02-03,06:00,Green Park Rd,South Zone,545,299,62,114,70,52.2,Medium,47,0,Sunny
817,2024-02-03,07:00,Market Road,Downtown,1394,857,146,286,105,36.4,High,90,0,Sunny
2507,2024-02-03,09:00,IT Corridor,West Zone,1288,716,142,288,142,33.8,High,69,0,Sunny
3055,2024-02-03,16:00,NH-44,East Zone,743,378,80,190,95,47.5,High,67,0,Sunny
764,2024-02-03,18:00,MG Road,North Zone,1351,784,133,385,49,32.9,High,69,0,Cloudy
1499,2024-02-03,20:00,Lake View Road,North Zone,1063,526,108,228,201,42.2,High,85,0,Rainy
2810,2024-02-04,04:00,NH-44,West Zone,414,210,40,85,79,57.0,Medium,40,0,Sunny
1030,2024-02-04,07:00,Station Road,Downtown,1717,814,149,348,406,19.1,High,77,0,Rainy
710,2024-02-04,07:00,MG Road,East Zone,1588,883,178,304,223,26.2,High,79,0,Cloudy
1906,2024-02-04,10:00,NH-44,East Zone,1619,961,132,350,176,16.5,High,65,0,Rainy
3117,2024-02-04,10:00,IT Corridor,South Zone,713,409,74,146,84,48.0,High,55,0,Cloudy
3601,2024-02-04,12:00,Green Park Rd,North Zone,851,522,94,209,26,42.2,High,67,1,Cloudy
59,2024-02-04,12:00,Airport Road,West Zone,634,280,51,172,131,54.8,High,38,1,Sunny
328,2024-02-04,16:00,Station Road,Downtown,788,342,64,167,215,50.5,High,59,0,Sunny
3571,2024-02-04,16:00,Outer Ring Road,North Zone,435,197,38,120,80,52.1,High,61,0,Rainy
525,2024-02-04,17:00,Airport Road,North Zone,1168,641,126,339,62,37.8,High,75,0,Rainy
2018,2024-02-04,17:00,Green Park Rd,South Zone,1590,885,187,398,120,17.7,High,78,0,Rainy
3434,2024-02-04,18:00,Market Road,South Zone,1212,649,100,221,242,36.1,High,72,0,Cloudy
3175,2024-02-04,19:00,Green Park Rd,Downtown,1667,996,128,416,127,24.3,High,73,0,Sunny
3188,2024-02-04,20:00,Ring Road,Downtown,1649,806,149,368,326,20.8,High,71,0,Rainy
124,2024-02-04,21:00,Outer Ring Road,South Zone,622,321,67,119,115,56.1,High,53,0,Sunny
2273,2024-02-05,05:00,Lake View Road,North Zone,596,303,57,167,69,42.5,High,46,0,Rainy
1289,2024-02-05,07:00,Airport Road,East Zone,1466,896,130,361,79,19.5,High,83,0,Foggy
2841,2024-02-05,07:00,NH-44,South Zone,1133,687,100,216,130,48.8,High,53,0,Sunny
547,2024-02-05,09:00,Green Park Rd,East Zone,830,374,59,229,168,40.0,High,65,0,Rainy
2314,2024-02-05,10:00,Ring Road,East Zone,1169,709,101,271,88,39.1,High,69,0,Foggy
2195,2024-02-05,12:00,Station Road,North Zone,850,415,88,250,97,47.6,High,60,0,Cloudy
1400,2024-02-05,16:00,IT Corridor,South Zone,520,246,44,95,135,55.1,High,56,0,Sunny
151,2024-02-05,17:00,MG Road,South Zone,1015,502,91,219,203,41.1,High,74,0,Foggy
383,2024-02-05,20:00,Outer Ring Road,East Zone,1065,473,120,224,248,41.0,High,76,0,Cloudy
965,2024-02-05,20:00,Market Road,North Zone,1310,802,106,362,40,27.3,High,80,0,Foggy
1613,2024-02-06,06:00,MG Road,Downtown,763,341,57,180,185,41.6,High,64,0,Cloudy
1696,2024-02-06,07:00,IT Corridor,South Zone,892,482,90,259,61,47.2,High,58,0,Sunny
268,2024-02-06,08:00,NH-44,North Zone,1380,769,130,297,184,30.9,High,67,0,Foggy
553,2024-02-06,09:00,Lake View Road,Downtown,2225,1141,220,505,359,12.0,High,64,0,Sunny
1898,2024-02-06,09:00,Station Road,Downtown,1981,1068,227,478,208,15.3,High,79,0,Rainy
339,2024-02-06,12:00,IT Corridor,East Zone,750,352,68,198,132,52.9,High,56,0,Sunny
3430,2024-02-06,18:00,Market Road,East Zone,903,525,79,181,118,35.9,High,68,0,Foggy
3591,2024-02-06,20:00,MG Road,North Zone,989,519,104,207,159,45.3,High,58,0,Sunny
3589,2024-02-06,20:00,Ring Road,West Zone,1333,782,114,268,169,35.2,High,69,0,Rainy
3267,2024-02-06,22:00,IT Corridor,West Zone,524,289,50,103,82,48.0,Medium,44,0,Foggy
998,2024-02-07,08:00,Green Park Rd,East Zone,1382,838,148,268,128,38.8,High,76,0,Cloudy
1129,2024-02-07,11:00,IT Corridor,North Zone,916,484,87,264,81,48.4,Medium,36,0,Rainy
1086,2024-02-07,12:00,Airport Road,West Zone,731,428,69,147,87,49.1,High,41,0,Cloudy
1020,2024-02-07,13:00,MG Road,South Zone,523,306,49,97,71,49.7,High,49,0,Rainy
2349,2024-02-07,13:00,MG Road,West Zone,978,513,100,224,141,34.9,High,51,1,Sunny
1608,2024-02-07,16:00,Outer Ring Road,Downtown,859,426,84,177,172,39.8,High,61,0,Sunny
312,2024-02-07,17:00,IT Corridor,North Zone,1531,676,141,277,437,33.1,High,68,0,Sunny
2727,2024-02-07,17:00,Outer Ring Road,South Zone,691,307,78,133,173,41.5,High,57,0,Foggy
3112,2024-02-07,18:00,Outer Ring Road,West Zone,1591,872,171,290,258,26.3,High,70,0,Cloudy
2575,2024-02-07,19:00,Ring Road,South Zone,1344,615,157,345,227,23.7,High,61,0,Sunny
3207,2024-02-07,19:00,Green Park Rd,West Zone,1198,711,118,246,123,37.4,High,72,0,Sunny
587,2024-02-08,06:00,Station Road,Downtown,927,440,107,204,176,43.5,High,66,0,Sunny
1666,2024-02-08,07:00,NH-44,Downtown,1919,1064,198,416,241,29.9,High,79,0,Sunny
2627,2024-02-08,08:00,Airport Road,West Zone,1369,682,98,325,264,33.3,High,85,0,Sunny
2189,2024-02-08,10:00,NH-44,North Zone,1319,591,98,270,360,30.0,High,88,0,Sunny
3995,2024-02-08,10:00,Green Park Rd,South Zone,1499,925,107,282,185,29.4,High,75,0,Cloudy
478,2024-02-08,11:00,MG Road,North Zone,849,511,97,179,62,42.8,High,71,0,Rainy
768,2024-02-08,11:00,MG Road,South Zone,488,218,53,102,115,48.6,Medium,47,0,Foggy
639,2024-02-08,11:00,Outer Ring Road,West Zone,751,354,60,180,157,48.3,High,52,0,Sunny
1730,2024-02-08,12:00,Green Park Rd,West Zone,918,484,106,186,142,46.4,High,56,0,Sunny
3334,2024-02-08,16:00,Lake View Road,Downtown,950,550,74,244,82,40.1,High,71,0,Sunny
1074,2024-02-08,16:00,Station Road,South Zone,751,361,58,214,118,52.1,High,69,0,Sunny
3098,2024-02-08,17:00,MG Road,Downtown,2251,1058,194,560,439,12.0,High,81,0,Rainy
250,2024-02-08,17:00,Station Road,Downtown,1301,566,93,299,343,29.7,High,62,0,Foggy
1488,2024-02-08,18:00,Lake View Road,East Zone,847,481,85,184,97,39.2,High,67,0,Foggy
3277,2024-02-08,18:00,Lake View Road,South Zone,1513,905,108,452,48,27.3,High,58,0,Cloudy
2038,2024-02-08,18:00,IT Corridor,West Zone,1152,710,115,236,91,37.9,High,80,0,Foggy
374,2024-02-08,19:00,Ring Road,North Zone,702,435,63,129,75,45.7,High,43,0,Cloudy
1419,2024-02-08,20:00,NH-44,Downtown,2300,1406,273,504,117,12.0,High,68,0,Rainy
1507,2024-02-08,21:00,MG Road,Downtown,1260,550,137,322,251,36.4,High,68,0,Sunny
911,2024-02-08,21:00,IT Corridor,West Zone,1096,500,128,303,165,41.0,High,72,0,Sunny
1942,2024-02-09,00:00,Outer Ring Road,West Zone,819,369,83,164,203,49.1,High,59,0,Foggy
1603,2024-02-09,01:00,Station Road,West Zone,748,426,54,153,115,44.9,High,67,0,Sunny
1628,2024-02-09,08:00,MG Road,South Zone,635,365,48,184,38,52.0,Medium,43,0,Sunny
2458,2024-02-09,09:00,MG Road,South Zone,1240,698,133,348,61,40.8,High,76,0,Cloudy
1630,2024-02-09,12:00,MG Road,Downtown,679,393,60,144,82,45.3,High,50,0,Foggy
2995,2024-02-09,12:00,Market Road,Downtown,1239,699,132,307,101,41.3,High,59,0,Sunny
963,2024-02-09,15:00,Green Park Rd,Downtown,1138,543,99,311,185,32.1,High,63,0,Sunny
1324,2024-02-09,17:00,MG Road,West Zone,1395,720,120,314,241,34.4,High,70,0,Sunny
1619,2024-02-09,21:00,Market Road,South Zone,473,255,53,137,28,55.2,Medium,36,0,Sunny
91,2024-02-10,04:00,Station Road,East Zone,846,376,85,213,172,42.5,High,64,0,Foggy
1816,2024-02-10,07:00,Lake View Road,Downtown,1235,703,109,370,53,39.3,High,53,0,Sunny
3056,2024-02-10,08:00,Ring Road,South Zone,771,418,63,143,147,49.7,Medium,40,0,Cloudy
109,2024-02-10,08:00,Airport Road,West Zone,1797,981,212,405,199,23.5,High,66,0,Sunny
3269,2024-02-10,09:00,IT Corridor,South Zone,549,248,47,119,135,45.9,High,35,0,Foggy
3751,2024-02-10,11:00,Green Park Rd,North Zone,943,516,67,241,119,37.6,High,72,0,Rainy
1957,2024-02-10,12:00,Lake View Road,East Zone,1029,527,83,264,155,37.6,High,75,0,Rainy
3276,2024-02-10,12:00,NH-44,East Zone,804,427,64,227,86,48.2,High,72,0,Cloudy
3322,2024-02-10,12:00,Green Park Rd,North Zone,652,298,72,165,117,49.8,High,44,0,Sunny
1346,2024-02-10,14:00,Green Park Rd,West Zone,663,408,72,130,53,54.6,High,41,0,Sunny
1854,2024-02-10,17:00,Lake View Road,South Zone,922,487,80,182,173,33.8,High,51,0,Foggy
3376,2024-02-10,17:00,MG Road,South Zone,1340,704,129,357,150,23.0,High,78,0,Rainy
3158,2024-02-10,19:00,Station Road,East Zone,1268,739,139,353,37,37.3,High,70,0,Sunny
701,2024-02-10,21:00,Station Road,West Zone,1136,532,91,225,288,41.0,High,77,0,Cloudy
2518,2024-02-11,06:00,Market Road,South Zone,442,202,43,82,115,61.5,Medium,50,0,Sunny
2963,2024-02-11,07:00,NH-44,Downtown,1608,860,153,341,254,21.5,High,67,0,Cloudy
2985,2024-02-11,07:00,Lake View Road,West Zone,847,509,71,189,78,40.7,High,60,0,Rainy
2269,2024-02-11,08:00,Airport Road,West Zone,1431,698,155,369,209,22.5,High,74,0,Foggy
2516,2024-02-11,09:00,Market Road,East Zone,1501,866,168,361,106,23.3,High,77,0,Cloudy
3456,2024-02-11,10:00,Ring Road,East Zone,1762,971,147,422,222,31.4,High,84,0,Rainy
1079,2024-02-11,12:00,Market Road,South Zone,586,297,53,107,129,53.8,Medium,30,0,Sunny
2258,2024-02-11,14:00,Lake View Road,South Zone,826,496,58,228,44,42.6,High,88,0,Sunny
1417,2024-02-11,15:00,Outer Ring Road,South Zone,686,394,77,188,27,53.2,Medium,55,0,Cloudy
2377,2024-02-11,17:00,Airport Road,North Zone,1006,563,104,246,93,40.0,High,68,0,Rainy
137,2024-02-11,17:00,Market Road,North Zone,1833,1057,169,490,117,12.0,High,81,0,Rainy
1054,2024-02-11,17:00,Ring Road,West Zone,1248,763,139,309,37,21.5,High,89,0,Rainy
590,2024-02-11,18:00,Ring Road,South Zone,1035,622,110,235,68,41.1,High,45,0,Sunny
935,2024-02-11,20:00,NH-44,North Zone,974,586,101,185,102,43.6,High,58,0,Cloudy
1344,2024-02-11,22:00,MG Road,East Zone,665,290,61,176,138,50.3,High,64,0,Sunny
823,2024-02-12,03:00,Market Road,Downtown,845,405,63,208,169,49.7,High,56,0,Sunny
2906,2024-02-12,06:00,Lake View Road,North Zone,910,531,64,174,141,42.6,High,74,0,Sunny
3854,2024-02-12,07:00,IT Corridor,Downtown,1659,772,153,486,248,25.3,High,63,0,Sunny
3253,2024-02-12,10:00,Green Park Rd,South Zone,1496,815,168,338,175,26.0,High,76,0,Sunny
2553,2024-02-12,11:00,Ring Road,South Zone,546,309,38,156,43,51.0,High,64,0,Foggy
2146,2024-02-12,15:00,MG Road,South Zone,502,266,46,91,99,55.6,Medium,40,0,Cloudy
2431,2024-02-12,16:00,Lake View Road,Downtown,824,455,73,164,132,48.7,High,65,0,Sunny
517,2024-02-12,18:00,Outer Ring Road,West Zone,1501,672,169,411,249,28.5,High,62,0,Rainy
3799,2024-02-13,02:00,Ring Road,West Zone,767,348,90,156,173,41.5,High,46,0,Foggy
2658,2024-02-13,05:00,Green Park Rd,East Zone,891,404,88,169,230,43.7,High,54,1,Rainy
518,2024-02-13,07:00,MG Road,East Zone,1288,734,112,293,149,38.5,High,65,0,Cloudy
167,2024-02-13,08:00,Lake View Road,Downtown,2087,1162,195,525,205,12.3,High,91,0,Cloudy
2857,2024-02-13,09:00,Airport Road,Downtown,1824,1000,199,375,250,17.0,High,74,0,Foggy
2961,2024-02-13,11:00,Ring Road,South Zone,540,259,63,139,79,49.9,High,60,0,Foggy
1430,2024-02-13,12:00,Airport Road,North Zone,1110,665,85,310,50,40.0,High,58,0,Cloudy
658,2024-02-13,16:00,Green Park Rd,North Zone,924,559,97,241,27,45.1,High,65,0,Sunny
2004,2024-02-13,20:00,IT Corridor,South Zone,1285,658,107,381,139,30.4,High,72,0,Sunny
71,2024-02-13,21:00,MG Road,North Zone,607,364,48,177,18,58.1,Medium,40,0,Sunny
161,2024-02-14,01:00,Market Road,South Zone,573,320,45,137,71,51.1,High,79,0,Sunny
1658,2024-02-14,08:00,MG Road,East Zone,1040,609,81,290,60,35.8,High,60,0,Foggy
3284,2024-02-14,08:00,IT Corridor,North Zone,1044,570,119,214,141,40.0,High,73,0,Cloudy
3415,2024-02-14,11:00,MG Road,East Zone,656,323,65,145,123,51.7,Medium,49,0,Sunny
1647,2024-02-14,14:00,NH-44,South Zone,729,435,79,172,43,43.7,High,73,0,Sunny
3864,2024-02-14,15:00,Market Road,East Zone,823,448,82,227,66,44.1,High,55,0,Cloudy
3617,2024-02-14,21:00,Lake View Road,West Zone,669,380,59,121,109,54.8,High,67,0,Sunny
709,2024-02-15,06:00,NH-44,Downtown,1169,661,86,325,97,31.5,High,74,0,Rainy
856,2024-02-15,08:00,Station Road,South Zone,1282,741,114,370,57,35.1,High,62,0,Sunny
1676,2024-02-15,09:00,IT Corridor,North Zone,1192,731,104,270,87,31.7,High,68,0,Cloudy
1369,2024-02-15,10:00,Airport Road,South Zone,1067,469,87,282,229,43.0,High,66,0,Cloudy
1779,2024-02-15,10:00,Ring Road,South Zone,1361,719,108,290,244,33.1,High,77,0,Sunny
3803,2024-02-15,11:00,Market Road,Downtown,468,259,36,104,69,45.7,High,71,0,Foggy
335,2024-02-15,13:00,Airport Road,West Zone,710,375,64,145,126,52.5,High,46,0,Sunny
3507,2024-02-15,14:00,MG Road,South Zone,806,444,61,147,154,45.6,High,40,0,Rainy
3111,2024-02-15,18:00,Lake View Road,North Zone,1200,596,119,242,243,23.2,High,89,0,Sunny
3283,2024-02-15,19:00,Airport Road,West Zone,1513,687,180,320,326,28.7,High,77,0,Sunny
1818,2024-02-15,19:00,MG Road,West Zone,1579,761,118,319,381,21.1,High,74,0,Foggy
3931,2024-02-15,23:00,IT Corridor,North Zone,882,380,99,175,228,42.6,High,52,0,Cloudy
1111,2024-02-16,01:00,Ring Road,North Zone,827,372,97,225,133,47.0,High,61,0,Cloudy
674,2024-02-16,02:00,Green Park Rd,Downtown,912,509,108,168,127,43.0,High,66,0,Sunny
2202,2024-02-16,03:00,NH-44,Downtown,887,540,81,215,51,40.0,High,53,0,Rainy
2788,2024-02-16,07:00,Ring Road,North Zone,1501,917,145,362,77,28.2,High,72,0,Sunny
2786,2024-02-16,09:00,Station Road,North Zone,990,432,117,246,195,41.8,High,60,0,Cloudy
3499,2024-02-16,09:00,NH-44,West Zone,1791,1012,131,362,286,12.0,High,80,0,Foggy
993,2024-02-16,10:00,Airport Road,Downtown,1585,698,177,417,293,23.0,High,75,1,Foggy
3912,2024-02-16,10:00,Outer Ring Road,North Zone,1005,443,79,186,297,36.6,High,60,0,Rainy
472,2024-02-16,11:00,Ring Road,East Zone,1012,613,117,220,62,47.0,High,73,0,Sunny
3394,2024-02-16,12:00,Outer Ring Road,North Zone,718,321,77,141,179,46.2,High,65,0,Rainy
1569,2024-02-16,15:00,Station Road,Downtown,1102,546,81,208,267,39.7,High,71,0,Cloudy
3077,2024-02-16,16:00,Airport Road,East Zone,809,404,69,155,181,48.0,Medium,41,0,Sunny
2981,2024-02-16,18:00,Ring Road,East Zone,1028,507,123,261,137,41.8,High,72,0,Cloudy
864,2024-02-16,19:00,Outer Ring Road,South Zone,1282,653,128,320,181,32.2,High,74,0,Sunny
3197,2024-02-16,19:00,Green Park Rd,West Zone,2213,1036,168,551,458,12.0,High,70,0,Rainy
1455,2024-02-16,21:00,Green Park Rd,East Zone,572,312,58,133,69,55.9,Medium,48,0,Sunny
423,2024-02-16,22:00,MG Road,South Zone,741,413,59,192,77,47.6,High,65,0,Cloudy
3538,2024-02-17,02:00,Ring Road,South Zone,697,358,53,131,155,42.2,High,58,0,Cloudy
3381,2024-02-17,07:00,MG Road,East Zone,1194,650,130,343,71,40.5,High,71,0,Sunny
116,2024-02-17,16:00,NH-44,North Zone,927,448,66,170,243,44.4,High,75,0,Cloudy
454,2024-02-17,16:00,Airport Road,South Zone,503,255,52,131,65,53.3,Medium,37,0,Rainy
3962,2024-02-17,18:00,Station Road,South Zone,1006,467,100,190,249,38.5,High,58,0,Sunny
872,2024-02-17,21:00,Lake View Road,West Zone,1125,582,87,324,132,48.1,High,82,0,Sunny
2527,2024-02-17,21:00,Ring Road,West Zone,793,341,91,207,154,47.2,High,68,0,Cloudy
2815,2024-02-18,06:00,Airport Road,North Zone,578,310,41,170,57,54.2,Medium,48,0,Rainy
2938,2024-02-18,06:00,Airport Road,North Zone,831,482,90,235,24,46.9,High,71,0,Cloudy
3355,2024-02-18,07:00,NH-44,South Zone,1260,706,145,266,143,22.5,High,86,1,Rainy
2236,2024-02-18,08:00,Airport Road,North Zone,904,439,79,179,207,40.4,High,59,0,Sunny
1204,2024-02-18,09:00,Market Road,South Zone,979,580,89,281,29,40.1,High,77,0,Rainy
330,2024-02-18,09:00,Airport Road,West Zone,1682,794,154,469,265,18.0,High,77,0,Foggy
3905,2024-02-18,09:00,Lake View Road,West Zone,1604,892,145,436,131,20.4,High,74,0,Rainy
2376,2024-02-18,10:00,Airport Road,South Zone,1027,463,112,231,221,40.5,High,87,0,Rainy
1215,2024-02-18,11:00,Green Park Rd,Downtown,525,249,42,155,79,59.6,High,61,0,Cloudy
2584,2024-02-18,11:00,Ring Road,South Zone,590,335,59,145,51,56.1,High,57,0,Sunny
2284,2024-02-18,12:00,Green Park Rd,West Zone,1247,653,123,246,225,28.3,High,82,0,Rainy
3688,2024-02-18,13:00,Ring Road,North Zone,711,411,78,188,34,52.8,High,54,0,Sunny
3249,2024-02-18,15:00,Ring Road,Downtown,850,411,94,191,154,42.5,High,73,0,Foggy
2218,2024-02-18,15:00,Ring Road,East Zone,732,350,71,176,135,46.1,Medium,50,0,Sunny
30,2024-02-18,16:00,Market Road,East Zone,971,499,93,281,98,49.0,High,52,0,Sunny
3794,2024-02-18,21:00,IT Corridor,Downtown,1221,740,135,247,99,29.0,High,77,0,Rainy
1773,2024-02-19,07:00,Lake View Road,Downtown,1503,703,159,283,358,25.3,High,88,0,Sunny
2655,2024-02-19,11:00,Airport Road,North Zone,917,540,79,235,63,54.8,High,60,0,Sunny
3178,2024-02-19,13:00,Station Road,West Zone,769,408,73,177,111,49.4,High,65,0,Sunny
1922,2024-02-19,14:00,Airport Road,East Zone,825,456,88,185,96,37.4,High,65,0,Rainy
62,2024-02-19,14:00,Outer Ring Road,West Zone,825,496,63,156,110,43.1,High,55,0,Sunny
2294,2024-02-19,18:00,IT Corridor,North Zone,1543,745,160,427,211,29.9,High,71,0,Sunny
2798,2024-02-19,19:00,Market Road,West Zone,981,562,82,180,157,41.8,High,48,0,Sunny
3952,2024-02-19,22:00,MG Road,Downtown,1348,787,106,324,131,29.0,High,79,0,Rainy
2223,2024-02-19,22:00,IT Corridor,South Zone,822,410,86,184,142,50.8,High,63,0,Sunny
396,2024-02-20,07:00,Lake View Road,Downtown,1817,1096,146,430,145,22.9,High,84,0,Sunny
3331,2024-02-20,07:00,Green Park Rd,South Zone,1080,639,118,258,65,42.4,High,63,0,Sunny
37,2024-02-20,08:00,NH-44,Downtown,1491,851,140,438,62,23.5,High,62,0,Rainy
807,2024-02-20,08:00,MG Road,South Zone,1281,554,131,266,330,41.8,High,73,0,Rainy
2160,2024-02-20,09:00,IT Corridor,North Zone,1020,596,92,263,69,39.2,High,66,0,Sunny
843,2024-02-20,14:00,Market Road,East Zone,987,601,81,224,81,48.0,High,68,0,Sunny
2567,2024-02-20,14:00,Ring Road,South Zone,728,420,75,200,33,57.4,Medium,54,0,Sunny
3459,2024-02-20,15:00,Station Road,East Zone,854,502,86,188,78,39.0,High,74,0,Rainy
1154,2024-02-20,16:00,Station Road,North Zone,981,541,102,292,46,37.2,High,54,0,Rainy
1266,2024-02-20,17:00,NH-44,West Zone,1459,749,160,426,124,29.8,High,64,0,Sunny
2808,2024-02-20,19:00,NH-44,South Zone,952,559,92,273,28,39.6,High,54,0,Cloudy
315,2024-02-20,19:00,MG Road,West Zone,1600,988,121,409,82,29.9,High,83,0,Cloudy
3421,2024-02-20,19:00,Station Road,West Zone,1011,553,72,263,123,40.2,High,66,0,Sunny
759,2024-02-20,23:00,MG Road,North Zone,657,346,64,168,79,51.6,Medium,54,0,Cloudy
3907,2024-02-21,05:00,Ring Road,East Zone,654,318,72,156,108,47.1,High,62,0,Sunny
3663,2024-02-21,06:00,Ring Road,East Zone,892,457,105,184,146,45.2,High,75,0,Rainy
198,2024-02-21,09:00,MG Road,North Zone,1196,714,104,321,57,38.9,High,61,0,Cloudy
2508,2024-02-21,12:00,MG Road,South Zone,879,431,87,228,133,37.4,High,78,0,Rainy
2168,2024-02-21,17:00,Outer Ring Road,West Zone,1534,933,167,352,82,20.7,High,63,0,Sunny
1548,2024-02-21,18:00,Ring Road,East Zone,962,468,93,176,225,43.3,High,53,0,Cloudy
143,2024-02-21,19:00,Green Park Rd,South Zone,1193,644,118,283,148,34.9,High,72,0,Sunny
577,2024-02-21,20:00,IT Corridor,Downtown,1913,1099,199,352,263,21.0,High,77,0,Cloudy
3669,2024-02-22,00:00,IT Corridor,East Zone,728,354,69,186,119,52.1,High,50,0,Sunny
414,2024-02-22,06:00,Market Road,East Zone,772,355,57,182,178,39.7,High,59,0,Foggy
86,2024-02-22,07:00,Ring Road,Downtown,1666,791,125,387,363,24.4,High,82,0,Sunny
216,2024-02-22,08:00,MG Road,North Zone,1197,654,114,329,100,37.6,High,61,0,Sunny
3798,2024-02-22,08:00,Outer Ring Road,South Zone,1128,497,106,223,302,41.2,High,61,0,Sunny
1306,2024-02-22,09:00,IT Corridor,West Zone,1530,679,157,328,366,20.4,High,87,0,Rainy
819,2024-02-22,10:00,Green Park Rd,South Zone,1382,642,124,364,252,35.3,High,77,0,Sunny
55,2024-02-22,10:00,Station Road,South Zone,949,496,108,222,123,42.9,High,66,0,Sunny
2080,2024-02-22,11:00,Market Road,South Zone,607,312,49,182,64,49.2,High,61,0,Sunny
3643,2024-02-22,12:00,Market Road,South Zone,777,457,61,146,113,45.3,High,51,0,Cloudy
750,2024-02-22,13:00,Green Park Rd,East Zone,544,240,61,130,113,53.0,High,55,0,Sunny
3801,2024-02-22,18:00,IT Corridor,North Zone,1613,758,130,310,415,37.2,High,70,0,Sunny
583,2024-02-22,19:00,Green Park Rd,South Zone,1136,513,127,306,190,37.3,High,65,0,Sunny
3650,2024-02-22,19:00,MG Road,South Zone,1081,617,78,305,81,40.1,High,69,0,Cloudy
3923,2024-02-23,00:00,IT Corridor,North Zone,429,207,34,127,61,60.4,Medium,50,0,Cloudy
210,2024-02-23,04:00,Ring Road,West Zone,672,380,60,194,38,41.6,High,48,0,Foggy
65,2024-02-23,08:00,NH-44,North Zone,830,385,95,203,147,41.7,High,70,0,Rainy
357,2024-02-23,09:00,NH-44,South Zone,890,451,73,263,103,45.6,High,74,0,Cloudy
278,2024-02-23,12:00,MG Road,North Zone,813,356,77,168,212,43.0,High,56,0,Rainy
3662,2024-02-23,14:00,NH-44,North Zone,853,496,97,218,42,49.5,High,57,0,Sunny
1568,2024-02-23,15:00,Lake View Road,Downtown,1014,606,104,219,85,39.3,High,60,0,Cloudy
1261,2024-02-23,15:00,Ring Road,North Zone,960,530,93,234,103,41.1,High,55,0,Cloudy
680,2024-02-23,17:00,Green Park Rd,West Zone,1454,864,134,413,43,33.7,High,77,0,Sunny
3562,2024-02-23,18:00,Airport Road,West Zone,1204,657,120,218,209,45.8,High,56,0,Sunny
2701,2024-02-23,18:00,Outer Ring Road,West Zone,1111,663,99,228,121,38.6,High,76,0,Sunny
3796,2024-02-23,20:00,IT Corridor,North Zone,1020,582,76,194,168,28.9,High,74,0,Foggy
411,2024-02-23,20:00,IT Corridor,South Zone,1081,526,77,273,205,36.9,High,73,0,Sunny
776,2024-02-23,21:00,Market Road,Downtown,844,507,62,228,47,49.8,High,59,0,Cloudy
2323,2024-02-24,05:00,Outer Ring Road,South Zone,647,284,60,165,138,50.1,High,52,0,Rainy
1884,2024-02-24,07:00,Market Road,North Zone,1649,756,149,399,345,25.2,High,84,0,Cloudy
1169,2024-02-24,08:00,Airport Road,South Zone,1137,584,109,284,160,28.9,High,70,0,Sunny
3638,2024-02-24,12:00,MG Road,Downtown,1041,499,97,273,172,41.8,High,69,0,Cloudy
2980,2024-02-24,14:00,MG Road,South Zone,892,419,69,162,242,43.1,High,61,0,Cloudy
3846,2024-02-24,15:00,Lake View Road,North Zone,777,404,77,154,142,51.1,High,55,0,Cloudy
1392,2024-02-24,16:00,Market Road,Downtown,1284,605,112,236,331,36.9,High,65,0,Sunny
2743,2024-02-24,18:00,Green Park Rd,Downtown,1622,719,157,381,365,25.7,High,68,0,Cloudy
1242,2024-02-24,19:00,Lake View Road,North Zone,1254,628,117,330,179,36.1,High,82,0,Cloudy
1250,2024-02-24,20:00,Green Park Rd,Downtown,1645,829,169,419,228,26.0,High,75,0,Sunny
39,2024-02-24,21:00,Lake View Road,West Zone,551,283,50,107,111,51.8,High,42,0,Sunny
3721,2024-02-25,08:00,MG Road,North Zone,1282,632,114,237,299,28.3,High,70,0,Rainy
2444,2024-02-25,12:00,MG Road,North Zone,650,322,65,134,129,53.2,Medium,54,0,Sunny
886,2024-02-25,16:00,MG Road,South Zone,487,236,57,117,77,56.3,Medium,52,0,Cloudy
868,2024-02-25,18:00,MG Road,North Zone,963,527,87,236,113,45.5,High,68,0,Sunny
1627,2024-02-25,19:00,Airport Road,West Zone,1261,551,106,233,371,28.6,High,78,0,Sunny
3391,2024-02-25,21:00,Outer Ring Road,East Zone,930,474,104,279,73,48.0,High,53,0,Sunny
586,2024-02-26,05:00,Lake View Road,Downtown,1145,703,132,265,45,33.7,High,75,0,Rainy
3911,2024-02-26,06:00,Airport Road,Downtown,1089,602,88,310,89,40.0,High,84,0,Sunny
3574,2024-02-26,09:00,Station Road,Downtown,1701,824,166,417,294,22.9,High,81,0,Cloudy
1434,2024-02-26,16:00,IT Corridor,East Zone,924,430,79,181,234,43.5,High,83,0,Sunny
2730,2024-02-26,16:00,Outer Ring Road,East Zone,857,434,73,178,172,46.2,High,67,0,Sunny
2837,2024-02-26,17:00,Lake View Road,Downtown,1377,733,160,251,233,35.3,High,68,0,Sunny
2921,2024-02-26,17:00,Outer Ring Road,West Zone,1106,503,110,263,230,37.6,High,75,0,Sunny
1724,2024-02-27,06:00,NH-44,South Zone,355,177,39,94,45,56.0,Medium,46,0,Cloudy
358,2024-02-27,07:00,IT Corridor,North Zone,1507,788,151,278,290,28.2,High,72,0,Sunny
446,2024-02-27,08:00,Ring Road,East Zone,1173,692,84,335,62,32.9,High,54,0,Foggy
1752,2024-02-27,09:00,Lake View Road,North Zone,973,511,100,260,102,46.5,High,59,0,Cloudy
646,2024-02-27,09:00,Market Road,South Zone,1005,583,73,230,119,50.1,High,51,0,Sunny
438,2024-02-27,16:00,MG Road,South Zone,412,232,48,93,39,48.9,Medium,39,0,Foggy
404,2024-02-27,18:00,Outer Ring Road,Downtown,2128,1149,173,625,181,12.0,High,72,0,Rainy
657,2024-02-27,18:00,NH-44,North Zone,1140,646,118,295,81,41.9,High,56,0,Sunny
2297,2024-02-27,20:00,Station Road,Downtown,2296,1266,251,478,301,12.0,High,71,0,Cloudy
2955,2024-02-27,20:00,Station Road,Downtown,1940,967,202,352,419,22.6,High,88,0,Rainy
1315,2024-02-28,00:00,MG Road,North Zone,806,417,59,238,92,48.9,High,62,0,Sunny
1641,2024-02-28,04:00,Lake View Road,East Zone,748,415,77,173,83,52.4,High,68,0,Sunny
2021,2024-02-28,06:00,IT Corridor,South Zone,668,368,62,145,93,45.8,High,51,0,Cloudy
1550,2024-02-28,08:00,Green Park Rd,West Zone,954,487,90,220,157,38.5,High,66,0,Sunny
3979,2024-02-28,10:00,Outer Ring Road,North Zone,1097,591,105,250,151,43.0,High,63,0,Sunny
31,2024-02-28,11:00,NH-44,South Zone,700,339,68,204,89,52.1,High,52,0,Sunny
3676,2024-02-28,16:00,IT Corridor,Downtown,1309,770,152,255,132,27.7,High,58,0,Rainy
1902,2024-02-28,16:00,Airport Road,North Zone,914,555,74,212,73,41.0,High,52,1,Sunny
3442,2024-02-28,16:00,MG Road,South Zone,704,328,78,131,167,42.2,High,57,0,Rainy
1642,2024-02-28,17:00,IT Corridor,Downtown,1457,753,109,299,296,33.1,High,82,0,Sunny
1452,2024-02-28,17:00,Airport Road,South Zone,867,429,92,163,183,40.8,High,61,0,Sunny
2932,2024-02-28,17:00,Green Park Rd,South Zone,811,384,70,208,149,47.7,High,46,0,Sunny
3274,2024-02-28,17:00,Station Road,South Zone,1106,640,107,308,51,31.5,High,65,0,Foggy
3866,2024-02-28,17:00,IT Corridor,West Zone,1435,633,124,278,400,31.2,High,80,0,Cloudy
3891,2024-02-28,19:00,IT Corridor,Downtown,1833,851,153,368,461,21.2,High,69,0,Sunny
3022,2024-02-28,20:00,Airport Road,East Zone,1357,825,99,364,69,36.4,High,72,0,Sunny
1693,2024-02-29,01:00,Station Road,East Zone,821,424,60,184,153,51.0,High,49,0,Sunny
2751,2024-02-29,01:00,Ring Road,South Zone,569,337,48,141,43,53.6,Medium,38,0,Cloudy
263,2024-02-29,06:00,Station Road,South Zone,622,337,56,167,62,57.0,Medium,44,0,Sunny
415,2024-02-29,08:00,Airport Road,Downtown,1311,679,140,321,171,39.1,High,70,0,Sunny
2434,2024-02-29,13:00,MG Road,South Zone,476,232,53,103,88,60.0,Medium,46,0,Cloudy
2227,2024-02-29,16:00,IT Corridor,Downtown,871,423,84,163,201,46.1,High,58,0,Sunny
1034,2024-02-29,17:00,Airport Road,Downtown,1520,816,179,372,153,30.9,High,77,0,Cloudy
1765,2024-02-29,17:00,IT Corridor,East Zone,1191,520,125,255,291,38.3,High,65,0,Sunny
2526,2024-02-29,19:00,Outer Ring Road,Downtown,1640,900,167,458,115,24.2,High,82,0,Rainy
3039,2024-02-29,19:00,Station Road,East Zone,1367,614,100,284,369,20.2,High,83,0,Foggy
2796,2024-03-01,05:00,IT Corridor,West Zone,906,498,108,179,121,42.2,High,44,0,Sunny
841,2024-03-01,08:00,Lake View Road,Downtown,1780,880,180,528,192,22.5,High,78,0,Cloudy
2902,2024-03-01,08:00,NH-44,East Zone,1583,828,164,342,249,25.1,High,75,0,Rainy
1415,2024-03-01,08:00,Green Park Rd,North Zone,1098,551,97,306,144,29.4,High,82,0,Foggy
1576,2024-03-01,08:00,Green Park Rd,South Zone,718,351,84,159,124,48.1,High,63,0,Sunny
2903,2024-03-01,09:00,MG Road,West Zone,1698,1035,137,317,209,19.1,High,78,0,Cloudy
873,2024-03-01,11:00,Outer Ring Road,South Zone,625,356,56,135,78,48.1,High,49,0,Rainy
3928,2024-03-01,15:00,Airport Road,South Zone,506,257,37,145,67,57.0,Medium,46,1,Sunny
3230,2024-03-01,17:00,Outer Ring Road,East Zone,1511,914,147,371,79,30.0,High,69,0,Cloudy
1536,2024-03-01,18:00,Outer Ring Road,North Zone,748,450,78,198,22,44.3,High,85,0,Rainy
3618,2024-03-01,20:00,Green Park Rd,East Zone,1700,887,144,388,281,15.9,High,79,0,Rainy
1579,2024-03-02,03:00,NH-44,North Zone,597,326,61,133,77,55.8,Medium,37,0,Sunny
3354,2024-03-02,04:00,Green Park Rd,North Zone,786,343,77,228,138,42.4,High,56,0,Rainy
3933,2024-03-02,05:00,Station Road,West Zone,836,366,75,199,196,40.2,High,44,0,Rainy
1050,2024-03-02,06:00,Outer Ring Road,West Zone,885,383,91,259,152,39.4,High,73,0,Sunny
2481,2024-03-02,07:00,Market Road,North Zone,1042,581,114,193,154,27.7,High,57,0,Sunny
976,2024-03-02,08:00,MG Road,Downtown,1599,944,172,427,56,22.1,High,86,0,Rainy
563,2024-03-02,08:00,Lake View Road,South Zone,1192,670,113,233,176,45.1,High,69,0,Cloudy
3172,2024-03-02,15:00,IT Corridor,North Zone,606,340,52,140,74,37.4,High,70,0,Foggy
1543,2024-03-02,16:00,Station Road,West Zone,882,382,85,176,239,36.7,High,60,0,Rainy
117,2024-03-02,17:00,MG Road,Downtown,2279,1003,263,650,363,12.0,High,75,0,Cloudy
2471,2024-03-02,17:00,Station Road,Downtown,1365,682,139,343,201,35.1,High,79,0,Sunny
162,2024-03-02,19:00,Airport Road,West Zone,762,355,79,204,124,54.8,Medium,33,0,Sunny
3013,2024-03-03,05:00,IT Corridor,East Zone,647,283,67,168,129,52.1,Medium,41,0,Sunny
1554,2024-03-03,07:00,Outer Ring Road,Downtown,1548,916,172,375,85,28.2,High,77,0,Sunny
2468,2024-03-03,07:00,Airport Road,East Zone,1951,1002,198,404,347,26.3,High,78,0,Sunny
3137,2024-03-03,07:00,Outer Ring Road,South Zone,952,455,75,249,173,37.5,High,55,0,Sunny
3548,2024-03-03,08:00,NH-44,North Zone,1168,536,113,327,192,31.0,High,77,1,Sunny
1212,2024-03-03,12:00,MG Road,Downtown,1165,643,91,258,173,33.4,High,50,0,Rainy
139,2024-03-03,13:00,Station Road,North Zone,964,465,84,184,231,46.8,High,58,0,Cloudy
733,2024-03-03,14:00,NH-44,Downtown,1198,684,95,302,117,37.8,High,55,0,Rainy
1066,2024-03-03,14:00,NH-44,East Zone,885,535,68,184,98,42.1,High,66,0,Cloudy
2087,2024-03-03,14:00,Ring Road,South Zone,655,382,67,151,55,47.4,High,53,0,Cloudy
399,2024-03-03,17:00,MG Road,Downtown,2279,1086,188,449,556,12.0,High,78,0,Cloudy
1200,2024-03-03,17:00,Ring Road,South Zone,642,305,49,184,104,39.7,High,60,0,Foggy
3377,2024-03-03,17:00,Outer Ring Road,West Zone,1509,728,129,319,333,30.9,High,81,0,Cloudy
1178,2024-03-03,18:00,Ring Road,East Zone,1242,585,137,346,174,37.4,High,80,0,Sunny
102,2024-03-03,18:00,Airport Road,West Zone,1283,677,136,354,116,33.6,High,71,0,Sunny
3402,2024-03-04,07:00,MG Road,Downtown,1819,1054,171,441,153,27.6,High,71,0,Sunny
1370,2024-03-04,07:00,Green Park Rd,East Zone,1519,790,158,326,245,29.3,High,81,0,Sunny
3492,2024-03-04,11:00,Green Park Rd,Downtown,771,461,70,156,84,54.1,Medium,50,0,Sunny
1795,2024-03-04,11:00,MG Road,South Zone,420,218,43,110,49,60.1,Medium,40,0,Sunny
3177,2024-03-04,15:00,Green Park Rd,East Zone,712,316,54,145,197,52.4,High,65,0,Sunny
1995,2024-03-04,19:00,Lake View Road,West Zone,1128,579,127,283,139,46.8,High,57,0,Sunny
725,2024-03-05,05:00,MG Road,East Zone,983,554,116,240,73,40.4,High,72,0,Rainy
3190,2024-03-05,07:00,Airport Road,North Zone,1320,580,138,372,230,32.9,High,84,0,Cloudy
2914,2024-03-05,07:00,Green Park Rd,North Zone,839,402,89,196,152,37.0,High,78,0,Cloudy
514,2024-03-05,07:00,MG Road,West Zone,1245,629,128,372,116,25.9,High,78,0,Rainy
95,2024-03-05,09:00,IT Corridor,East Zone,1076,621,112,311,32,41.0,High,60,1,Rainy
1520,2024-03-05,11:00,MG Road,North Zone,911,510,104,201,96,47.5,High,34,0,Sunny
3786,2024-03-05,15:00,Airport Road,East Zone,975,485,110,181,199,39.6,High,67,0,Sunny
3586,2024-03-05,17:00,Ring Road,East Zone,1952,844,212,412,484,21.3,High,82,0,Rainy
3708,2024-03-05,18:00,Lake View Road,North Zone,1456,664,113,345,334,27.4,High,76,0,Sunny
2489,2024-03-05,20:00,Lake View Road,South Zone,859,458,75,213,113,45.5,High,74,0,Sunny
2115,2024-03-05,21:00,IT Corridor,South Zone,849,391,86,196,176,37.7,High,66,0,Rainy
3623,2024-03-06,06:00,Airport Road,East Zone,748,379,68,210,91,49.1,High,70,0,Cloudy
1930,2024-03-06,08:00,Market Road,North Zone,1061,610,111,271,69,41.7,High,56,0,Sunny
2958,2024-03-06,09:00,Lake View Road,Downtown,1226,735,129,326,36,36.0,High,70,0,Sunny
2694,2024-03-06,09:00,Green Park Rd,West Zone,1143,603,132,318,90,37.3,High,59,0,Sunny
2391,2024-03-06,11:00,Lake View Road,West Zone,998,549,80,273,96,43.9,High,58,0,Rainy
1970,2024-03-06,12:00,Green Park Rd,Downtown,766,411,81,147,127,50.5,High,44,0,Cloudy
2356,2024-03-06,12:00,Station Road,South Zone,594,324,48,128,94,48.3,High,58,0,Sunny
787,2024-03-06,15:00,Lake View Road,South Zone,791,400,78,204,109,50.9,Medium,66,0,Sunny
2922,2024-03-06,16:00,Green Park Rd,North Zone,746,376,74,152,144,43.6,High,61,0,Rainy
159,2024-03-06,18:00,Station Road,West Zone,1589,752,188,409,240,21.7,High,78,0,Sunny
3074,2024-03-06,19:00,Station Road,East Zone,1179,581,125,256,217,37.2,High,83,0,Sunny
1265,2024-03-07,08:00,Market Road,East Zone,1409,807,128,287,187,32.2,High,78,0,Cloudy
2385,2024-03-07,09:00,Ring Road,East Zone,1115,654,119,309,33,43.9,High,59,0,Sunny
3217,2024-03-07,11:00,Station Road,East Zone,629,340,53,146,90,44.0,High,54,0,Sunny
1077,2024-03-07,15:00,MG Road,East Zone,658,381,69,143,65,46.8,High,66,0,Sunny
3086,2024-03-07,16:00,Green Park Rd,East Zone,875,492,79,260,44,46.7,High,39,0,Cloudy
923,2024-03-07,18:00,Station Road,Downtown,1884,1047,165,339,333,21.2,High,59,0,Sunny
3585,2024-03-07,19:00,Station Road,South Zone,997,583,116,269,29,35.8,High,68,1,Foggy
2295,2024-03-07,22:00,MG Road,East Zone,961,510,76,205,170,43.9,High,58,0,Cloudy
3413,2024-03-07,23:00,NH-44,Downtown,996,522,74,298,102,38.3,High,63,0,Rainy
2266,2024-03-08,05:00,Outer Ring Road,Downtown,1098,647,119,300,32,40.1,High,57,0,Sunny
3902,2024-03-08,06:00,Lake View Road,Downtown,1264,712,124,265,163,30.9,High,84,0,Rainy
3959,2024-03-08,07:00,Station Road,South Zone,1271,721,120,282,148,42.2,High,59,0,Sunny
300,2024-03-08,08:00,MG Road,Downtown,1411,648,121,263,379,28.4,High,69,0,Sunny
3160,2024-03-08,09:00,MG Road,Downtown,1413,838,124,377,74,26.7,High,83,0,Cloudy
1589,2024-03-08,11:00,Station Road,Downtown,552,293,65,106,88,48.0,High,49,0,Foggy
2943,2024-03-08,12:00,Station Road,North Zone,768,407,61,218,82,48.3,High,52,0,Sunny
2222,2024-03-08,16:00,Green Park Rd,South Zone,476,274,55,113,34,58.2,Medium,33,0,Cloudy
922,2024-03-08,17:00,Airport Road,Downtown,1792,1041,181,375,195,21.2,High,72,0,Sunny
2416,2024-03-08,17:00,Station Road,South Zone,1253,569,135,258,291,33.9,High,59,0,Sunny
3447,2024-03-08,19:00,Station Road,South Zone,973,571,70,277,55,43.8,High,76,0,Sunny
471,2024-03-09,05:00,Market Road,East Zone,544,305,46,108,85,49.8,Medium,44,1,Rainy
1396,2024-03-09,06:00,Ring Road,South Zone,593,317,64,132,80,50.1,Medium,44,0,Sunny
2082,2024-03-09,07:00,Outer Ring Road,Downtown,2092,1258,169,402,263,12.0,High,79,0,Rainy
3448,2024-03-09,07:00,MG Road,East Zone,1353,669,120,351,213,28.7,High,56,0,Sunny
1123,2024-03-09,07:00,Ring Road,East Zone,1199,737,92,318,52,44.1,High,61,0,Sunny
2886,2024-03-09,09:00,Station Road,West Zone,1378,650,159,306,263,24.9,High,83,0,Foggy
2234,2024-03-09,10:00,Market Road,South Zone,1159,668,129,285,77,33.4,High,84,0,Sunny
2812,2024-03-09,13:00,Market Road,South Zone,748,336,82,142,188,59.3,Medium,37,0,Cloudy
2546,2024-03-09,16:00,NH-44,South Zone,697,398,53,152,94,50.2,High,45,0,Cloudy
816,2024-03-09,18:00,Ring Road,East Zone,1012,472,121,214,205,43.9,High,52,0,Sunny
460,2024-03-09,19:00,Lake View Road,East Zone,1061,546,112,302,101,41.8,High,64,0,Cloudy
580,2024-03-09,20:00,Outer Ring Road,East Zone,1039,505,74,284,176,45.0,High,37,0,Sunny
1024,2024-03-09,21:00,Market Road,South Zone,662,357,48,134,123,49.9,Medium,40,0,Cloudy
3956,2024-03-10,06:00,Outer Ring Road,North Zone,943,427,96,272,148,35.7,High,69,0,Rainy
2820,2024-03-10,08:00,Outer Ring Road,North Zone,1616,987,166,331,132,17.8,High,83,0,Rainy
949,2024-03-10,09:00,Outer Ring Road,North Zone,1402,667,134,352,249,34.3,High,68,0,Cloudy
3509,2024-03-10,11:00,Outer Ring Road,East Zone,686,324,70,167,125,51.7,Medium,44,1,Sunny
2281,2024-03-10,13:00,Station Road,South Zone,628,329,48,178,73,51.3,High,54,0,Rainy
2710,2024-03-10,15:00,Market Road,Downtown,940,567,88,247,38,43.1,High,65,0,Sunny
3518,2024-03-10,15:00,Green Park Rd,South Zone,691,306,50,144,191,41.1,High,69,0,Rainy
2871,2024-03-10,18:00,Airport Road,Downtown,1663,828,135,427,273,26.6,High,77,0,Sunny
2856,2024-03-10,19:00,Airport Road,South Zone,1335,677,94,369,195,31.6,High,65,0,Rainy
629,2024-03-10,23:00,Green Park Rd,West Zone,797,439,59,203,96,47.0,High,50,0,Cloudy
2191,2024-03-11,06:00,NH-44,North Zone,583,347,56,111,69,62.8,Medium,43,0,Cloudy
2734,2024-03-11,09:00,Market Road,East Zone,1170,636,91,252,191,38.3,High,77,0,Sunny
2215,2024-03-12,07:00,Lake View Road,Downtown,1651,856,154,491,150,25.8,High,70,0,Cloudy
3224,2024-03-12,07:00,Outer Ring Road,East Zone,1445,811,115,332,187,34.0,High,77,0,Sunny
3290,2024-03-12,07:00,NH-44,South Zone,1194,646,134,303,111,27.6,High,90,0,Rainy
5,2024-03-12,11:00,Ring Road,West Zone,906,423,93,198,192,36.9,High,54,0,Sunny
2680,2024-03-12,13:00,IT Corridor,North Zone,671,406,51,186,28,51.5,Medium,47,0,Sunny
1798,2024-03-12,14:00,NH-44,West Zone,660,312,73,150,125,55.7,Medium,52,1,Sunny
1551,2024-03-12,17:00,Outer Ring Road,East Zone,1637,732,122,390,393,16.7,High,79,0,Rainy
767,2024-03-12,19:00,MG Road,East Zone,1134,612,90,212,220,27.2,High,65,0,Rainy
2979,2024-03-12,20:00,Airport Road,East Zone,1282,750,103,295,134,39.4,High,73,0,Sunny
3612,2024-03-12,21:00,Station Road,East Zone,737,441,66,209,21,48.3,High,59,0,Sunny
1764,2024-03-12,22:00,Airport Road,East Zone,727,331,87,186,123,45.9,High,74,0,Sunny
1794,2024-03-12,22:00,Station Road,West Zone,952,454,97,209,192,48.6,High,56,0,Sunny
2088,2024-03-13,07:00,Ring Road,Downtown,1788,1090,213,389,96,26.5,High,82,0,Sunny
861,2024-03-13,09:00,Market Road,South Zone,951,542,103,180,126,52.5,High,47,0,Sunny
3365,2024-03-13,10:00,Ring Road,East Zone,1174,540,91,291,252,43.3,High,78,0,Sunny
1530,2024-03-13,16:00,Ring Road,South Zone,704,411,73,139,81,52.3,Medium,54,0,Rainy
1851,2024-03-13,17:00,NH-44,North Zone,1247,757,107,346,37,42.6,High,51,0,Sunny
2094,2024-03-13,18:00,MG Road,Downtown,1474,718,143,285,328,26.8,High,79,0,Sunny
2389,2024-03-13,18:00,Outer Ring Road,Downtown,1555,884,183,313,175,23.0,High,76,0,Cloudy
3138,2024-03-13,18:00,MG Road,East Zone,1367,597,109,345,316,34.8,High,77,0,Sunny
1409,2024-03-13,19:00,Lake View Road,Downtown,1725,872,158,369,326,27.4,High,89,0,Sunny
2278,2024-03-13,19:00,Airport Road,West Zone,1763,1004,202,354,203,23.5,High,81,0,Sunny
1689,2024-03-14,00:00,NH-44,West Zone,1006,550,99,230,127,38.8,High,76,0,Rainy
3802,2024-03-14,08:00,Lake View Road,South Zone,739,358,85,148,148,47.3,High,57,0,Cloudy
604,2024-03-14,08:00,IT Corridor,West Zone,1621,974,171,329,147,35.5,High,80,0,Cloudy
3660,2024-03-14,17:00,Airport Road,North Zone,1487,904,120,389,74,23.0,High,74,0,Rainy
2816,2024-03-14,18:00,Green Park Rd,Downtown,1638,912,147,462,117,23.6,High,76,0,Sunny
2188,2024-03-14,19:00,Airport Road,West Zone,1440,654,123,280,383,23.7,High,74,0,Cloudy
2974,2024-03-14,23:00,Outer Ring Road,South Zone,519,247,54,132,86,49.8,High,55,0,Cloudy
788,2024-03-15,08:00,Airport Road,Downtown,2018,1119,235,499,165,16.5,High,81,0,Sunny
3523,2024-03-15,08:00,Green Park Rd,East Zone,1541,910,128,403,100,31.1,High,83,0,Cloudy
1182,2024-03-15,10:00,Ring Road,Downtown,1094,570,90,319,115,36.3,High,59,0,Sunny
1339,2024-03-15,11:00,NH-44,North Zone,790,374,56,177,183,50.9,High,57,0,Cloudy
3060,2024-03-15,12:00,MG Road,East Zone,813,484,70,209,50,49.1,High,47,0,Cloudy
3610,2024-03-15,12:00,Outer Ring Road,West Zone,667,340,71,194,62,53.0,High,52,0,Sunny
537,2024-03-15,12:00,Ring Road,West Zone,897,447,97,184,169,37.4,High,75,0,Rainy
2791,2024-03-15,16:00,Lake View Road,East Zone,719,434,52,166,67,38.2,High,58,0,Rainy
2707,2024-03-15,16:00,Station Road,West Zone,1060,514,88,284,174,34.2,High,62,0,Sunny
1734,2024-03-15,17:00,Market Road,Downtown,2216,1084,201,525,406,16.3,High,69,0,Sunny
3380,2024-03-15,17:00,Airport Road,South Zone,1343,714,117,289,223,33.4,High,72,0,Sunny
3414,2024-03-15,18:00,IT Corridor,Downtown,2027,1115,150,448,314,15.7,High,79,0,Cloudy
3685,2024-03-15,18:00,IT Corridor,West Zone,1074,562,116,318,78,30.8,High,85,0,Foggy
970,2024-03-15,19:00,NH-44,East Zone,1809,938,203,455,213,12.0,High,71,0,Rainy
282,2024-03-15,22:00,Green Park Rd,North Zone,1023,558,74,228,163,36.1,High,87,1,Rainy
572,2024-03-16,08:00,Station Road,North Zone,1114,629,100,235,150,38.7,High,56,0,Sunny
3195,2024-03-16,09:00,Market Road,East Zone,1271,693,116,363,99,34.6,High,87,0,Sunny
464,2024-03-16,10:00,IT Corridor,Downtown,1992,895,215,484,398,12.0,High,79,0,Rainy
602,2024-03-16,10:00,Ring Road,South Zone,1000,567,120,271,42,49.2,High,77,0,Cloudy
1817,2024-03-16,10:00,Ring Road,West Zone,1031,466,86,236,243,33.8,High,85,1,Cloudy
1351,2024-03-16,11:00,NH-44,Downtown,696,301,67,143,185,49.6,Medium,42,0,Cloudy
1029,2024-03-16,12:00,Outer Ring Road,Downtown,883,440,68,195,180,37.8,High,70,0,Foggy
2116,2024-03-16,12:00,Market Road,South Zone,703,373,55,202,73,46.3,Medium,35,0,Foggy
3046,2024-03-16,13:00,IT Corridor,East Zone,739,420,84,213,22,43.3,High,74,0,Rainy
3216,2024-03-16,16:00,Airport Road,North Zone,805,362,66,207,170,45.4,High,50,0,Sunny
2758,2024-03-16,19:00,Station Road,West Zone,911,456,84,203,168,36.6,High,54,0,Cloudy
2071,2024-03-16,20:00,Airport Road,Downtown,1615,996,192,356,71,28.4,High,68,0,Cloudy
2929,2024-03-16,23:00,MG Road,South Zone,630,316,74,160,80,48.6,High,65,0,Sunny
2180,2024-03-17,05:00,Airport Road,South Zone,690,424,50,173,43,49.0,High,75,0,Rainy
1833,2024-03-17,09:00,Market Road,West Zone,1059,573,84,230,172,39.0,High,65,0,Rainy
2249,2024-03-17,10:00,NH-44,West Zone,1546,769,130,433,214,25.8,High,73,0,Sunny
3441,2024-03-17,15:00,IT Corridor,West Zone,708,354,63,150,141,48.5,High,67,0,Sunny
1671,2024-03-17,18:00,IT Corridor,South Zone,1108,549,106,260,193,40.6,High,67,0,Sunny
2096,2024-03-17,20:00,Outer Ring Road,West Zone,1435,763,162,378,132,34.0,High,78,0,Sunny
1049,2024-03-18,09:00,Market Road,East Zone,1391,661,166,338,226,38.4,High,74,0,Sunny
3936,2024-03-18,09:00,Station Road,East Zone,1164,645,90,288,141,33.6,High,69,0,Foggy
1232,2024-03-18,10:00,Lake View Road,East Zone,1536,792,121,407,216,22.9,High,63,1,Sunny
756,2024-03-18,10:00,Outer Ring Road,East Zone,1308,753,129,341,85,36.8,High,82,0,Sunny
2248,2024-03-18,14:00,Ring Road,Downtown,1041,488,78,310,165,44.6,High,72,0,Sunny
1273,2024-03-18,16:00,MG Road,Downtown,1042,553,120,312,57,37.8,High,56,1,Sunny
2789,2024-03-18,17:00,Ring Road,East Zone,1331,592,96,337,306,34.3,High,51,0,Rainy
858,2024-03-18,18:00,Station Road,South Zone,926,453,73,242,158,48.2,High,53,0,Sunny
890,2024-03-18,21:00,Station Road,North Zone,881,530,80,170,101,41.9,High,58,0,Cloudy
2587,2024-03-18,22:00,Market Road,North Zone,598,359,62,145,32,48.9,High,66,0,Rainy
3689,2024-03-19,00:00,Ring Road,East Zone,730,316,81,204,129,51.8,High,44,0,Cloudy
2485,2024-03-19,01:00,Green Park Rd,Downtown,723,425,61,198,39,39.2,High,55,0,Foggy
2542,2024-03-19,07:00,Green Park Rd,Downtown,1375,757,135,308,175,34.6,High,77,0,Cloudy
2949,2024-03-19,07:00,Station Road,South Zone,899,483,83,248,85,45.6,High,55,0,Sunny
3874,2024-03-19,15:00,Lake View Road,Downtown,1095,636,124,222,113,37.7,High,79,0,Foggy
2415,2024-03-19,16:00,Lake View Road,East Zone,686,360,68,135,123,52.5,High,59,0,Sunny
1723,2024-03-19,16:00,MG Road,East Zone,564,288,41,103,132,49.0,High,56,0,Sunny
1770,2024-03-19,17:00,Market Road,West Zone,1315,753,141,378,43,27.7,High,80,0,Foggy
1982,2024-03-20,07:00,Airport Road,Downtown,2335,1360,190,515,270,12.0,High,81,0,Cloudy
1820,2024-03-20,07:00,Station Road,South Zone,1104,599,79,230,196,43.6,High,62,0,Cloudy
2452,2024-03-20,09:00,Lake View Road,Downtown,2291,1412,251,425,203,12.0,High,78,0,Cloudy
665,2024-03-20,12:00,Outer Ring Road,East Zone,882,531,72,164,115,46.5,High,69,0,Sunny
1439,2024-03-20,14:00,Outer Ring Road,West Zone,938,458,99,206,175,53.8,High,50,0,Rainy
204,2024-03-21,05:00,NH-44,East Zone,602,271,56,156,119,41.8,High,73,0,Rainy
3346,2024-03-21,07:00,Lake View Road,West Zone,1989,967,229,554,239,12.0,High,69,0,Rainy
808,2024-03-21,08:00,NH-44,West Zone,1430,710,144,339,237,35.7,High,75,0,Sunny
1444,2024-03-21,11:00,NH-44,West Zone,892,429,105,205,153,37.8,High,57,0,Foggy
104,2024-03-21,12:00,NH-44,West Zone,1106,673,89,233,111,35.5,High,85,0,Rainy
61,2024-03-21,13:00,IT Corridor,East Zone,1145,673,103,336,33,38.3,High,63,0,Sunny
1617,2024-03-21,15:00,Station Road,West Zone,687,301,82,149,155,42.0,High,72,0,Foggy
2900,2024-03-21,17:00,Lake View Road,Downtown,1406,806,101,367,132,30.5,High,69,0,Sunny
1311,2024-03-21,17:00,IT Corridor,South Zone,1237,639,112,224,262,38.6,High,71,0,Sunny
3996,2024-03-21,18:00,IT Corridor,South Zone,852,414,86,217,135,45.4,High,62,0,Cloudy
3531,2024-03-22,05:00,NH-44,South Zone,548,337,56,104,51,60.8,High,63,0,Cloudy
3313,2024-03-22,09:00,Lake View Road,Downtown,2430,1134,170,699,427,16.5,High,80,0,Sunny
2748,2024-03-22,09:00,Green Park Rd,North Zone,1360,657,113,324,266,30.0,High,68,1,Rainy
2885,2024-03-22,09:00,Outer Ring Road,North Zone,1160,627,113,234,186,30.8,High,75,0,Cloudy
1667,2024-03-22,13:00,Airport Road,South Zone,634,296,70,128,140,51.1,Medium,35,0,Sunny
2511,2024-03-22,16:00,Ring Road,East Zone,960,594,79,185,102,42.9,High,49,0,Cloudy
1895,2024-03-22,17:00,Station Road,Downtown,1937,1100,185,376,276,22.3,High,74,0,Sunny
2104,2024-03-22,18:00,MG Road,West Zone,1065,621,89,238,117,29.6,High,69,0,Foggy
1472,2024-03-22,20:00,Station Road,South Zone,689,366,54,165,104,42.4,High,48,0,Foggy
2379,2024-03-22,21:00,IT Corridor,South Zone,563,314,41,142,66,51.1,High,75,0,Sunny
1292,2024-03-22,22:00,Ring Road,North Zone,490,251,44,122,73,44.5,Medium,56,0,Foggy
712,2024-03-22,22:00,Lake View Road,West Zone,742,339,85,187,131,47.1,High,62,0,Sunny
934,2024-03-23,12:00,Ring Road,Downtown,1248,560,98,328,262,33.0,High,70,0,Sunny
3619,2024-03-23,14:00,IT Corridor,East Zone,602,287,54,174,87,53.2,High,53,0,Cloudy
753,2024-03-23,17:00,Market Road,West Zone,1052,587,93,291,81,41.3,High,62,0,Sunny
3129,2024-03-23,20:00,Outer Ring Road,East Zone,1161,680,90,338,53,31.6,High,69,1,Rainy
3717,2024-03-23,20:00,Outer Ring Road,East Zone,1019,528,86,304,101,47.3,High,81,0,Cloudy
2445,2024-03-23,20:00,Green Park Rd,West Zone,1596,771,119,460,246,22.0,High,72,0,Cloudy
3998,2024-03-24,00:00,MG Road,West Zone,652,404,62,159,27,54.1,Medium,43,0,Cloudy
564,2024-03-24,06:00,Lake View Road,West Zone,1092,612,129,227,124,42.9,High,54,0,Cloudy
2863,2024-03-24,07:00,NH-44,North Zone,748,442,61,140,105,55.8,Medium,47,0,Cloudy
2196,2024-03-24,07:00,Station Road,North Zone,1043,496,92,234,221,37.2,High,56,0,Sunny
1738,2024-03-24,07:00,Green Park Rd,South Zone,1377,840,111,303,123,25.5,High,72,0,Rainy
1963,2024-03-24,09:00,Outer Ring Road,East Zone,1216,539,96,284,297,38.8,High,70,0,Cloudy
1866,2024-03-24,09:00,Green Park Rd,South Zone,999,445,78,195,281,42.8,High,80,0,Cloudy
2839,2024-03-24,10:00,Ring Road,Downtown,2382,1352,205,512,313,12.0,High,72,0,Rainy
3919,2024-03-24,10:00,Ring Road,Downtown,1276,551,113,332,280,29.1,High,60,0,Rainy
3316,2024-03-24,11:00,IT Corridor,West Zone,800,408,88,203,101,42.8,High,81,0,Rainy
1206,2024-03-24,12:00,NH-44,North Zone,741,332,57,191,161,55.3,High,43,0,Cloudy
2344,2024-03-24,13:00,Market Road,Downtown,705,434,61,135,75,40.6,High,58,0,Foggy
1013,2024-03-24,14:00,IT Corridor,South Zone,539,272,58,102,107,55.6,High,47,0,Cloudy
3337,2024-03-24,15:00,Market Road,South Zone,734,409,77,176,72,42.6,High,72,0,Rainy
3121,2024-03-24,18:00,Station Road,East Zone,1264,616,131,316,201,35.7,High,74,0,Sunny
1861,2024-03-24,20:00,IT Corridor,Downtown,1533,910,130,310,183,22.5,High,68,0,Rainy
1748,2024-03-24,20:00,Lake View Road,Downtown,1986,1128,191,368,299,19.6,High,80,0,Sunny
2255,2024-03-25,00:00,NH-44,North Zone,835,422,91,213,109,47.2,High,59,0,Cloudy
1286,2024-03-25,16:00,Station Road,South Zone,711,423,77,188,23,48.2,High,59,0,Sunny
755,2024-03-25,19:00,Outer Ring Road,North Zone,1088,550,85,260,193,30.3,High,84,0,Rainy
2131,2024-03-25,21:00,Station Road,South Zone,772,347,68,184,173,45.5,High,66,0,Cloudy
2978,2024-03-25,22:00,Station Road,West Zone,888,425,83,230,150,43.3,High,69,0,Foggy
2478,2024-03-26,03:00,Outer Ring Road,East Zone,602,306,71,124,101,47.0,High,42,0,Cloudy
914,2024-03-26,07:00,Airport Road,Downtown,1642,764,164,381,333,27.3,High,86,0,Sunny
157,2024-03-26,07:00,Lake View Road,South Zone,914,535,86,247,46,40.9,High,53,0,Sunny
467,2024-03-26,08:00,Outer Ring Road,Downtown,1344,653,136,333,222,32.5,High,84,0,Foggy
2058,2024-03-26,08:00,Lake View Road,South Zone,1043,591,88,226,138,43.1,High,57,0,Sunny
1822,2024-03-26,10:00,Market Road,East Zone,1566,856,136,291,283,24.9,High,70,0,Rainy
2643,2024-03-26,11:00,Airport Road,East Zone,821,367,89,219,146,44.7,Medium,55,1,Rainy
2898,2024-03-26,13:00,IT Corridor,Downtown,1324,596,153,246,329,27.3,High,73,0,Sunny
1091,2024-03-26,14:00,NH-44,East Zone,780,383,93,143,161,52.3,Medium,47,0,Sunny
1461,2024-03-26,16:00,Ring Road,East Zone,917,474,95,228,120,52.2,Medium,36,0,Cloudy
3166,2024-03-26,17:00,Green Park Rd,South Zone,1216,683,97,318,118,37.6,High,48,0,Cloudy
2908,2024-03-26,18:00,Lake View Road,Downtown,1935,1191,206,430,108,21.5,High,79,0,Sunny
2928,2024-03-26,19:00,Station Road,West Zone,1455,693,133,417,212,30.5,High,73,0,Sunny
2697,2024-03-26,21:00,NH-44,North Zone,711,313,71,182,145,43.7,High,69,0,Cloudy
3934,2024-03-26,23:00,Ring Road,Downtown,1137,634,126,218,159,35.0,High,72,0,Sunny
3435,2024-03-27,06:00,Ring Road,South Zone,644,387,54,185,18,47.4,High,55,0,Sunny
1352,2024-03-27,08:00,Green Park Rd,North Zone,1484,822,178,303,181,29.8,High,69,1,Cloudy
2547,2024-03-27,08:00,Ring Road,North Zone,1099,522,100,270,207,41.1,High,71,1,Sunny
1249,2024-03-27,09:00,Outer Ring Road,North Zone,709,435,58,172,44,49.6,Medium,37,0,Cloudy
1877,2024-03-27,11:00,Airport Road,South Zone,532,326,48,129,29,48.8,High,48,0,Sunny
2888,2024-03-27,15:00,IT Corridor,North Zone,899,388,70,220,221,40.8,High,71,0,Cloudy
1950,2024-03-27,15:00,Airport Road,West Zone,1134,615,114,244,161,34.8,High,85,0,Rainy
2552,2024-03-27,16:00,MG Road,South Zone,884,513,99,248,24,38.3,High,47,0,Sunny
3225,2024-03-27,20:00,IT Corridor,East Zone,1320,732,97,379,112,38.2,High,82,0,Sunny
1272,2024-03-28,07:00,Ring Road,Downtown,1779,879,196,505,199,20.5,High,81,0,Sunny
2657,2024-03-28,10:00,Outer Ring Road,South Zone,1343,804,128,246,165,31.8,High,58,0,Sunny
1815,2024-03-28,14:00,Market Road,East Zone,641,287,52,152,150,46.1,Medium,49,0,Foggy
12,2024-03-28,18:00,MG Road,East Zone,1133,681,96,235,121,29.4,High,88,0,Sunny
3999,2024-03-28,18:00,IT Corridor,South Zone,969,525,76,204,164,37.9,High,78,0,Cloudy
3699,2024-03-28,19:00,Lake View Road,Downtown,1830,965,207,335,323,28.3,High,77,0,Sunny
1055,2024-03-29,05:00,Green Park Rd,South Zone,650,302,52,128,168,53.7,High,50,0,Rainy
2091,2024-03-29,07:00,NH-44,South Zone,1278,649,125,266,238,29.1,High,76,1,Rainy
1449,2024-03-29,11:00,Station Road,South Zone,545,323,55,122,45,37.1,High,69,0,Foggy
1052,2024-03-29,12:00,Ring Road,South Zone,895,489,74,239,93,43.7,High,69,0,Cloudy
2112,2024-03-29,13:00,Market Road,South Zone,744,350,63,198,133,52.1,High,55,0,Cloudy
1587,2024-03-29,14:00,IT Corridor,East Zone,956,468,83,190,215,34.7,High,63,1,Rainy
2968,2024-03-29,16:00,Market Road,South Zone,1006,474,114,255,163,40.5,High,81,0,Rainy
49,2024-03-29,16:00,Ring Road,West Zone,1128,615,90,318,105,34.9,High,53,0,Cloudy
455,2024-03-29,17:00,Station Road,Downtown,1367,814,119,394,40,21.8,High,67,0,Sunny
3970,2024-03-29,18:00,Station Road,Downtown,1922,1038,146,541,197,12.0,High,72,0,Foggy
3151,2024-03-29,20:00,Ring Road,East Zone,1106,636,100,289,81,46.0,High,62,0,Cloudy
995,2024-03-30,04:00,IT Corridor,Downtown,1065,478,100,209,278,43.0,High,56,0,Sunny
2821,2024-03-30,04:00,NH-44,North Zone,657,328,70,149,110,44.4,High,57,0,Rainy
2084,2024-03-30,06:00,Airport Road,East Zone,622,276,67,154,125,47.2,High,50,0,Foggy
2182,2024-03-30,07:00,Lake View Road,West Zone,1794,1007,169,345,273,26.3,High,78,0,Sunny
1612,2024-03-30,08:00,Green Park Rd,North Zone,1024,599,77,219,129,43.2,High,65,0,Cloudy
3255,2024-03-30,08:00,Airport Road,South Zone,1399,658,159,347,235,28.9,High,65,0,Rainy
1840,2024-03-30,11:00,Outer Ring Road,South Zone,569,255,46,152,116,48.7,High,47,0,Sunny
3966,2024-03-30,11:00,Airport Road,West Zone,855,436,85,199,135,46.4,High,61,0,Cloudy
2794,2024-03-30,13:00,MG Road,North Zone,737,383,58,188,108,48.3,Medium,43,0,Sunny
693,2024-03-30,13:00,NH-44,South Zone,798,493,89,161,55,48.8,High,63,0,Sunny
1181,2024-03-30,13:00,Station Road,West Zone,811,472,75,240,24,47.9,High,45,0,Sunny
528,2024-03-30,16:00,Airport Road,East Zone,1045,501,88,194,262,45.6,High,43,0,Sunny
3878,2024-03-30,17:00,Market Road,Downtown,2236,1303,257,610,66,12.0,High,58,0,Cloudy
2699,2024-03-30,17:00,NH-44,West Zone,1481,887,149,369,76,29.1,High,88,0,Cloudy
531,2024-03-30,18:00,Station Road,West Zone,1245,633,104,269,239,32.8,High,60,0,Cloudy
3295,2024-03-30,21:00,Lake View Road,North Zone,753,392,70,193,98,50.4,High,51,0,Sunny
3892,2024-03-30,21:00,Ring Road,West Zone,1120,630,80,291,119,32.1,High,78,0,Rainy
635,2024-03-31,04:00,Station Road,North Zone,432,239,42,107,44,54.6,High,53,0,Cloudy
3493,2024-03-31,11:00,Airport Road,North Zone,776,435,86,178,77,37.0,High,57,0,Cloudy
3109,2024-03-31,17:00,Ring Road,North Zone,1232,539,125,229,339,35.8,High,68,0,Sunny
437,2024-04-01,06:00,Lake View Road,South Zone,454,279,43,118,14,51.9,Medium,46,0,Sunny
1152,2024-04-01,09:00,Green Park Rd,East Zone,1736,830,149,389,368,27.6,High,67,0,Sunny
2952,2024-04-01,09:00,Lake View Road,North Zone,1635,897,119,449,170,22.2,High,79,0,Rainy
3532,2024-04-01,09:00,Outer Ring Road,West Zone,1543,751,183,326,283,34.2,High,89,0,Sunny
846,2024-04-01,14:00,Station Road,North Zone,722,409,61,153,99,52.5,High,66,0,Sunny
3467,2024-04-01,15:00,Lake View Road,East Zone,925,401,67,172,285,42.7,High,73,0,Cloudy
1268,2024-04-01,16:00,Ring Road,Downtown,1178,526,83,310,259,41.5,High,58,0,Sunny
390,2024-04-01,17:00,MG Road,East Zone,1309,654,128,286,241,34.7,High,83,0,Rainy
1823,2024-04-01,17:00,Green Park Rd,South Zone,1286,698,135,235,218,33.2,High,77,0,Sunny
2422,2024-04-01,17:00,IT Corridor,South Zone,1184,656,97,293,138,31.8,High,73,0,Rainy
2475,2024-04-01,18:00,Outer Ring Road,South Zone,1393,793,106,359,135,32.8,High,82,0,Sunny
1639,2024-04-01,19:00,Lake View Road,North Zone,1345,734,127,336,148,27.1,High,79,0,Rainy
3832,2024-04-01,20:00,NH-44,North Zone,1177,626,104,229,218,34.1,High,86,0,Rainy
57,2024-04-01,21:00,Airport Road,Downtown,969,574,91,195,109,46.3,High,79,0,Sunny
1744,2024-04-01,21:00,IT Corridor,South Zone,699,400,65,136,98,42.8,High,56,0,Rainy
3341,2024-04-02,02:00,MG Road,West Zone,1028,460,91,232,245,44.8,High,61,1,Cloudy
1907,2024-04-02,04:00,MG Road,West Zone,555,290,56,116,93,55.4,High,58,0,Sunny
839,2024-04-02,07:00,Station Road,West Zone,1367,720,99,335,213,27.8,High,66,0,Rainy
1767,2024-04-02,09:00,Airport Road,West Zone,1359,837,123,279,120,19.6,High,71,0,Foggy
530,2024-04-02,13:00,IT Corridor,Downtown,838,391,64,242,141,43.8,High,52,0,Sunny
2120,2024-04-02,14:00,IT Corridor,North Zone,433,235,51,102,45,51.8,Medium,52,0,Cloudy
3203,2024-04-02,15:00,Lake View Road,South Zone,745,395,78,186,86,45.1,High,70,0,Sunny
3943,2024-04-02,15:00,Airport Road,West Zone,710,409,58,140,103,41.9,High,72,0,Sunny
1983,2024-04-02,18:00,Outer Ring Road,South Zone,1317,810,111,345,51,31.0,High,54,0,Cloudy
3237,2024-04-02,21:00,IT Corridor,Downtown,1017,459,96,239,223,42.2,High,69,0,Sunny
3739,2024-04-03,00:00,Green Park Rd,Downtown,1074,476,93,299,206,46.5,High,62,0,Cloudy
1021,2024-04-03,09:00,Airport Road,East Zone,1178,628,137,281,132,34.8,High,87,0,Sunny
3993,2024-04-03,12:00,IT Corridor,West Zone,907,410,67,231,199,38.4,High,56,0,Rainy
473,2024-04-03,19:00,Ring Road,Downtown,1702,985,134,450,133,20.8,High,73,1,Rainy
975,2024-04-03,23:00,IT Corridor,Downtown,1359,732,161,405,61,27.3,High,87,0,Rainy
2404,2024-04-04,08:00,IT Corridor,East Zone,1523,739,144,353,287,27.5,High,87,0,Sunny
1804,2024-04-04,09:00,Outer Ring Road,East Zone,1213,669,92,341,111,35.6,High,81,0,Sunny
766,2024-04-04,14:00,NH-44,North Zone,880,441,86,212,141,52.6,High,73,0,Sunny
956,2024-04-04,15:00,IT Corridor,East Zone,516,300,41,94,81,43.0,High,61,0,Foggy
2656,2024-04-04,17:00,Outer Ring Road,Downtown,1347,596,111,375,265,33.0,High,72,0,Sunny
830,2024-04-04,18:00,IT Corridor,East Zone,1272,644,152,329,147,28.2,High,83,0,Foggy
521,2024-04-04,18:00,Station Road,North Zone,1706,949,143,465,149,24.1,High,70,0,Sunny
344,2024-04-04,19:00,IT Corridor,North Zone,768,405,57,152,154,44.9,High,53,0,Foggy
1022,2024-04-04,21:00,Green Park Rd,Downtown,991,522,84,273,112,40.7,High,52,0,Sunny
1116,2024-04-04,21:00,MG Road,Downtown,690,305,50,180,155,39.4,High,58,0,Foggy
193,2024-04-05,00:00,Market Road,Downtown,502,259,42,92,109,59.0,Medium,45,0,Sunny
2421,2024-04-05,00:00,IT Corridor,West Zone,912,561,102,185,64,37.8,High,74,0,Rainy
1271,2024-04-05,04:00,Ring Road,West Zone,1021,599,102,290,30,44.4,High,59,0,Sunny
451,2024-04-05,05:00,Lake View Road,North Zone,1030,549,84,255,142,34.6,High,73,0,Sunny
144,2024-04-05,09:00,Lake View Road,Downtown,2160,1266,169,390,335,12.0,High,67,0,Rainy
3883,2024-04-05,11:00,Airport Road,Downtown,1548,736,131,448,233,26.1,High,67,0,Sunny
1924,2024-04-05,11:00,Station Road,Downtown,1125,584,105,213,223,34.8,High,82,0,Sunny
495,2024-04-05,13:00,Green Park Rd,South Zone,516,231,40,142,103,56.5,Medium,48,0,Sunny
1505,2024-04-05,14:00,MG Road,Downtown,1322,790,116,263,153,39.5,High,58,0,Sunny
548,2024-04-05,17:00,Airport Road,Downtown,1539,822,125,429,163,29.1,High,74,0,Cloudy
3694,2024-04-05,19:00,Green Park Rd,Downtown,1607,942,158,459,48,29.2,High,77,0,Sunny
2529,2024-04-06,07:00,Outer Ring Road,South Zone,1261,741,121,362,37,29.2,High,77,0,Rainy
1267,2024-04-06,08:00,IT Corridor,Downtown,1008,552,118,220,118,33.2,High,69,0,Foggy
1087,2024-04-06,11:00,Ring Road,South Zone,862,455,96,207,104,39.1,High,47,0,Sunny
234,2024-04-06,12:00,Airport Road,East Zone,684,350,82,159,93,54.7,Medium,49,0,Sunny
2962,2024-04-06,16:00,NH-44,West Zone,939,495,75,239,130,47.2,High,58,0,Cloudy
322,2024-04-06,18:00,MG Road,North Zone,1118,506,95,270,247,43.3,High,49,0,Sunny
2454,2024-04-06,19:00,Green Park Rd,West Zone,1400,604,144,269,383,23.4,High,67,0,Foggy
3871,2024-04-07,01:00,Green Park Rd,Downtown,1235,728,96,337,74,29.0,High,70,0,Rainy
2924,2024-04-07,03:00,Ring Road,West Zone,791,486,63,157,85,51.7,High,63,0,Sunny
2913,2024-04-07,06:00,Airport Road,West Zone,807,469,60,148,130,51.6,High,47,0,Sunny
1482,2024-04-07,07:00,Airport Road,East Zone,1819,998,208,480,133,16.5,High,82,0,Rainy
1336,2024-04-07,07:00,Lake View Road,West Zone,1225,664,130,325,106,32.2,High,68,0,Sunny
2099,2024-04-07,08:00,Ring Road,South Zone,1149,605,114,248,182,29.2,High,51,0,Sunny
1391,2024-04-07,14:00,Station Road,East Zone,668,298,60,164,146,47.2,High,46,0,Foggy
739,2024-04-07,14:00,Airport Road,North Zone,589,355,50,119,65,52.8,Medium,50,0,Cloudy
1362,2024-04-07,16:00,Market Road,West Zone,622,272,65,143,142,58.6,High,35,0,Cloudy
2911,2024-04-07,17:00,Airport Road,North Zone,1102,635,101,213,153,39.2,High,68,0,Rainy
1591,2024-04-07,17:00,Station Road,West Zone,1372,740,125,338,169,25.1,High,74,2,Rainy
230,2024-04-07,18:00,Station Road,East Zone,1292,665,149,352,126,39.4,High,77,0,Sunny
795,2024-04-07,22:00,MG Road,North Zone,734,426,71,215,22,40.1,High,66,0,Foggy
1573,2024-04-08,04:00,Market Road,Downtown,1074,628,84,285,77,39.0,High,59,0,Cloudy
337,2024-04-08,08:00,Green Park Rd,East Zone,1668,949,143,436,140,22.2,High,86,0,Rainy
2446,2024-04-08,08:00,Green Park Rd,North Zone,1307,665,137,359,146,29.5,High,67,0,Sunny
3364,2024-04-08,08:00,Ring Road,South Zone,1074,515,82,226,251,40.4,High,68,0,Sunny
345,2024-04-08,09:00,Green Park Rd,Downtown,1638,935,192,413,98,34.6,High,74,0,Sunny
1729,2024-04-08,09:00,IT Corridor,West Zone,1555,726,164,333,332,27.9,High,86,0,Sunny
272,2024-04-08,12:00,MG Road,North Zone,764,471,84,147,62,38.4,High,67,0,Foggy
289,2024-04-08,12:00,NH-44,West Zone,851,500,95,213,43,45.4,High,60,0,Cloudy
257,2024-04-08,16:00,Ring Road,North Zone,956,462,92,285,117,40.9,High,78,0,Sunny
741,2024-04-08,16:00,IT Corridor,West Zone,839,395,68,198,178,43.9,High,69,0,Cloudy
120,2024-04-08,17:00,MG Road,East Zone,1297,802,141,314,40,37.5,High,71,0,Sunny
546,2024-04-08,18:00,Airport Road,West Zone,1433,699,105,258,371,21.8,High,86,0,Sunny
3474,2024-04-08,22:00,Airport Road,South Zone,596,313,56,129,98,49.4,Medium,49,0,Sunny
581,2024-04-08,23:00,Market Road,North Zone,711,307,54,158,192,53.9,Medium,36,0,Sunny
2934,2024-04-08,23:00,Outer Ring Road,West Zone,788,476,64,224,24,43.2,Medium,40,0,Sunny
570,2024-04-09,02:00,Outer Ring Road,Downtown,864,384,98,218,164,45.7,High,65,0,Cloudy
3385,2024-04-09,05:00,Lake View Road,West Zone,763,444,72,174,73,41.1,High,68,0,Cloudy
3769,2024-04-09,06:00,Airport Road,East Zone,707,311,76,191,129,50.7,High,66,0,Cloudy
13,2024-04-09,06:00,Lake View Road,West Zone,900,528,79,218,75,53.2,High,69,0,Sunny
489,2024-04-09,10:00,Station Road,South Zone,1314,691,133,264,226,30.8,High,85,1,Sunny
2829,2024-04-09,10:00,Market Road,West Zone,990,467,82,196,245,28.3,High,68,0,Foggy
479,2024-04-09,15:00,NH-44,Downtown,1304,673,102,307,222,34.2,High,49,0,Rainy
3114,2024-04-09,16:00,Outer Ring Road,South Zone,608,264,69,181,94,57.8,Medium,47,0,Sunny
2226,2024-04-09,18:00,Lake View Road,North Zone,1352,756,107,295,194,37.8,High,85,0,Sunny
1948,2024-04-09,18:00,Station Road,South Zone,1310,677,103,291,239,37.0,High,74,0,Cloudy
3713,2024-04-09,19:00,Outer Ring Road,West Zone,1476,806,114,378,178,24.7,High,86,0,Foggy
3762,2024-04-09,21:00,Airport Road,Downtown,1014,616,98,223,77,44.9,High,68,0,Sunny
2713,2024-04-10,06:00,MG Road,South Zone,651,346,50,174,81,54.3,Medium,39,0,Sunny
3002,2024-04-10,07:00,Airport Road,East Zone,1568,827,188,378,175,24.5,High,76,0,Rainy
412,2024-04-10,08:00,IT Corridor,Downtown,1575,718,153,467,237,30.3,High,68,0,Sunny
126,2024-04-10,09:00,Outer Ring Road,North Zone,1179,672,102,313,92,31.6,High,62,0,Sunny
2999,2024-04-10,09:00,Green Park Rd,West Zone,952,432,82,214,224,42.2,High,55,0,Sunny
3747,2024-04-10,10:00,NH-44,Downtown,1048,621,100,291,36,41.0,High,77,0,Sunny
1162,2024-04-10,11:00,Ring Road,East Zone,334,193,39,92,10,67.1,Medium,31,0,Sunny
1016,2024-04-10,11:00,MG Road,North Zone,425,224,33,125,43,53.3,High,59,0,Sunny
1429,2024-04-10,13:00,Outer Ring Road,Downtown,682,301,62,135,184,48.9,High,69,0,Sunny
2460,2024-04-10,13:00,Market Road,East Zone,677,350,66,140,121,55.7,Medium,57,0,Sunny
3733,2024-04-10,14:00,Station Road,West Zone,701,305,69,157,170,47.3,High,58,0,Sunny
2548,2024-04-10,15:00,Market Road,East Zone,768,373,69,210,116,43.0,High,54,0,Foggy
2372,2024-04-10,17:00,Market Road,North Zone,1058,626,118,211,103,43.8,High,58,0,Sunny
3489,2024-04-10,18:00,Ring Road,East Zone,1232,743,116,337,36,33.2,High,70,0,Sunny
511,2024-04-10,18:00,Lake View Road,North Zone,1197,571,114,358,154,40.7,High,80,0,Cloudy
202,2024-04-10,18:00,NH-44,North Zone,977,563,68,209,137,45.1,High,62,0,Sunny
936,2024-04-10,20:00,Green Park Rd,North Zone,716,368,65,149,134,48.2,High,57,0,Sunny
3806,2024-04-11,06:00,Airport Road,West Zone,710,361,70,134,145,49.4,High,42,0,Rainy
2100,2024-04-11,07:00,MG Road,East Zone,1406,755,154,278,219,33.4,High,72,1,Sunny
3522,2024-04-11,07:00,Green Park Rd,South Zone,1193,586,135,325,147,46.2,High,68,0,Sunny
2305,2024-04-11,09:00,Lake View Road,Downtown,2523,1250,213,698,362,12.0,High,70,0,Rainy
1425,2024-04-11,10:00,Lake View Road,Downtown,1271,620,120,363,168,31.1,High,91,0,Sunny
2102,2024-04-11,10:00,Market Road,West Zone,1550,745,140,387,278,27.9,High,82,0,Rainy
3126,2024-04-11,12:00,MG Road,Downtown,957,479,105,249,124,47.2,High,52,0,Sunny
3814,2024-04-11,15:00,Green Park Rd,Downtown,1144,576,103,212,253,43.6,High,56,0,Cloudy
1811,2024-04-11,17:00,Lake View Road,East Zone,927,494,94,181,158,47.1,High,67,0,Sunny
3020,2024-04-11,18:00,NH-44,Downtown,1598,904,185,358,151,28.2,High,68,0,Rainy
2124,2024-04-11,18:00,Station Road,South Zone,743,324,53,209,157,46.5,High,47,0,Foggy
2268,2024-04-11,19:00,Station Road,East Zone,1510,852,127,356,175,37.9,High,64,0,Sunny
3908,2024-04-11,19:00,Airport Road,North Zone,1039,466,96,227,250,34.5,High,69,0,Sunny
1836,2024-04-12,04:00,Green Park Rd,Downtown,1106,600,130,296,80,45.6,High,71,0,Sunny
2457,2024-04-12,07:00,NH-44,South Zone,1524,668,174,321,361,34.1,High,58,0,Rainy
418,2024-04-12,08:00,IT Corridor,West Zone,1572,684,162,405,321,24.5,High,70,0,Sunny
789,2024-04-12,09:00,Station Road,Downtown,2007,1179,239,483,106,14.3,High,83,0,Rainy
1474,2024-04-12,10:00,IT Corridor,South Zone,1342,687,130,386,139,25.7,High,75,0,Rainy
8,2024-04-12,16:00,Outer Ring Road,Downtown,989,531,114,228,116,44.8,High,55,0,Sunny
1,2024-04-12,18:00,Ring Road,South Zone,817,453,76,213,75,40.7,High,61,0,Rainy
3296,2024-04-12,22:00,Lake View Road,South Zone,702,304,57,186,155,46.7,High,60,0,Sunny
284,2024-04-13,00:00,Lake View Road,North Zone,679,420,79,160,20,42.8,High,74,1,Sunny
1139,2024-04-13,07:00,Ring Road,East Zone,1026,577,81,247,121,46.3,High,56,0,Sunny
3477,2024-04-13,11:00,Green Park Rd,North Zone,721,357,51,208,105,46.5,High,70,0,Cloudy
3831,2024-04-13,12:00,Station Road,Downtown,666,327,79,162,98,45.5,High,65,0,Cloudy
370,2024-04-13,14:00,Outer Ring Road,East Zone,1022,478,104,231,209,49.5,High,60,0,Sunny
2334,2024-04-13,16:00,Station Road,North Zone,699,324,66,172,137,47.4,High,55,0,Cloudy
2685,2024-04-13,16:00,Green Park Rd,South Zone,750,409,87,166,88,54.4,Medium,41,0,Sunny
1073,2024-04-13,16:00,Station Road,South Zone,575,331,53,133,58,56.4,High,49,0,Cloudy
1416,2024-04-13,17:00,Green Park Rd,South Zone,1179,682,139,235,123,36.1,High,80,0,Sunny
3604,2024-04-13,18:00,Green Park Rd,East Zone,1032,622,76,226,108,28.2,High,71,0,Foggy
1059,2024-04-13,19:00,Station Road,Downtown,1957,871,224,370,492,20.0,High,95,0,Sunny
3879,2024-04-13,19:00,NH-44,East Zone,2022,1107,185,491,239,12.0,High,71,0,Rainy
3868,2024-04-13,19:00,Lake View Road,South Zone,975,470,114,222,169,41.1,High,77,0,Sunny
1072,2024-04-13,20:00,Airport Road,North Zone,1753,833,206,366,348,17.3,High,72,0,Cloudy
1142,2024-04-13,21:00,Ring Road,South Zone,369,213,33,105,18,51.0,Medium,51,0,Sunny
2983,2024-04-13,22:00,IT Corridor,Downtown,955,512,74,215,154,30.0,High,65,0,Rainy
740,2024-04-14,07:00,Green Park Rd,East Zone,1232,663,128,283,158,35.2,High,89,0,Sunny
1593,2024-04-14,07:00,Ring Road,East Zone,974,579,108,259,28,48.7,High,63,0,Sunny
533,2024-04-14,08:00,Outer Ring Road,West Zone,1537,869,145,365,158,15.4,High,74,0,Foggy
1925,2024-04-14,16:00,Airport Road,Downtown,1416,719,103,319,275,22.4,High,66,0,Rainy
3325,2024-04-14,19:00,Outer Ring Road,Downtown,2080,1069,166,477,368,25.3,High,90,0,Sunny
2588,2024-04-14,22:00,Ring Road,South Zone,605,349,52,156,48,52.4,High,68,0,Sunny
2520,2024-04-14,22:00,IT Corridor,West Zone,927,534,97,257,39,44.6,High,78,0,Cloudy
3261,2024-04-15,02:00,Lake View Road,Downtown,832,453,65,156,158,49.3,High,65,0,Sunny
1844,2024-04-15,08:00,Market Road,North Zone,1146,692,110,310,34,34.7,High,64,0,Sunny
66,2024-04-15,10:00,Green Park Rd,South Zone,899,552,107,197,43,44.8,High,51,0,Cloudy
430,2024-04-15,17:00,Market Road,East Zone,1325,631,100,395,199,28.9,High,81,0,Cloudy
806,2024-04-15,17:00,NH-44,East Zone,1062,498,94,289,181,36.1,High,65,0,Sunny
1151,2024-04-15,18:00,Airport Road,South Zone,727,435,68,190,34,46.6,High,50,0,Sunny
2853,2024-04-15,19:00,IT Corridor,Downtown,1204,594,134,268,208,34.9,High,72,0,Sunny
2176,2024-04-15,22:00,Green Park Rd,East Zone,708,324,62,137,185,48.5,High,64,0,Cloudy
2844,2024-04-15,22:00,NH-44,East Zone,940,526,89,271,54,43.7,High,69,0,Cloudy
2320,2024-04-15,22:00,MG Road,West Zone,735,381,77,166,111,43.0,High,72,0,Foggy
1998,2024-04-16,00:00,Lake View Road,East Zone,813,404,69,188,152,50.2,Medium,53,0,Sunny
4,2024-04-16,00:00,NH-44,North Zone,609,375,71,143,20,56.5,Medium,49,0,Cloudy
3001,2024-04-16,04:00,Green Park Rd,Downtown,1020,459,101,186,274,49.9,Medium,44,0,Sunny
3709,2024-04-16,08:00,Green Park Rd,East Zone,1328,637,105,273,313,37.8,High,72,0,Sunny
3983,2024-04-16,10:00,Lake View Road,East Zone,1569,805,176,439,149,30.1,High,95,0,Cloudy
2800,2024-04-16,12:00,Market Road,East Zone,398,194,40,84,80,52.9,Medium,43,0,Foggy
1559,2024-04-16,12:00,Outer Ring Road,North Zone,664,329,72,199,64,49.5,High,58,0,Cloudy
3362,2024-04-16,15:00,Airport Road,East Zone,777,478,58,189,52,44.7,High,62,0,Rainy
2862,2024-04-16,16:00,MG Road,South Zone,514,292,37,104,81,45.5,Medium,38,0,Sunny
870,2024-04-16,17:00,NH-44,North Zone,1094,475,130,317,172,44.6,High,65,0,Sunny
2152,2024-04-16,22:00,MG Road,West Zone,904,507,76,174,147,37.3,High,65,0,Foggy
3066,2024-04-17,08:00,NH-44,South Zone,880,423,99,258,100,39.5,High,58,0,Rainy
3977,2024-04-17,09:00,Outer Ring Road,East Zone,1276,685,112,367,112,31.2,High,75,0,Foggy
3946,2024-04-17,09:00,Lake View Road,South Zone,1135,630,105,263,137,37.7,High,73,0,Sunny
2008,2024-04-17,11:00,Green Park Rd,South Zone,598,358,60,152,28,55.0,High,70,0,Sunny
166,2024-04-17,13:00,Airport Road,Downtown,584,255,65,122,142,51.6,High,52,0,Foggy
2187,2024-04-17,13:00,Ring Road,North Zone,556,340,63,115,38,49.9,Medium,54,0,Rainy
3514,2024-04-17,13:00,Green Park Rd,South Zone,657,367,64,192,34,61.1,Medium,34,0,Cloudy
416,2024-04-17,14:00,Green Park Rd,North Zone,549,259,52,152,86,55.6,Medium,47,0,Sunny
3287,2024-04-17,18:00,Ring Road,Downtown,1042,592,81,295,74,39.9,High,57,0,Rainy
1495,2024-04-17,18:00,IT Corridor,East Zone,1576,829,118,447,182,30.5,High,82,0,Sunny
1423,2024-04-17,18:00,Outer Ring Road,South Zone,869,458,77,251,83,46.0,High,50,0,Cloudy
2237,2024-04-17,19:00,Market Road,South Zone,1138,596,80,283,179,28.8,High,72,0,Foggy
1479,2024-04-17,20:00,Market Road,West Zone,1569,772,178,443,176,24.0,High,72,0,Cloudy
2671,2024-04-17,23:00,MG Road,North Zone,874,517,69,159,129,41.8,High,47,0,Rainy
3458,2024-04-18,05:00,Lake View Road,Downtown,819,358,60,242,159,41.9,High,72,0,Foggy
2757,2024-04-18,05:00,Market Road,South Zone,634,370,50,161,53,53.3,High,64,0,Sunny
3291,2024-04-18,07:00,Airport Road,South Zone,1114,644,91,286,93,37.3,High,84,0,Sunny
3014,2024-04-18,11:00,Market Road,East Zone,885,506,92,197,90,39.3,High,60,0,Sunny
3238,2024-04-18,15:00,Outer Ring Road,East Zone,750,436,65,209,40,54.0,High,53,0,Sunny
925,2024-04-18,16:00,Green Park Rd,West Zone,607,319,43,115,130,45.4,High,66,0,Foggy
3770,2024-04-18,17:00,MG Road,Downtown,2392,1394,207,602,189,12.0,High,70,0,Rainy
2554,2024-04-18,18:00,Station Road,Downtown,1887,1108,221,479,79,15.2,High,64,0,Sunny
1335,2024-04-18,18:00,MG Road,North Zone,1480,765,142,345,228,30.7,High,85,0,Sunny
2272,2024-04-18,18:00,MG Road,West Zone,943,555,72,205,111,41.6,High,62,0,Sunny
3444,2024-04-18,19:00,Lake View Road,North Zone,1675,912,137,393,233,26.6,High,80,0,Sunny
588,2024-04-18,23:00,Lake View Road,Downtown,873,510,95,218,50,42.4,High,61,0,Cloudy
1164,2024-04-19,04:00,IT Corridor,North Zone,649,351,76,120,102,50.7,Medium,35,0,Sunny
2127,2024-04-19,12:00,Station Road,Downtown,833,387,96,245,105,48.0,High,53,0,Cloudy
2407,2024-04-19,13:00,Lake View Road,Downtown,685,416,63,162,44,41.2,Medium,43,0,Sunny
3165,2024-04-19,15:00,Station Road,South Zone,567,254,40,139,134,45.9,High,62,0,Rainy
3130,2024-04-19,22:00,Airport Road,South Zone,494,279,48,145,22,54.2,Medium,53,0,Rainy
929,2024-04-20,04:00,Market Road,Downtown,643,298,68,193,84,38.8,High,60,0,Foggy
2576,2024-04-20,07:00,MG Road,East Zone,1484,806,159,341,178,24.9,High,74,0,Foggy
3470,2024-04-20,08:00,Airport Road,East Zone,1537,775,114,432,216,30.3,High,65,0,Cloudy
825,2024-04-20,08:00,Green Park Rd,North Zone,1275,671,145,299,160,40.3,High,68,0,Cloudy
931,2024-04-20,08:00,Ring Road,South Zone,976,588,74,225,89,37.2,High,79,0,Foggy
1960,2024-04-20,10:00,Market Road,West Zone,996,459,97,241,199,40.2,High,57,0,Sunny
3633,2024-04-20,14:00,IT Corridor,Downtown,994,568,101,187,138,42.9,High,67,0,Cloudy
2716,2024-04-20,15:00,IT Corridor,Downtown,766,466,80,198,22,46.4,High,57,0,Sunny
1393,2024-04-20,15:00,Outer Ring Road,Downtown,972,500,84,250,138,41.7,High,68,0,Sunny
899,2024-04-20,16:00,Station Road,West Zone,812,448,73,210,81,46.7,Medium,47,0,Cloudy
3813,2024-04-20,17:00,Airport Road,South Zone,994,492,101,194,207,37.4,High,69,0,Cloudy
1081,2024-04-20,19:00,Lake View Road,Downtown,1826,956,143,401,326,25.8,High,90,0,Sunny
3857,2024-04-20,19:00,Outer Ring Road,East Zone,853,433,67,196,157,41.4,High,46,0,Cloudy
927,2024-04-20,19:00,Station Road,North Zone,1089,605,86,213,185,38.2,High,78,0,Rainy
1141,2024-04-20,20:00,Market Road,South Zone,1161,553,123,259,226,41.6,High,84,0,Sunny
2675,2024-04-20,20:00,IT Corridor,West Zone,1227,741,112,236,138,29.4,High,75,0,Sunny
1863,2024-04-20,22:00,Station Road,South Zone,510,253,52,117,88,52.3,High,63,0,Sunny
3720,2024-04-21,05:00,Green Park Rd,South Zone,683,306,67,135,175,49.0,High,40,0,Sunny
2695,2024-04-21,13:00,Market Road,South Zone,749,418,69,141,121,35.6,High,65,0,Rainy
950,2024-04-21,14:00,IT Corridor,West Zone,919,429,85,251,154,50.5,High,56,1,Sunny
1288,2024-04-21,15:00,Station Road,North Zone,719,377,83,137,122,45.6,High,35,0,Sunny
2920,2024-04-21,17:00,Station Road,East Zone,1657,909,127,377,244,21.9,High,76,0,Cloudy
781,2024-04-21,17:00,Market Road,North Zone,983,508,99,275,101,43.1,High,67,0,Cloudy
288,2024-04-21,20:00,Market Road,Downtown,1664,1024,169,320,151,29.1,High,81,0,Sunny
262,2024-04-21,21:00,Lake View Road,South Zone,499,264,53,117,65,53.9,Medium,56,0,Cloudy
2509,2024-04-21,23:00,Airport Road,South Zone,843,432,85,209,117,50.6,Medium,40,0,Cloudy
283,2024-04-22,06:00,Lake View Road,Downtown,1163,628,109,340,86,34.0,High,74,0,Cloudy
1235,2024-04-22,08:00,Airport Road,South Zone,1088,545,81,296,166,41.8,High,63,0,Rainy
879,2024-04-22,08:00,Green Park Rd,West Zone,1820,905,200,497,218,22.2,High,70,0,Cloudy
2622,2024-04-22,08:00,Ring Road,West Zone,1085,482,103,216,284,44.1,High,75,0,Sunny
2519,2024-04-22,09:00,Station Road,Downtown,1201,667,105,258,171,32.6,High,87,0,Sunny
3581,2024-04-22,09:00,Airport Road,North Zone,1214,531,128,306,249,35.9,High,67,0,Cloudy
206,2024-04-22,09:00,Lake View Road,North Zone,1289,653,128,236,272,32.2,High,77,0,Rainy
201,2024-04-22,10:00,Lake View Road,Downtown,1668,788,129,483,268,19.5,High,63,0,Cloudy
3409,2024-04-22,11:00,Ring Road,East Zone,503,242,35,138,88,52.7,Medium,51,0,Sunny
203,2024-04-22,12:00,Airport Road,Downtown,1278,660,94,234,290,36.5,High,78,0,Sunny
1678,2024-04-22,15:00,Outer Ring Road,South Zone,592,357,58,122,55,54.4,High,42,0,Cloudy
196,2024-04-22,15:00,Airport Road,West Zone,1009,594,73,263,79,39.3,High,86,0,Rainy
1385,2024-04-22,16:00,Green Park Rd,East Zone,651,396,52,181,22,54.2,Medium,48,0,Sunny
2769,2024-04-22,17:00,Green Park Rd,East Zone,1315,771,131,374,39,39.5,High,60,0,Sunny
3317,2024-04-22,18:00,Airport Road,West Zone,1136,606,99,276,155,39.9,High,58,0,Cloudy
2801,2024-04-22,19:00,Outer Ring Road,Downtown,1502,790,112,293,307,32.8,High,74,0,Cloudy
2774,2024-04-22,21:00,NH-44,East Zone,736,441,57,215,23,50.9,Medium,42,0,Sunny
991,2024-04-22,22:00,IT Corridor,East Zone,946,492,95,272,87,39.1,High,64,0,Sunny
2354,2024-04-23,08:00,Airport Road,East Zone,1289,662,126,266,235,38.7,High,69,0,Cloudy
536,2024-04-23,08:00,Outer Ring Road,East Zone,1158,632,82,301,143,33.6,High,86,0,Sunny
1618,2024-04-23,13:00,Market Road,North Zone,1044,510,116,289,129,31.1,High,71,1,Rainy
2616,2024-04-23,16:00,Green Park Rd,South Zone,540,272,60,98,110,53.9,High,51,0,Sunny
3556,2024-04-23,17:00,Outer Ring Road,South Zone,611,359,60,156,36,53.6,High,54,0,Cloudy
2065,2024-04-23,19:00,Market Road,North Zone,1768,917,185,413,253,24.4,High,81,0,Sunny
363,2024-04-23,20:00,Lake View Road,West Zone,572,341,62,110,59,57.4,Medium,47,0,Sunny
1236,2024-04-23,21:00,IT Corridor,Downtown,961,443,99,175,244,42.9,High,53,0,Sunny
2993,2024-04-23,23:00,Lake View Road,South Zone,600,352,71,145,32,51.9,Medium,34,0,Rainy
1117,2024-04-24,08:00,Ring Road,East Zone,1414,720,134,265,295,36.4,High,76,0,Sunny
532,2024-04-24,09:00,Airport Road,North Zone,927,497,84,175,171,39.6,High,62,0,Foggy
3104,2024-04-24,09:00,MG Road,West Zone,1659,1004,130,476,49,28.7,High,75,0,Rainy
1320,2024-04-24,16:00,NH-44,East Zone,916,488,71,191,166,42.2,High,71,0,Sunny
2333,2024-04-24,20:00,Lake View Road,West Zone,1912,915,177,480,340,21.3,High,70,0,Sunny
1624,2024-04-24,23:00,NH-44,South Zone,755,457,89,187,22,45.1,High,70,0,Rainy
347,2024-04-25,01:00,IT Corridor,North Zone,681,403,71,157,50,59.2,High,58,0,Sunny
3405,2024-04-25,07:00,Airport Road,North Zone,708,333,70,175,130,44.2,High,61,0,Sunny
2773,2024-04-25,13:00,Lake View Road,Downtown,1249,671,149,352,77,30.4,High,87,0,Rainy
178,2024-04-25,15:00,Market Road,East Zone,757,428,66,199,64,48.8,High,49,0,Sunny
281,2024-04-25,17:00,Ring Road,South Zone,816,463,70,237,46,38.1,High,80,1,Cloudy
2951,2024-04-25,18:00,NH-44,Downtown,1859,849,143,445,422,22.2,High,60,0,Cloudy
1834,2024-04-25,20:00,IT Corridor,North Zone,1361,648,143,318,252,29.2,High,70,0,Sunny
2469,2024-04-25,20:00,Green Park Rd,South Zone,1253,645,120,309,179,37.3,High,70,0,Cloudy
2310,2024-04-25,20:00,Market Road,South Zone,624,291,49,165,119,55.5,Medium,42,0,Sunny
3541,2024-04-25,22:00,Station Road,West Zone,728,440,63,192,33,46.7,High,74,0,Foggy
3339,2024-04-26,05:00,IT Corridor,Downtown,1022,620,86,286,30,38.8,High,74,0,Sunny
1927,2024-04-26,06:00,Lake View Road,South Zone,573,288,45,171,69,57.1,Medium,42,0,Sunny
1353,2024-04-26,06:00,Airport Road,West Zone,912,478,70,239,125,51.2,High,59,0,Cloudy
3095,2024-04-26,07:00,Green Park Rd,Downtown,1767,1034,143,333,257,18.8,High,69,0,Sunny
2761,2024-04-26,07:00,Market Road,Downtown,1688,839,129,453,267,17.8,High,75,0,Sunny
655,2024-04-26,07:00,Station Road,Downtown,1523,672,141,382,328,25.7,High,75,0,Rainy
441,2024-04-26,07:00,Station Road,East Zone,1375,593,129,373,280,24.3,High,64,0,Rainy
2504,2024-04-26,07:00,Lake View Road,West Zone,1620,728,124,469,299,22.0,High,72,0,Cloudy
1465,2024-04-26,11:00,Outer Ring Road,South Zone,550,324,57,153,16,51.1,High,52,0,Rainy
2155,2024-04-26,12:00,Airport Road,South Zone,462,273,49,122,18,57.2,Medium,37,0,Sunny
3494,2024-04-26,15:00,Lake View Road,South Zone,603,360,64,124,55,46.4,High,50,0,Rainy
2135,2024-04-26,19:00,MG Road,East Zone,1557,717,154,390,296,24.0,High,74,0,Rainy
1792,2024-04-26,19:00,Airport Road,West Zone,1384,762,117,254,251,21.2,High,76,0,Foggy
2895,2024-04-26,20:00,IT Corridor,North Zone,1182,565,123,339,155,38.1,High,59,0,Sunny
1175,2024-04-26,20:00,NH-44,North Zone,1297,785,124,270,118,31.4,High,64,0,Cloudy
2413,2024-04-26,20:00,NH-44,South Zone,962,511,79,263,109,47.1,High,61,0,Sunny
1098,2024-04-27,00:00,Ring Road,South Zone,471,265,45,86,75,54.0,Medium,42,0,Sunny
2335,2024-04-27,07:00,MG Road,South Zone,1429,661,134,362,272,29.3,High,70,0,Rainy
974,2024-04-27,07:00,Outer Ring Road,South Zone,1160,555,131,324,150,35.7,High,65,0,Sunny
3384,2024-04-27,08:00,Lake View Road,South Zone,1609,705,115,410,379,25.1,High,81,0,Cloudy
1980,2024-04-27,09:00,Market Road,Downtown,1150,599,106,260,185,48.1,High,61,0,Sunny
3795,2024-04-27,10:00,Lake View Road,West Zone,1651,839,183,432,197,23.7,High,70,0,Cloudy
772,2024-04-27,13:00,Market Road,East Zone,734,387,67,215,65,49.7,High,58,0,Sunny
3332,2024-04-27,14:00,IT Corridor,South Zone,743,387,61,218,77,41.6,High,61,0,Foggy
985,2024-04-27,15:00,MG Road,East Zone,473,232,48,139,54,48.5,High,48,1,Foggy
2804,2024-04-27,15:00,Lake View Road,West Zone,775,456,90,141,88,46.1,High,53,0,Rainy
2204,2024-04-27,15:00,Market Road,West Zone,962,479,73,263,147,47.4,High,63,0,Sunny
453,2024-04-27,15:00,Outer Ring Road,West Zone,813,419,64,179,151,48.1,High,73,0,Cloudy
1210,2024-04-27,17:00,MG Road,West Zone,1237,632,122,316,167,36.7,High,67,0,Sunny
2666,2024-04-27,19:00,Green Park Rd,Downtown,2011,1057,173,364,417,12.0,High,76,0,Rainy
3640,2024-04-27,20:00,Airport Road,South Zone,901,476,81,261,83,46.2,High,68,0,Sunny
2779,2024-04-27,22:00,Station Road,East Zone,516,271,44,152,49,46.6,Medium,36,0,Sunny
2733,2024-04-28,04:00,Lake View Road,West Zone,694,369,80,140,105,50.2,High,44,0,Sunny
1299,2024-04-28,06:00,NH-44,South Zone,786,369,74,159,184,39.8,High,81,0,Rainy
3679,2024-04-28,08:00,Lake View Road,South Zone,811,487,86,215,23,46.9,High,39,0,Sunny
723,2024-04-28,11:00,IT Corridor,South Zone,686,421,72,147,46,50.7,Medium,53,0,Sunny
2240,2024-04-28,12:00,NH-44,North Zone,774,395,71,186,122,46.0,Medium,54,0,Sunny
2626,2024-04-28,13:00,NH-44,North Zone,652,398,72,162,20,52.5,High,51,0,Sunny
3880,2024-04-28,15:00,Lake View Road,North Zone,671,366,78,179,48,45.9,High,79,0,Sunny
1889,2024-04-28,16:00,MG Road,North Zone,900,405,104,191,200,58.4,Medium,50,0,Sunny
2063,2024-04-28,17:00,IT Corridor,North Zone,1116,529,117,334,136,41.7,High,57,0,Cloudy
3827,2024-04-28,18:00,IT Corridor,South Zone,1888,913,192,503,280,12.0,High,67,0,Rainy
2017,2024-04-28,18:00,Ring Road,South Zone,564,308,63,110,83,58.8,Medium,52,0,Sunny
2591,2024-04-28,20:00,Lake View Road,Downtown,2069,1081,217,550,221,16.0,High,83,0,Sunny
908,2024-04-28,21:00,Airport Road,West Zone,883,537,68,160,118,51.5,High,53,0,Sunny
3167,2024-04-29,01:00,MG Road,South Zone,510,240,44,95,131,54.0,Medium,43,0,Sunny
1275,2024-04-29,03:00,Airport Road,East Zone,933,461,99,202,171,40.9,High,59,1,Sunny
1586,2024-04-29,07:00,Station Road,West Zone,1518,670,177,436,235,20.7,High,78,0,Foggy
1314,2024-04-29,09:00,Market Road,South Zone,1365,626,154,267,318,38.1,High,83,0,Sunny
3143,2024-04-29,11:00,Lake View Road,South Zone,609,348,50,160,51,53.1,Medium,45,0,Sunny
2523,2024-04-29,15:00,Lake View Road,West Zone,1020,492,77,218,233,43.7,High,64,0,Rainy
2850,2024-04-29,16:00,Market Road,South Zone,835,395,98,229,113,46.6,High,55,0,Cloudy
3727,2024-04-29,19:00,NH-44,Downtown,1711,861,203,377,270,26.8,High,72,0,Sunny
2003,2024-04-29,19:00,MG Road,North Zone,1182,631,125,317,109,37.8,High,63,0,Foggy
279,2024-04-29,19:00,Station Road,West Zone,1418,854,140,339,85,31.9,High,76,0,Cloudy
434,2024-04-29,20:00,MG Road,East Zone,1594,963,139,391,101,24.3,High,84,0,Sunny
1708,2024-04-29,20:00,NH-44,North Zone,1463,778,157,404,124,31.9,High,69,0,Cloudy
3637,2024-04-29,23:00,NH-44,Downtown,1045,512,93,280,160,43.8,High,56,0,Sunny
3707,2024-04-30,08:00,Outer Ring Road,South Zone,903,415,97,246,145,45.7,High,87,0,Sunny
2341,2024-04-30,09:00,Green Park Rd,North Zone,991,444,79,193,275,45.2,High,61,0,Sunny
2212,2024-04-30,09:00,Station Road,North Zone,1276,783,114,280,99,29.5,High,95,0,Sunny
865,2024-04-30,11:00,NH-44,Downtown,1279,589,91,239,360,30.9,High,92,0,Rainy
2322,2024-04-30,16:00,Lake View Road,South Zone,462,275,53,88,46,50.8,Medium,67,0,Sunny
3141,2024-04-30,16:00,Airport Road,West Zone,944,435,71,247,191,35.1,High,75,0,Rainy
2705,2024-04-30,17:00,Station Road,Downtown,1966,1091,200,411,264,17.6,High,72,0,Sunny
177,2024-04-30,19:00,Lake View Road,North Zone,1387,708,151,394,134,28.3,High,63,0,Rainy
1997,2024-04-30,19:00,Outer Ring Road,South Zone,677,340,48,183,106,45.4,High,55,0,Sunny
9,2024-05-01,08:00,Airport Road,North Zone,732,400,75,162,95,49.3,High,55,0,Sunny
842,2024-05-01,10:00,Outer Ring Road,South Zone,949,440,93,188,228,43.2,High,65,0,Cloudy
447,2024-05-01,14:00,Green Park Rd,West Zone,767,468,83,170,46,48.9,Medium,50,0,Sunny
1882,2024-05-01,14:00,NH-44,West Zone,613,362,66,167,18,48.0,High,52,0,Foggy
3428,2024-05-01,15:00,IT Corridor,Downtown,1123,602,99,324,98,34.8,High,74,0,Rainy
613,2024-05-01,16:00,Station Road,North Zone,749,417,67,212,53,44.4,High,70,0,Sunny
3366,2024-05-01,16:00,Station Road,West Zone,955,463,104,239,149,35.3,High,69,0,Rainy
1368,2024-05-01,17:00,Outer Ring Road,North Zone,651,314,59,121,157,52.4,High,48,0,Sunny
2623,2024-05-01,19:00,Green Park Rd,North Zone,832,377,83,161,211,51.6,High,43,0,Sunny
3929,2024-05-01,19:00,Market Road,North Zone,1211,705,123,346,37,42.4,High,64,0,Sunny
1842,2024-05-01,19:00,Airport Road,West Zone,1193,589,122,234,248,41.2,High,76,0,Sunny
690,2024-05-01,20:00,NH-44,South Zone,1006,610,83,272,41,37.8,High,70,0,Sunny
593,2024-05-01,23:00,Lake View Road,Downtown,740,375,57,207,101,52.4,High,48,0,Sunny
1095,2024-05-02,10:00,IT Corridor,West Zone,1789,1078,160,453,98,18.9,High,94,0,Foggy
1848,2024-05-02,13:00,NH-44,North Zone,697,311,66,138,182,50.9,High,39,0,Foggy
225,2024-05-02,14:00,IT Corridor,West Zone,701,362,80,203,56,58.2,Medium,38,1,Sunny
1595,2024-05-02,15:00,MG Road,Downtown,1282,580,116,319,267,34.7,High,72,0,Cloudy
3620,2024-05-02,18:00,Ring Road,North Zone,945,518,110,270,47,49.9,High,52,0,Cloudy
3140,2024-05-03,03:00,Airport Road,Downtown,897,523,98,249,27,52.5,High,67,0,Sunny
2790,2024-05-03,03:00,Ring Road,West Zone,958,518,107,260,73,43.2,High,69,0,Sunny
3875,2024-05-03,05:00,Green Park Rd,South Zone,785,471,59,201,54,44.3,High,65,0,Sunny
3432,2024-05-03,07:00,Airport Road,West Zone,1242,577,99,255,311,32.0,High,75,0,Foggy
236,2024-05-03,08:00,Market Road,South Zone,983,516,106,184,177,38.2,High,61,0,Sunny
2465,2024-05-03,10:00,Outer Ring Road,Downtown,1861,1036,165,473,187,25.2,High,67,0,Sunny
2156,2024-05-03,13:00,IT Corridor,Downtown,780,361,64,212,143,41.7,High,55,0,Rainy
3080,2024-05-03,13:00,Market Road,North Zone,604,308,51,114,131,55.5,High,51,0,Sunny
429,2024-05-03,17:00,Market Road,South Zone,1128,675,84,264,105,33.7,High,61,0,Sunny
2615,2024-05-03,18:00,Ring Road,Downtown,2444,1175,259,620,390,12.0,High,71,1,Rainy
1607,2024-05-03,22:00,Airport Road,East Zone,637,337,47,190,63,59.0,Medium,51,0,Sunny
2213,2024-05-04,04:00,Outer Ring Road,Downtown,953,493,97,258,105,41.4,High,65,0,Sunny
2259,2024-05-04,06:00,Airport Road,East Zone,704,347,56,150,151,48.8,High,53,0,Cloudy
401,2024-05-04,07:00,Green Park Rd,West Zone,1213,543,143,280,247,37.7,High,83,0,Sunny
3980,2024-05-04,13:00,MG Road,North Zone,831,370,85,231,145,53.2,High,62,0,Sunny
1937,2024-05-04,13:00,MG Road,West Zone,627,367,44,129,87,53.0,Medium,37,0,Sunny
3164,2024-05-04,15:00,Green Park Rd,Downtown,1112,497,80,229,306,37.3,High,70,0,Cloudy
3469,2024-05-04,17:00,Outer Ring Road,South Zone,1144,529,136,291,188,40.6,High,48,1,Sunny
3429,2024-05-04,18:00,Market Road,East Zone,723,324,77,164,158,41.1,High,45,0,Rainy
2926,2024-05-04,20:00,IT Corridor,South Zone,1283,652,96,322,213,35.7,High,68,1,Cloudy
1063,2024-05-04,20:00,Lake View Road,West Zone,1200,701,132,332,35,38.5,High,80,0,Sunny
3425,2024-05-04,20:00,NH-44,West Zone,1394,620,109,366,299,30.5,High,70,0,Rainy
2033,2024-05-05,07:00,Market Road,East Zone,1225,567,117,359,182,36.7,High,66,0,Sunny
3399,2024-05-05,10:00,Outer Ring Road,West Zone,1386,650,151,262,323,29.7,High,95,0,Cloudy
452,2024-05-05,13:00,Outer Ring Road,North Zone,620,318,59,160,83,55.7,Medium,55,0,Sunny
821,2024-05-05,14:00,Station Road,Downtown,1100,556,107,260,177,38.3,High,64,0,Sunny
2633,2024-05-05,16:00,Lake View Road,Downtown,1031,454,95,260,222,39.3,High,65,0,Rainy
915,2024-05-05,16:00,IT Corridor,East Zone,484,254,37,89,104,53.9,Medium,59,0,Sunny
214,2024-05-05,17:00,Ring Road,Downtown,1049,568,104,248,129,45.4,High,71,0,Sunny
645,2024-05-05,17:00,Green Park Rd,East Zone,1491,808,156,292,235,26.7,High,76,0,Rainy
3443,2024-05-05,17:00,Lake View Road,West Zone,1659,971,142,486,60,27.9,High,79,0,Sunny
2823,2024-05-05,19:00,Lake View Road,West Zone,1873,848,200,534,291,21.5,High,86,0,Cloudy
2045,2024-05-05,20:00,IT Corridor,North Zone,1593,937,118,469,69,23.9,High,80,0,Rainy
3850,2024-05-05,20:00,MG Road,West Zone,1143,555,108,322,158,38.1,High,53,1,Foggy
3565,2024-05-05,20:00,Ring Road,West Zone,1540,856,124,352,208,27.6,High,79,0,Cloudy
640,2024-05-05,21:00,Market Road,South Zone,749,363,77,198,111,48.4,High,67,0,Sunny
1150,2024-05-06,00:00,Outer Ring Road,South Zone,705,354,81,183,87,46.0,High,59,0,Sunny
3282,2024-05-06,04:00,Airport Road,South Zone,639,281,75,126,157,56.0,Medium,41,0,Sunny
3356,2024-05-06,04:00,Airport Road,South Zone,1094,572,82,306,134,35.7,High,72,0,Rainy
3684,2024-05-06,08:00,IT Corridor,North Zone,1339,627,130,315,267,28.3,High,78,0,Cloudy
885,2024-05-06,09:00,Airport Road,North Zone,1108,659,129,287,33,32.9,High,81,0,Sunny
367,2024-05-06,09:00,Airport Road,South Zone,1232,630,106,319,177,39.8,High,76,0,Sunny
1871,2024-05-06,11:00,MG Road,East Zone,886,523,78,214,71,43.5,High,65,0,Rainy
444,2024-05-06,11:00,Market Road,East Zone,706,427,50,165,64,53.2,High,55,0,Sunny
3312,2024-05-06,14:00,Airport Road,East Zone,882,497,67,251,67,40.5,High,69,1,Cloudy
2872,2024-05-06,14:00,Outer Ring Road,East Zone,950,512,86,187,165,42.3,High,61,0,Cloudy
3598,2024-05-06,19:00,Ring Road,Downtown,2176,1304,228,481,163,12.0,High,74,0,Sunny
3168,2024-05-06,22:00,Outer Ring Road,North Zone,467,284,44,87,52,63.0,Medium,30,0,Sunny
3596,2024-05-07,03:00,Market Road,West Zone,950,522,110,237,81,50.7,Medium,37,0,Sunny
353,2024-05-07,06:00,Outer Ring Road,South Zone,596,366,51,108,71,56.0,Medium,33,0,Sunny
1317,2024-05-07,08:00,Market Road,West Zone,1460,890,171,355,44,22.6,High,78,0,Sunny
306,2024-05-07,09:00,Airport Road,West Zone,1383,620,110,265,388,31.8,High,84,0,Sunny
2420,2024-05-07,14:00,IT Corridor,West Zone,1245,659,109,348,129,30.9,High,59,0,Sunny
1342,2024-05-07,15:00,Green Park Rd,East Zone,752,399,66,188,99,42.5,High,68,0,Foggy
3024,2024-05-07,16:00,Lake View Road,East Zone,1277,744,126,368,39,36.2,High,75,0,Rainy
249,2024-05-07,16:00,Ring Road,South Zone,938,410,111,257,160,47.6,High,51,0,Cloudy
2673,2024-05-07,17:00,Airport Road,North Zone,1602,852,154,401,195,23.5,High,68,0,Sunny
1187,2024-05-07,19:00,Green Park Rd,West Zone,1564,692,185,284,403,32.5,High,80,0,Cloudy
3084,2024-05-07,21:00,MG Road,West Zone,675,373,58,163,81,55.0,High,74,0,Sunny
171,2024-05-07,22:00,Outer Ring Road,Downtown,846,492,60,199,95,47.3,High,64,0,Cloudy
100,2024-05-08,08:00,NH-44,East Zone,1282,708,141,353,80,34.6,High,74,0,Cloudy
2681,2024-05-08,10:00,NH-44,North Zone,891,491,92,174,134,51.8,High,65,0,Sunny
2052,2024-05-08,11:00,IT Corridor,East Zone,768,415,88,180,85,53.6,High,56,0,Cloudy
2826,2024-05-08,15:00,Station Road,West Zone,696,413,68,165,50,53.7,High,55,0,Sunny
3012,2024-05-08,16:00,MG Road,West Zone,834,426,81,202,125,48.4,High,71,0,Cloudy
1413,2024-05-08,17:00,Green Park Rd,Downtown,1637,982,161,333,161,30.4,High,84,0,Sunny
2524,2024-05-08,20:00,MG Road,North Zone,1076,512,79,276,209,43.4,High,60,0,Sunny
2109,2024-05-08,20:00,Market Road,North Zone,1225,571,135,269,250,31.9,High,73,0,Sunny
445,2024-05-08,20:00,Market Road,West Zone,1423,833,152,396,42,37.3,High,74,0,Sunny
253,2024-05-08,22:00,Ring Road,East Zone,661,314,71,121,155,51.7,High,63,0,Cloudy
2997,2024-05-08,23:00,Lake View Road,North Zone,864,466,69,222,107,42.1,High,59,0,Sunny
2525,2024-05-09,00:00,Green Park Rd,West Zone,792,471,84,162,75,51.7,High,63,0,Sunny
2011,2024-05-09,07:00,MG Road,North Zone,1627,907,183,360,177,27.8,High,81,0,Sunny
1115,2024-05-09,07:00,Ring Road,North Zone,1072,615,78,211,168,35.9,High,64,0,Sunny
1964,2024-05-09,08:00,Outer Ring Road,East Zone,1484,803,128,306,247,27.9,High,71,0,Sunny
2393,2024-05-09,12:00,Green Park Rd,North Zone,874,450,102,243,79,45.8,High,71,0,Cloudy
2286,2024-05-09,13:00,Lake View Road,East Zone,666,398,52,147,69,38.3,High,55,1,Sunny
1012,2024-05-09,13:00,Outer Ring Road,East Zone,727,370,55,216,86,47.1,Medium,52,0,Sunny
2301,2024-05-09,16:00,Green Park Rd,North Zone,559,276,46,129,108,50.3,High,59,1,Sunny
1371,2024-05-09,16:00,Lake View Road,North Zone,684,302,55,143,184,45.0,High,63,0,Sunny
215,2024-05-09,16:00,Green Park Rd,South Zone,499,304,42,135,18,57.7,High,66,0,Sunny
208,2024-05-09,17:00,Market Road,Downtown,1795,797,157,449,392,18.9,High,81,0,Cloudy
2433,2024-05-09,19:00,Outer Ring Road,Downtown,1516,821,132,375,188,14.1,High,76,0,Rainy
2440,2024-05-09,19:00,Outer Ring Road,North Zone,1221,562,124,292,243,36.1,High,76,0,Rainy
1736,2024-05-09,21:00,MG Road,East Zone,877,387,73,219,198,45.9,High,65,0,Cloudy
3028,2024-05-10,06:00,NH-44,North Zone,764,371,85,148,160,45.5,High,63,0,Sunny
1483,2024-05-10,07:00,Green Park Rd,South Zone,1053,514,99,201,239,34.9,High,57,0,Sunny
42,2024-05-10,08:00,NH-44,Downtown,1472,726,119,325,302,24.7,High,70,0,Sunny
2887,2024-05-10,10:00,Airport Road,South Zone,431,228,30,84,89,49.1,High,66,0,Sunny
1421,2024-05-10,10:00,Outer Ring Road,South Zone,1113,565,83,260,205,35.2,High,69,0,Foggy
276,2024-05-10,13:00,Airport Road,North Zone,522,246,58,140,78,51.3,Medium,40,0,Cloudy
1939,2024-05-10,14:00,Green Park Rd,North Zone,746,414,80,180,72,38.4,High,56,0,Rainy
16,2024-05-10,14:00,Outer Ring Road,West Zone,482,278,44,90,70,55.0,Medium,60,0,Cloudy
127,2024-05-10,16:00,Airport Road,East Zone,521,311,42,153,15,50.5,High,60,0,Cloudy
3045,2024-05-10,16:00,Ring Road,East Zone,750,377,73,140,160,46.2,High,52,0,Sunny
1244,2024-05-10,20:00,Airport Road,East Zone,1305,773,95,270,167,30.4,High,85,0,Sunny
1903,2024-05-10,23:00,Station Road,East Zone,849,490,95,214,50,44.2,High,67,0,Rainy
2717,2024-05-11,07:00,Outer Ring Road,North Zone,1020,593,119,250,58,30.5,High,80,0,Foggy
3867,2024-05-11,08:00,Airport Road,North Zone,1249,711,118,318,102,28.2,High,69,0,Sunny
2715,2024-05-11,09:00,MG Road,East Zone,1080,594,113,255,118,34.4,High,64,0,Foggy
3211,2024-05-11,09:00,IT Corridor,North Zone,1156,524,99,338,195,36.7,High,71,0,Sunny
1051,2024-05-11,11:00,Green Park Rd,Downtown,482,209,36,123,114,48.0,High,48,0,Foggy
627,2024-05-11,15:00,NH-44,North Zone,736,368,81,153,134,42.3,High,59,0,Cloudy
1240,2024-05-11,18:00,Green Park Rd,North Zone,818,388,59,199,172,50.1,High,52,0,Sunny
2181,2024-05-11,20:00,Market Road,Downtown,2144,1181,221,425,317,13.6,High,67,0,Sunny
2101,2024-05-11,20:00,Lake View Road,South Zone,1021,622,99,219,81,39.6,High,72,0,Sunny
2479,2024-05-12,01:00,Ring Road,West Zone,695,416,69,137,73,56.3,High,60,0,Sunny
983,2024-05-12,06:00,Airport Road,West Zone,843,377,64,163,239,46.6,High,77,0,Sunny
594,2024-05-12,08:00,NH-44,Downtown,2484,1227,256,705,296,12.0,High,71,0,Cloudy
1989,2024-05-12,08:00,Green Park Rd,West Zone,1397,626,146,320,305,32.6,High,73,0,Sunny
746,2024-05-12,09:00,Station Road,South Zone,1362,749,135,335,143,30.5,High,71,0,Foggy
2557,2024-05-12,10:00,Market Road,North Zone,1133,500,90,302,241,45.4,High,57,0,Sunny
1147,2024-05-12,11:00,Airport Road,West Zone,746,349,83,193,121,43.2,High,62,0,Sunny
2140,2024-05-12,13:00,NH-44,East Zone,850,429,96,156,169,50.3,High,65,0,Sunny
3881,2024-05-12,18:00,IT Corridor,South Zone,943,566,79,269,29,35.3,High,77,0,Rainy
3033,2024-05-12,18:00,Lake View Road,South Zone,879,491,71,231,86,48.6,High,63,0,Sunny
852,2024-05-12,19:00,Lake View Road,South Zone,1192,654,127,292,119,36.5,High,53,0,Sunny
809,2024-05-12,20:00,Lake View Road,Downtown,1374,615,143,341,275,35.0,High,66,0,Sunny
1656,2024-05-12,20:00,Market Road,Downtown,1606,891,156,467,92,26.0,High,95,0,Sunny
163,2024-05-13,00:00,Airport Road,West Zone,1070,598,115,317,40,34.4,High,68,0,Rainy
656,2024-05-13,01:00,NH-44,East Zone,856,465,66,226,99,48.3,High,43,0,Sunny
3106,2024-05-13,06:00,Airport Road,North Zone,834,359,80,204,191,51.3,High,67,0,Sunny
1130,2024-05-13,06:00,MG Road,South Zone,670,340,77,144,109,48.0,High,56,1,Foggy
3842,2024-05-13,08:00,Station Road,West Zone,1211,641,110,286,174,33.7,High,62,0,Cloudy
2384,2024-05-13,11:00,Station Road,North Zone,744,461,69,136,78,45.6,High,63,0,Sunny
1722,2024-05-13,12:00,MG Road,East Zone,316,191,24,92,9,55.1,Medium,42,0,Sunny
3436,2024-05-13,13:00,Green Park Rd,Downtown,792,367,95,199,131,42.9,High,67,0,Rainy
973,2024-05-13,13:00,Market Road,East Zone,864,513,84,213,54,44.0,High,57,0,Rainy
1359,2024-05-13,15:00,MG Road,South Zone,1026,497,91,205,233,48.8,High,79,0,Cloudy
1076,2024-05-13,18:00,MG Road,Downtown,2133,1220,244,607,62,12.0,High,72,0,Sunny
3037,2024-05-13,22:00,NH-44,East Zone,567,302,63,142,60,53.5,High,68,0,Cloudy
44,2024-05-14,02:00,IT Corridor,West Zone,949,549,75,228,97,40.8,High,58,0,Cloudy
3855,2024-05-14,07:00,Lake View Road,West Zone,700,326,55,168,151,47.7,High,45,0,Cloudy
2637,2024-05-14,08:00,Airport Road,West Zone,1504,787,149,376,192,36.2,High,69,0,Sunny
304,2024-05-14,08:00,Station Road,West Zone,1257,765,98,259,135,34.2,High,62,0,Sunny
3584,2024-05-14,13:00,IT Corridor,East Zone,730,362,76,188,104,59.9,High,43,0,Sunny
111,2024-05-14,20:00,IT Corridor,South Zone,1003,527,105,195,176,31.4,High,65,0,Foggy
2676,2024-05-15,07:00,MG Road,North Zone,1477,688,118,287,384,15.7,High,77,0,Rainy
2279,2024-05-15,07:00,Outer Ring Road,North Zone,1104,580,131,209,184,42.9,High,66,0,Sunny
619,2024-05-15,13:00,Lake View Road,West Zone,879,400,62,236,181,39.4,High,63,0,Foggy
3252,2024-05-15,14:00,Ring Road,Downtown,735,419,73,141,102,49.7,High,57,0,Sunny
3594,2024-05-15,14:00,NH-44,East Zone,769,354,68,155,192,39.4,High,61,0,Rainy
2326,2024-05-15,15:00,NH-44,Downtown,1162,631,121,261,149,41.3,High,63,0,Cloudy
101,2024-05-15,17:00,MG Road,South Zone,1143,615,125,264,139,39.1,High,62,0,Sunny
2174,2024-05-15,18:00,Green Park Rd,Downtown,848,366,97,182,203,50.0,High,65,0,Sunny
1108,2024-05-15,18:00,Green Park Rd,East Zone,1621,972,131,309,209,24.8,High,95,0,Sunny
2580,2024-05-15,18:00,NH-44,South Zone,608,326,72,157,53,55.2,High,47,0,Sunny
694,2024-05-15,19:00,IT Corridor,East Zone,1273,675,95,276,227,38.8,High,63,0,Cloudy
2068,2024-05-15,19:00,IT Corridor,South Zone,995,575,93,205,122,43.9,High,67,0,Rainy
3235,2024-05-15,21:00,Ring Road,South Zone,579,348,62,113,56,53.6,High,44,0,Cloudy
1597,2024-05-16,00:00,Ring Road,West Zone,898,430,83,250,135,50.9,High,68,0,Sunny
1172,2024-05-16,06:00,Ring Road,East Zone,1118,617,93,283,125,36.5,High,81,0,Sunny
183,2024-05-16,10:00,Station Road,South Zone,1226,625,145,278,178,32.2,High,70,0,Cloudy
1028,2024-05-16,13:00,Green Park Rd,East Zone,225,104,19,60,42,56.0,Medium,56,0,Foggy
3765,2024-05-16,15:00,Lake View Road,West Zone,970,422,95,263,190,52.8,High,49,0,Sunny
3008,2024-05-16,17:00,Outer Ring Road,North Zone,1063,600,127,238,98,39.5,High,64,0,Sunny
1467,2024-05-16,18:00,Green Park Rd,Downtown,1854,880,180,467,327,18.5,High,74,0,Sunny
959,2024-05-16,18:00,Green Park Rd,West Zone,1245,580,107,271,287,28.2,High,78,0,Rainy
2793,2024-05-16,20:00,IT Corridor,West Zone,1535,844,149,341,201,17.5,High,77,0,Rainy
3711,2024-05-16,23:00,IT Corridor,Downtown,1399,700,147,306,246,23.9,High,72,0,Rainy
2487,2024-05-17,00:00,Outer Ring Road,West Zone,834,457,62,241,74,43.7,High,58,0,Sunny
3811,2024-05-17,07:00,Station Road,North Zone,1399,766,125,390,118,31.4,High,66,0,Cloudy
811,2024-05-17,09:00,IT Corridor,East Zone,974,535,82,285,72,46.9,High,40,0,Sunny
2574,2024-05-17,15:00,MG Road,West Zone,1105,612,95,298,100,33.4,High,67,0,Rainy
2797,2024-05-17,17:00,NH-44,North Zone,640,282,55,138,165,45.0,High,66,0,Rainy
3797,2024-05-17,18:00,IT Corridor,Downtown,1330,591,133,328,278,27.2,High,86,0,Rainy
1008,2024-05-17,19:00,NH-44,West Zone,1039,484,103,223,229,32.7,High,80,0,Rainy
2247,2024-05-17,21:00,Station Road,Downtown,674,400,80,166,28,54.8,High,55,0,Sunny
2933,2024-05-17,23:00,MG Road,South Zone,620,358,48,139,75,51.1,High,64,0,Rainy
3706,2024-05-18,08:00,MG Road,East Zone,1597,714,131,417,335,17.6,High,74,0,Rainy
1000,2024-05-18,09:00,NH-44,Downtown,1912,1060,205,496,151,25.0,High,82,0,Sunny
3968,2024-05-18,14:00,IT Corridor,East Zone,770,462,64,162,82,46.4,High,42,0,Foggy
3067,2024-05-18,16:00,IT Corridor,South Zone,536,288,53,132,63,51.6,Medium,49,0,Sunny
2564,2024-05-18,19:00,IT Corridor,Downtown,1463,684,111,389,279,33.4,High,72,0,Sunny
103,2024-05-18,19:00,Ring Road,North Zone,1657,720,190,353,394,30.5,High,69,0,Sunny
3464,2024-05-18,19:00,NH-44,West Zone,1504,719,111,445,229,36.0,High,64,0,Sunny
3472,2024-05-18,20:00,Market Road,East Zone,1383,649,123,326,285,37.8,High,67,0,Sunny
3500,2024-05-19,09:00,MG Road,North Zone,1051,481,103,237,230,39.5,High,67,0,Sunny
2597,2024-05-19,09:00,IT Corridor,South Zone,1157,650,92,262,153,29.7,High,72,0,Rainy
992,2024-05-19,12:00,Market Road,West Zone,555,307,53,155,40,55.8,Medium,48,0,Sunny
1533,2024-05-19,15:00,IT Corridor,East Zone,475,258,55,122,40,52.2,Medium,54,0,Rainy
3744,2024-05-19,18:00,Station Road,South Zone,925,513,100,174,138,44.0,High,61,0,Sunny
267,2024-05-19,20:00,Station Road,Downtown,1725,926,201,490,108,25.3,High,81,0,Sunny
2164,2024-05-20,00:00,Green Park Rd,North Zone,500,237,58,148,57,50.5,High,60,0,Foggy
1503,2024-05-20,03:00,Green Park Rd,East Zone,701,352,60,194,95,41.6,High,50,0,Sunny
609,2024-05-20,03:00,Market Road,South Zone,644,298,77,146,123,50.8,High,54,0,Cloudy
3247,2024-05-20,10:00,Market Road,East Zone,1920,946,189,553,232,22.2,High,78,0,Cloudy
2203,2024-05-20,10:00,Station Road,South Zone,1150,671,103,299,77,34.5,High,66,0,Rainy
3592,2024-05-20,10:00,Ring Road,West Zone,1511,711,157,313,330,38.7,High,70,0,Cloudy
3989,2024-05-20,13:00,Lake View Road,North Zone,818,395,65,182,176,45.2,High,57,0,Foggy
642,2024-05-20,14:00,Station Road,East Zone,731,357,81,152,141,51.6,High,62,0,Sunny
3716,2024-05-20,15:00,Market Road,East Zone,798,357,56,204,181,48.0,High,72,0,Sunny
2412,2024-05-20,16:00,Market Road,South Zone,761,353,58,206,144,49.3,High,63,0,Sunny
2423,2024-05-20,17:00,Outer Ring Road,East Zone,1330,645,124,298,263,38.4,High,77,0,Foggy
1138,2024-05-20,22:00,MG Road,North Zone,710,350,81,195,84,57.0,Medium,49,0,Sunny
1219,2024-05-20,23:00,MG Road,East Zone,899,427,88,263,121,40.0,High,69,0,Sunny
388,2024-05-21,08:00,Ring Road,Downtown,1177,592,136,271,178,36.8,High,66,0,Foggy
2079,2024-05-21,08:00,IT Corridor,East Zone,669,305,74,165,125,51.4,High,76,0,Cloudy
3241,2024-05-21,14:00,Outer Ring Road,Downtown,1131,645,135,316,35,36.6,High,70,0,Sunny
996,2024-05-21,17:00,Outer Ring Road,East Zone,1179,538,97,231,313,40.2,High,63,0,Sunny
3113,2024-05-21,17:00,Ring Road,South Zone,1069,541,83,211,234,41.8,High,70,0,Cloudy
2880,2024-05-21,18:00,Ring Road,South Zone,1034,513,72,212,237,29.6,High,64,0,Foggy
1523,2024-05-21,20:00,Green Park Rd,North Zone,799,480,72,221,26,52.3,Medium,38,0,Cloudy
3152,2024-05-21,20:00,Lake View Road,West Zone,1482,859,147,293,183,27.9,High,83,0,Cloudy
3097,2024-05-21,21:00,Lake View Road,North Zone,869,473,65,215,116,46.1,Medium,40,0,Cloudy
2351,2024-05-21,23:00,Airport Road,West Zone,581,290,47,119,125,52.1,High,62,0,Sunny
3321,2024-05-22,06:00,NH-44,North Zone,381,166,28,82,105,55.4,Medium,38,0,Sunny
3090,2024-05-22,06:00,Station Road,West Zone,553,317,62,158,16,44.4,High,55,0,Foggy
2877,2024-05-22,07:00,Market Road,West Zone,1546,864,137,340,205,27.6,High,69,0,Cloudy
3885,2024-05-22,09:00,MG Road,West Zone,1390,793,156,400,41,21.5,High,77,0,Rainy
148,2024-05-22,10:00,Outer Ring Road,South Zone,733,318,79,152,184,50.6,Medium,35,0,Sunny
1451,2024-05-22,13:00,Green Park Rd,South Zone,536,320,57,97,62,52.2,Medium,51,0,Cloudy
2244,2024-05-22,15:00,NH-44,East Zone,800,471,94,211,24,50.7,High,48,0,Sunny
1843,2024-05-22,15:00,Ring Road,North Zone,943,584,88,226,45,51.4,High,70,0,Cloudy
2946,2024-05-22,18:00,MG Road,East Zone,1620,875,173,296,276,33.4,High,70,0,Cloudy
2114,2024-05-22,18:00,Station Road,North Zone,680,350,68,143,119,44.1,Medium,55,0,Sunny
1067,2024-05-22,18:00,IT Corridor,South Zone,1469,875,130,420,44,26.8,High,61,0,Cloudy
389,2024-05-22,19:00,IT Corridor,West Zone,561,301,44,122,94,53.5,High,60,0,Sunny
678,2024-05-22,20:00,Airport Road,Downtown,1565,698,168,343,356,29.9,High,65,0,Sunny
2369,2024-05-22,21:00,Ring Road,East Zone,1094,564,80,263,187,31.4,High,54,0,Rainy
2118,2024-05-22,22:00,Green Park Rd,West Zone,867,389,73,256,149,44.7,High,42,0,Cloudy
3627,2024-05-23,01:00,Ring Road,North Zone,434,247,40,125,22,58.4,High,56,0,Sunny
2679,2024-05-23,09:00,Outer Ring Road,West Zone,1644,934,150,345,215,30.0,High,75,0,Sunny
579,2024-05-23,10:00,Outer Ring Road,South Zone,1168,654,128,222,164,33.4,High,61,0,Foggy
233,2024-05-23,10:00,Ring Road,South Zone,549,273,51,151,74,52.7,High,50,0,Sunny
427,2024-05-23,12:00,Outer Ring Road,West Zone,1136,591,115,273,157,36.6,High,87,0,Rainy
1228,2024-05-23,13:00,NH-44,North Zone,617,316,60,134,107,42.4,High,55,0,Sunny
466,2024-05-23,13:00,Airport Road,West Zone,805,366,58,149,232,56.5,High,53,0,Cloudy
2925,2024-05-23,13:00,Station Road,West Zone,1012,467,86,273,186,41.9,High,70,0,Cloudy
2328,2024-05-23,16:00,MG Road,Downtown,850,502,89,197,62,43.5,Medium,56,0,Sunny
585,2024-05-23,16:00,Market Road,Downtown,499,302,50,105,42,52.4,Medium,51,0,Sunny
260,2024-05-23,16:00,Airport Road,East Zone,724,407,51,159,107,46.2,High,44,0,Sunny
2175,2024-05-23,18:00,MG Road,South Zone,776,339,75,201,161,39.2,High,61,0,Foggy
682,2024-05-23,19:00,Market Road,North Zone,1506,717,176,289,324,29.2,High,76,0,Rainy
704,2024-05-24,05:00,Station Road,Downtown,1227,557,108,329,233,35.1,High,70,0,Cloudy
3624,2024-05-24,07:00,Lake View Road,Downtown,734,376,83,183,92,39.5,High,72,0,Foggy
1069,2024-05-24,08:00,Ring Road,Downtown,1763,799,211,463,290,20.4,High,67,0,Rainy
2066,2024-05-24,08:00,MG Road,East Zone,1211,643,112,357,99,38.2,High,70,0,Sunny
1967,2024-05-24,08:00,Ring Road,South Zone,1045,529,74,200,242,42.1,High,78,0,Sunny
433,2024-05-24,12:00,NH-44,South Zone,626,361,45,145,75,47.9,High,56,0,Sunny
918,2024-05-24,13:00,MG Road,North Zone,638,313,46,145,134,53.9,High,58,0,Sunny
3488,2024-05-24,14:00,Airport Road,West Zone,831,423,85,235,88,49.4,High,57,0,Sunny
623,2024-05-24,16:00,MG Road,South Zone,890,437,99,178,176,39.7,High,68,0,Rainy
754,2024-05-24,18:00,Market Road,East Zone,1232,621,111,287,213,35.8,High,85,0,Sunny
1766,2024-05-24,21:00,IT Corridor,Downtown,975,492,87,252,144,44.5,High,47,0,Cloudy
1580,2024-05-24,21:00,Ring Road,North Zone,714,396,55,154,109,44.3,High,44,0,Cloudy
2325,2024-05-24,21:00,Market Road,South Zone,549,265,56,154,74,54.9,Medium,52,0,Sunny
1341,2024-05-25,00:00,Outer Ring Road,West Zone,703,408,53,205,37,41.9,High,51,0,Cloudy
2771,2024-05-25,04:00,IT Corridor,Downtown,890,488,98,195,109,46.8,High,63,0,Sunny
3363,2024-05-25,07:00,MG Road,South Zone,931,479,92,181,179,41.9,High,52,0,Sunny
726,2024-05-25,08:00,Lake View Road,Downtown,1515,894,156,395,70,27.3,High,76,0,Foggy
2178,2024-05-25,10:00,Airport Road,East Zone,1053,606,110,283,54,33.5,High,58,0,Rainy
3754,2024-05-25,11:00,NH-44,East Zone,845,520,80,167,78,41.2,High,79,0,Foggy
2427,2024-05-25,12:00,Airport Road,North Zone,413,232,33,84,64,60.4,Medium,31,0,Sunny
1526,2024-05-25,13:00,NH-44,West Zone,749,440,59,198,52,51.4,High,60,0,Sunny
2256,2024-05-25,15:00,Lake View Road,East Zone,863,443,77,206,137,35.9,High,56,0,Rainy
2231,2024-05-25,16:00,IT Corridor,West Zone,1030,626,73,282,49,33.7,High,54,0,Rainy
600,2024-05-25,18:00,Market Road,North Zone,1059,644,94,205,116,44.1,High,69,0,Sunny
926,2024-05-25,20:00,MG Road,East Zone,1322,766,149,369,38,24.0,High,92,0,Foggy
3309,2024-05-25,23:00,Outer Ring Road,West Zone,822,477,59,189,97,52.8,High,64,0,Sunny
273,2024-05-26,00:00,Station Road,North Zone,873,458,68,251,96,44.4,High,62,0,Cloudy
2077,2024-05-26,04:00,Market Road,West Zone,1016,489,112,193,222,44.6,High,52,0,Cloudy
244,2024-05-26,05:00,Green Park Rd,West Zone,923,493,69,213,148,36.0,High,55,0,Sunny
3710,2024-05-26,05:00,Outer Ring Road,West Zone,923,477,105,252,89,42.4,Medium,42,0,Sunny
3314,2024-05-26,07:00,Ring Road,Downtown,1520,801,120,392,207,31.0,High,70,0,Sunny
3511,2024-05-26,08:00,Green Park Rd,Downtown,1236,603,134,326,173,39.7,High,60,0,Cloudy
3118,2024-05-26,08:00,Outer Ring Road,Downtown,1546,747,175,451,173,22.1,High,69,0,Rainy
3280,2024-05-26,08:00,Outer Ring Road,North Zone,986,581,76,195,134,43.7,High,50,0,Sunny
1750,2024-05-26,08:00,Station Road,South Zone,1104,546,79,268,211,29.4,High,67,1,Rainy
326,2024-05-26,11:00,Lake View Road,Downtown,858,373,86,246,153,47.1,High,52,0,Sunny
494,2024-05-26,11:00,MG Road,Downtown,834,385,96,171,182,46.4,High,63,0,Foggy
672,2024-05-26,11:00,Green Park Rd,South Zone,919,531,104,257,27,45.0,High,59,0,Rainy
1636,2024-05-26,12:00,Lake View Road,Downtown,1070,523,118,219,210,36.1,High,67,0,Rainy
1287,2024-05-26,12:00,MG Road,East Zone,760,348,87,220,105,49.2,High,56,0,Sunny
3200,2024-05-26,13:00,Airport Road,East Zone,670,363,58,144,105,55.3,Medium,46,0,Sunny
3491,2024-05-26,13:00,Green Park Rd,North Zone,551,299,57,162,33,46.8,High,46,0,Foggy
3547,2024-05-26,13:00,Lake View Road,West Zone,882,420,76,263,123,41.5,High,63,0,Sunny
432,2024-05-26,14:00,Airport Road,East Zone,665,328,50,127,160,51.5,Medium,42,0,Sunny
1883,2024-05-26,14:00,IT Corridor,North Zone,677,393,79,154,51,49.5,High,49,0,Sunny
1402,2024-05-27,03:00,Airport Road,Downtown,1039,466,79,201,293,53.5,High,54,0,Cloudy
3395,2024-05-27,04:00,Outer Ring Road,South Zone,561,258,44,157,102,60.1,Medium,61,0,Cloudy
1552,2024-05-27,05:00,MG Road,North Zone,945,454,104,275,112,45.0,High,60,1,Sunny
1124,2024-05-27,07:00,Ring Road,East Zone,1096,644,108,266,78,42.6,High,59,0,Sunny
647,2024-05-27,07:00,Station Road,East Zone,940,412,71,206,251,38.7,High,60,1,Sunny
3079,2024-05-27,08:00,IT Corridor,Downtown,1754,972,202,406,174,14.3,High,79,0,Foggy
2876,2024-05-27,08:00,Lake View Road,East Zone,1084,506,117,299,162,41.7,High,70,0,Rainy
2558,2024-05-27,12:00,Station Road,East Zone,780,390,80,197,113,40.7,High,55,0,Foggy
3664,2024-05-27,15:00,Airport Road,East Zone,895,451,74,203,167,35.7,High,82,0,Cloudy
2784,2024-05-27,17:00,Airport Road,East Zone,1196,719,103,334,40,43.7,High,61,0,Sunny
1824,2024-05-27,18:00,Airport Road,South Zone,1284,775,142,298,69,35.2,High,75,0,Sunny
1209,2024-05-27,19:00,IT Corridor,Downtown,926,502,106,233,85,43.0,High,51,0,Sunny
245,2024-05-27,21:00,Airport Road,Downtown,1277,764,118,326,69,30.3,High,78,0,Cloudy
241,2024-05-27,22:00,MG Road,South Zone,514,264,40,94,116,50.9,High,62,0,Sunny
3180,2024-05-28,05:00,Green Park Rd,East Zone,637,307,48,141,141,50.5,High,61,0,Sunny
2631,2024-05-28,08:00,MG Road,Downtown,1751,813,185,336,417,23.5,High,70,0,Sunny
3783,2024-05-28,09:00,Lake View Road,South Zone,1479,728,139,321,291,31.0,High,88,0,Rainy
2632,2024-05-28,10:00,NH-44,Downtown,1466,885,106,422,53,32.7,High,78,0,Sunny
2290,2024-05-28,10:00,Station Road,South Zone,2217,1170,197,602,248,12.0,High,70,0,Rainy
1443,2024-05-28,13:00,Station Road,East Zone,1069,508,124,275,162,29.8,High,78,0,Rainy
664,2024-05-28,14:00,Outer Ring Road,South Zone,585,343,69,126,47,51.0,High,51,0,Cloudy
2595,2024-05-28,15:00,Lake View Road,North Zone,609,277,57,136,139,51.4,High,60,0,Sunny
1380,2024-05-28,16:00,Ring Road,East Zone,1190,678,136,305,71,27.5,High,72,1,Rainy
2241,2024-05-28,17:00,Airport Road,West Zone,1133,667,85,286,95,38.8,High,82,0,Foggy
2486,2024-05-28,18:00,MG Road,North Zone,1152,708,101,308,35,35.1,High,72,0,Sunny
3502,2024-05-28,18:00,NH-44,North Zone,1630,871,158,340,261,21.5,High,82,0,Sunny
2343,2024-05-28,18:00,Lake View Road,West Zone,2044,1106,212,584,142,17.1,High,78,0,Cloudy
2447,2024-05-28,19:00,Station Road,East Zone,1719,972,155,378,214,12.0,High,91,0,Rainy
1170,2024-05-28,19:00,NH-44,South Zone,668,333,55,184,96,49.8,High,60,0,Sunny
3128,2024-05-29,01:00,Ring Road,East Zone,759,360,83,167,149,48.0,High,64,0,Cloudy
946,2024-05-29,07:00,Market Road,Downtown,1852,860,192,467,333,12.7,High,73,0,Sunny
402,2024-05-29,07:00,NH-44,East Zone,1371,691,148,355,177,36.9,High,90,0,Sunny
1201,2024-05-29,09:00,IT Corridor,West Zone,1698,920,158,325,295,27.8,High,65,0,Cloudy
1897,2024-05-29,13:00,Airport Road,West Zone,1099,658,109,203,129,36.3,High,65,0,Sunny
2242,2024-05-29,13:00,Market Road,West Zone,860,448,90,158,164,34.3,High,72,1,Rainy
2312,2024-05-29,15:00,Ring Road,South Zone,533,230,50,110,143,55.6,Medium,39,0,Sunny
17,2024-05-29,17:00,Green Park Rd,West Zone,1290,795,132,313,50,38.6,High,82,0,Sunny
3063,2024-05-29,17:00,Market Road,West Zone,1272,554,102,330,286,29.3,High,75,0,Foggy
2644,2024-05-29,22:00,Outer Ring Road,East Zone,601,330,64,159,48,46.5,High,62,0,Foggy
1285,2024-05-30,02:00,IT Corridor,West Zone,854,412,73,178,191,44.6,High,43,0,Sunny
366,2024-05-30,06:00,Station Road,North Zone,967,463,88,251,165,42.1,High,54,0,Sunny
2353,2024-05-30,07:00,Market Road,East Zone,1661,723,125,316,497,22.5,High,86,0,Sunny
584,2024-05-30,08:00,Green Park Rd,Downtown,1349,749,121,270,209,31.0,High,78,0,Sunny
2638,2024-05-30,08:00,NH-44,South Zone,751,377,83,140,151,41.9,High,67,0,Cloudy
2435,2024-05-30,13:00,Ring Road,West Zone,847,426,97,254,70,43.9,High,69,0,Sunny
255,2024-05-30,17:00,Lake View Road,North Zone,1593,849,169,434,141,33.1,High,87,0,Cloudy
827,2024-05-30,20:00,Airport Road,South Zone,1053,627,113,258,55,37.2,High,52,0,Cloudy
2044,2024-05-30,21:00,Lake View Road,South Zone,317,180,29,81,27,63.9,Medium,42,0,Sunny
550,2024-05-30,21:00,Market Road,West Zone,735,396,63,139,137,50.1,High,64,0,Sunny
15,2024-05-31,02:00,Lake View Road,West Zone,791,402,65,170,154,43.5,High,77,0,Rainy
1394,2024-05-31,06:00,Ring Road,Downtown,920,558,104,231,27,37.1,High,68,0,Cloudy
2840,2024-05-31,07:00,NH-44,East Zone,1308,628,128,381,171,27.2,High,85,0,Sunny
1921,2024-05-31,07:00,IT Corridor,North Zone,968,583,96,260,29,46.9,High,57,0,Sunny
2555,2024-05-31,07:00,IT Corridor,South Zone,948,424,92,239,193,43.1,High,72,0,Cloudy
549,2024-05-31,09:00,Airport Road,North Zone,1411,811,147,372,81,28.8,High,65,0,Sunny
2216,2024-05-31,09:00,Station Road,North Zone,1262,701,151,342,68,29.3,High,80,1,Rainy
2901,2024-05-31,09:00,IT Corridor,South Zone,1005,494,89,197,225,29.9,High,71,0,Sunny
1192,2024-05-31,11:00,Green Park Rd,Downtown,1005,502,88,280,135,41.0,High,57,0,Cloudy
3570,2024-05-31,13:00,NH-44,West Zone,990,485,86,235,184,39.3,High,64,0,Rainy
190,2024-05-31,15:00,Outer Ring Road,North Zone,517,299,44,106,68,58.2,High,50,0,Sunny
1478,2024-05-31,15:00,Outer Ring Road,North Zone,515,300,58,142,15,48.5,Medium,55,0,Rainy
506,2024-05-31,15:00,Lake View Road,South Zone,548,314,56,102,76,48.2,High,58,0,Rainy
2224,2024-05-31,18:00,MG Road,East Zone,1310,767,98,278,167,40.9,High,83,0,Cloudy
957,2024-05-31,20:00,Green Park Rd,Downtown,1209,550,135,262,262,25.3,High,81,1,Foggy
3480,2024-05-31,20:00,NH-44,South Zone,709,347,66,146,150,53.5,High,56,0,Sunny
277,2024-05-31,22:00,NH-44,East Zone,841,443,93,152,153,49.7,Medium,50,0,Sunny
2756,2024-05-31,22:00,Airport Road,West Zone,602,282,54,109,157,51.4,Medium,40,0,Cloudy
1546,2024-06-01,04:00,NH-44,Downtown,710,329,61,180,140,47.8,High,57,0,Sunny
3844,2024-06-01,07:00,Market Road,East Zone,1115,555,127,272,161,41.3,High,65,0,Sunny
290,2024-06-01,09:00,MG Road,Downtown,1637,1014,169,323,131,24.9,High,78,0,Sunny
2138,2024-06-01,12:00,Lake View Road,West Zone,596,260,42,170,124,57.6,Medium,39,0,Cloudy
3228,2024-06-01,12:00,Ring Road,West Zone,852,400,84,189,179,43.4,High,41,0,Cloudy
3299,2024-06-01,15:00,IT Corridor,West Zone,716,323,69,152,172,45.8,Medium,56,0,Foggy
1350,2024-06-01,16:00,MG Road,North Zone,655,310,77,139,129,46.4,High,47,0,Sunny
1781,2024-06-01,17:00,IT Corridor,North Zone,771,370,73,192,136,35.9,High,73,0,Rainy
397,2024-06-01,17:00,Lake View Road,South Zone,912,402,88,188,234,45.7,High,77,0,Sunny
1528,2024-06-01,19:00,MG Road,North Zone,1158,564,88,304,202,35.0,High,61,0,Sunny
1068,2024-06-01,22:00,NH-44,East Zone,1107,492,132,206,277,33.6,High,65,0,Sunny
2612,2024-06-01,23:00,Market Road,East Zone,298,142,35,56,65,52.5,Medium,42,0,Foggy
2137,2024-06-02,04:00,MG Road,East Zone,991,531,81,233,146,39.1,High,84,0,Rainy
2721,2024-06-02,06:00,Ring Road,North Zone,750,421,67,172,90,53.9,Medium,43,0,Sunny
1176,2024-06-02,06:00,Outer Ring Road,South Zone,663,339,47,140,137,54.9,High,61,0,Sunny
1835,2024-06-02,07:00,NH-44,North Zone,1197,553,135,256,253,38.9,High,80,0,Sunny
3032,2024-06-02,08:00,Station Road,Downtown,705,344,70,182,109,36.6,High,55,0,Foggy
893,2024-06-02,09:00,Station Road,Downtown,1808,828,171,341,468,13.4,High,82,0,Rainy
3125,2024-06-02,09:00,Market Road,North Zone,1102,552,83,254,213,41.9,High,61,0,Sunny
1333,2024-06-02,12:00,Lake View Road,Downtown,928,557,106,224,41,44.6,High,58,0,Sunny
3975,2024-06-02,15:00,Green Park Rd,West Zone,888,497,98,178,115,39.6,High,62,1,Cloudy
2942,2024-06-02,16:00,Green Park Rd,Downtown,835,454,86,221,74,42.0,High,63,0,Sunny
2879,2024-06-02,16:00,Station Road,Downtown,950,413,75,271,191,42.2,High,48,0,Rainy
2219,2024-06-02,16:00,NH-44,South Zone,514,264,50,127,73,61.2,Medium,42,0,Sunny
465,2024-06-02,18:00,Market Road,East Zone,1340,644,106,357,233,26.4,High,66,1,Rainy
3692,2024-06-02,18:00,Outer Ring Road,East Zone,1198,529,95,259,315,40.2,High,70,0,Sunny
769,2024-06-02,19:00,Outer Ring Road,North Zone,1589,792,188,434,175,28.5,High,67,0,Sunny
1408,2024-06-02,20:00,Green Park Rd,East Zone,1424,766,163,268,227,26.0,High,65,0,Rainy
3417,2024-06-02,20:00,MG Road,East Zone,1053,504,103,275,171,35.9,High,66,0,Sunny
2365,2024-06-02,20:00,IT Corridor,West Zone,1209,715,97,278,119,38.3,High,70,0,Sunny
1202,2024-06-02,20:00,Market Road,West Zone,1357,816,134,311,96,33.0,High,64,0,Foggy
3512,2024-06-02,21:00,Station Road,West Zone,1077,520,82,247,228,36.3,High,57,0,Rainy
3338,2024-06-03,04:00,Market Road,East Zone,855,510,90,161,94,51.5,High,76,0,Sunny
2474,2024-06-03,06:00,Lake View Road,North Zone,621,292,48,164,117,53.7,High,38,0,Sunny
1653,2024-06-03,07:00,NH-44,North Zone,1290,794,145,313,38,38.0,High,52,0,Sunny
368,2024-06-03,10:00,Outer Ring Road,East Zone,1431,848,167,373,43,30.5,High,82,0,Cloudy
3418,2024-06-03,15:00,Ring Road,North Zone,662,323,66,171,102,57.3,High,65,0,Sunny
1677,2024-06-03,17:00,Lake View Road,West Zone,1378,633,126,390,229,19.0,High,80,0,Sunny
838,2024-06-03,19:00,Market Road,North Zone,1632,966,116,450,100,20.5,High,77,0,Rainy
2449,2024-06-04,04:00,Airport Road,East Zone,644,299,77,138,130,50.0,Medium,36,0,Cloudy
3705,2024-06-04,07:00,Station Road,East Zone,1652,719,141,382,410,20.9,High,78,1,Rainy
2006,2024-06-04,09:00,Outer Ring Road,North Zone,1002,509,79,188,226,38.1,High,71,0,Foggy
3373,2024-06-04,09:00,Lake View Road,South Zone,777,450,84,220,23,44.5,High,67,0,Foggy
3955,2024-06-04,10:00,NH-44,West Zone,1447,716,173,279,279,22.1,High,92,0,Sunny
3049,2024-06-04,12:00,Station Road,East Zone,704,434,52,130,88,51.3,High,61,0,Cloudy
3828,2024-06-04,14:00,Green Park Rd,South Zone,387,173,27,84,103,48.6,Medium,37,0,Rainy
3076,2024-06-04,18:00,Green Park Rd,North Zone,1191,730,93,330,38,40.9,High,64,0,Sunny
2172,2024-06-04,18:00,Green Park Rd,South Zone,867,533,71,203,60,49.0,High,66,0,Sunny
1203,2024-06-04,20:00,Airport Road,North Zone,1149,597,121,263,168,30.8,High,71,0,Foggy
3388,2024-06-04,21:00,IT Corridor,West Zone,873,465,84,252,72,46.1,High,52,0,Rainy
688,2024-06-04,23:00,Outer Ring Road,West Zone,797,357,59,156,225,48.5,High,61,0,Cloudy
3209,2024-06-05,06:00,Outer Ring Road,South Zone,652,307,64,194,87,41.9,Medium,47,0,Rainy
1082,2024-06-05,07:00,Green Park Rd,Downtown,1663,768,198,380,317,19.0,High,89,0,Cloudy
3397,2024-06-05,07:00,Outer Ring Road,North Zone,1665,834,158,487,186,22.7,High,87,0,Rainy
1107,2024-06-05,12:00,IT Corridor,West Zone,903,526,86,222,69,43.6,High,52,0,Sunny
2170,2024-06-05,15:00,Station Road,East Zone,697,414,66,165,52,54.2,High,51,0,Sunny
2054,2024-06-05,16:00,NH-44,South Zone,739,371,74,157,137,50.2,High,61,0,Cloudy
1733,2024-06-05,17:00,Airport Road,Downtown,1631,751,170,340,370,25.2,High,68,0,Sunny
3870,2024-06-05,17:00,IT Corridor,South Zone,1214,578,145,270,221,37.2,High,56,0,Rainy
1085,2024-06-05,19:00,Outer Ring Road,West Zone,1224,650,144,303,127,33.8,High,71,0,Cloudy
92,2024-06-05,22:00,Ring Road,North Zone,623,330,62,160,71,48.8,High,69,0,Sunny
1110,2024-06-05,23:00,Ring Road,Downtown,883,468,75,226,114,44.2,High,58,0,Rainy
3704,2024-06-05,23:00,Market Road,West Zone,824,447,65,191,121,43.8,High,56,0,Cloudy
2383,2024-06-06,05:00,IT Corridor,West Zone,601,348,63,127,63,60.9,Medium,55,0,Sunny
431,2024-06-06,07:00,IT Corridor,Downtown,1771,896,199,381,295,19.2,High,72,0,Sunny
2321,2024-06-06,11:00,Lake View Road,East Zone,911,536,93,254,28,38.2,High,55,0,Sunny
1524,2024-06-06,11:00,Station Road,South Zone,828,369,86,240,133,40.6,High,73,0,Rainy
2177,2024-06-06,15:00,Ring Road,Downtown,412,192,30,94,96,56.3,Medium,40,0,Sunny
1665,2024-06-06,15:00,Ring Road,North Zone,632,360,76,174,22,43.2,High,60,0,Foggy
311,2024-06-06,16:00,Airport Road,West Zone,802,450,91,147,114,39.0,High,54,0,Foggy
3647,2024-06-06,17:00,IT Corridor,Downtown,1719,758,203,439,319,29.4,High,76,0,Sunny
1224,2024-06-06,17:00,Station Road,South Zone,928,518,74,247,89,41.5,High,61,0,Rainy
334,2024-06-06,18:00,Outer Ring Road,North Zone,1019,530,101,241,147,52.8,High,51,0,Sunny
2381,2024-06-06,19:00,IT Corridor,East Zone,1479,864,130,437,48,28.5,High,74,0,Sunny
3173,2024-06-06,21:00,Lake View Road,South Zone,494,255,35,139,65,45.1,Medium,61,0,Foggy
1313,2024-06-06,21:00,Lake View Road,West Zone,968,515,68,191,194,43.8,High,54,0,Sunny
3303,2024-06-06,23:00,NH-44,Downtown,919,541,74,210,94,42.2,High,50,1,Sunny
2747,2024-06-06,23:00,IT Corridor,North Zone,665,357,78,151,79,60.3,Medium,45,0,Sunny
3016,2024-06-06,23:00,MG Road,North Zone,810,493,58,174,85,39.2,High,59,0,Foggy
1477,2024-06-07,05:00,Airport Road,East Zone,637,297,50,167,123,53.6,High,50,0,Cloudy
3913,2024-06-07,06:00,Green Park Rd,North Zone,652,382,70,174,26,47.6,High,51,0,Sunny
2749,2024-06-07,09:00,NH-44,North Zone,992,500,101,220,171,49.0,High,66,0,Cloudy
2097,2024-06-07,15:00,Station Road,North Zone,692,402,82,147,61,55.3,Medium,51,0,Sunny
1914,2024-06-07,18:00,IT Corridor,East Zone,1147,580,101,281,185,37.2,High,74,0,Sunny
2190,2024-06-07,20:00,Lake View Road,Downtown,1726,1006,186,346,188,25.6,High,81,0,Sunny
1100,2024-06-07,22:00,Lake View Road,Downtown,687,421,76,167,23,51.4,Medium,47,0,Sunny
840,2024-06-08,02:00,IT Corridor,West Zone,850,443,60,243,104,47.8,High,40,0,Cloudy
1583,2024-06-08,05:00,Station Road,South Zone,612,344,64,144,60,47.6,High,66,0,Rainy
3859,2024-06-08,05:00,IT Corridor,West Zone,659,372,69,135,83,51.8,High,49,0,Rainy
219,2024-06-08,06:00,Lake View Road,East Zone,833,411,67,188,167,38.8,High,63,0,Rainy
3665,2024-06-08,07:00,IT Corridor,North Zone,992,463,84,281,164,32.7,High,93,1,Foggy
3382,2024-06-08,08:00,Ring Road,North Zone,916,525,68,233,90,48.4,High,65,0,Sunny
2245,2024-06-08,10:00,Airport Road,Downtown,1219,596,143,248,232,33.2,High,78,0,Foggy
2289,2024-06-08,10:00,Outer Ring Road,East Zone,1266,654,133,265,214,29.0,High,83,0,Rainy
2602,2024-06-08,10:00,MG Road,West Zone,1158,600,86,294,178,33.8,High,70,0,Sunny
1663,2024-06-08,11:00,NH-44,East Zone,649,288,69,166,126,53.1,Medium,51,0,Cloudy
153,2024-06-08,15:00,Outer Ring Road,West Zone,635,341,62,181,51,44.4,High,63,0,Rainy
2497,2024-06-08,16:00,Airport Road,East Zone,1077,632,117,297,31,43.6,High,58,0,Rainy
269,2024-06-08,16:00,Outer Ring Road,East Zone,782,385,84,206,107,46.6,Medium,45,0,Cloudy
504,2024-06-08,19:00,Lake View Road,East Zone,1116,626,115,269,106,37.3,High,58,0,Sunny
660,2024-06-08,19:00,Market Road,South Zone,1012,488,111,299,114,38.5,High,73,0,Sunny
1819,2024-06-08,19:00,IT Corridor,West Zone,1587,855,156,403,173,21.7,High,89,0,Rainy
2873,2024-06-08,20:00,Lake View Road,North Zone,1073,647,82,275,69,39.0,High,55,0,Sunny
2429,2024-06-08,20:00,Market Road,North Zone,1283,562,106,328,287,27.1,High,77,0,Foggy
192,2024-06-08,20:00,NH-44,North Zone,1034,505,104,266,159,40.3,High,71,1,Sunny
2347,2024-06-09,03:00,NH-44,North Zone,766,394,76,184,112,49.9,High,59,0,Sunny
350,2024-06-09,04:00,IT Corridor,North Zone,578,345,46,149,38,54.5,High,56,0,Sunny
2893,2024-06-09,06:00,NH-44,East Zone,847,425,63,196,163,41.6,High,50,0,Sunny
2239,2024-06-09,06:00,Lake View Road,North Zone,370,173,37,91,69,63.2,Medium,50,0,Sunny
299,2024-06-09,06:00,Ring Road,South Zone,794,473,80,211,30,49.0,High,51,0,Sunny
3947,2024-06-09,07:00,Station Road,Downtown,2036,1088,149,436,363,12.0,High,70,0,Sunny
280,2024-06-09,08:00,IT Corridor,North Zone,1416,829,158,326,103,37.8,High,65,0,Sunny
3924,2024-06-09,08:00,Ring Road,South Zone,1002,547,90,222,143,39.2,High,57,0,Sunny
2089,2024-06-09,09:00,NH-44,East Zone,1197,713,115,334,35,34.7,High,65,0,Cloudy
1284,2024-06-09,09:00,Airport Road,West Zone,1288,626,96,235,331,35.5,High,74,0,Cloudy
1197,2024-06-09,11:00,MG Road,West Zone,1020,472,96,190,262,43.7,High,62,0,Cloudy
2023,2024-06-09,12:00,Market Road,West Zone,816,474,94,149,99,43.4,High,63,0,Sunny
2781,2024-06-09,13:00,Market Road,East Zone,898,491,77,182,148,44.0,High,76,0,Cloudy
1493,2024-06-09,16:00,Station Road,West Zone,723,365,61,171,126,53.6,Medium,53,0,Sunny
3149,2024-06-09,18:00,Green Park Rd,North Zone,1387,621,116,275,375,32.1,High,67,0,Sunny
24,2024-06-09,18:00,Lake View Road,North Zone,1446,730,166,422,128,22.2,High,86,1,Rainy
3311,2024-06-09,18:00,Market Road,South Zone,916,531,105,196,84,39.3,High,64,0,Sunny
1825,2024-06-09,19:00,Lake View Road,South Zone,1042,538,87,241,176,38.1,High,69,0,Foggy
1004,2024-06-09,19:00,IT Corridor,West Zone,1783,906,138,351,388,18.0,High,86,0,Cloudy
3712,2024-06-10,01:00,Lake View Road,East Zone,964,578,110,194,82,42.9,High,73,0,Cloudy
1754,2024-06-10,07:00,Market Road,North Zone,1525,682,125,429,289,25.2,High,79,0,Rainy
3774,2024-06-10,08:00,Ring Road,West Zone,1291,746,108,338,99,44.6,High,73,0,Sunny
771,2024-06-10,10:00,Ring Road,North Zone,513,302,47,108,56,58.1,High,53,0,Sunny
2746,2024-06-10,10:00,Green Park Rd,South Zone,1192,574,109,243,266,36.4,High,60,0,Sunny
3841,2024-06-10,12:00,Airport Road,West Zone,792,491,59,164,78,52.0,High,64,1,Cloudy
3451,2024-06-10,14:00,MG Road,Downtown,881,444,90,238,109,45.6,Medium,30,0,Rainy
72,2024-06-10,14:00,Lake View Road,South Zone,782,338,91,151,202,46.0,High,67,0,Sunny
3625,2024-06-10,15:00,Green Park Rd,Downtown,1188,715,111,327,35,33.7,High,75,0,Sunny
3220,2024-06-10,17:00,Green Park Rd,West Zone,967,533,78,210,146,50.7,High,53,0,Sunny
1248,2024-06-10,18:00,Green Park Rd,East Zone,1679,935,130,354,260,20.4,High,76,0,Rainy
3018,2024-06-10,19:00,Lake View Road,West Zone,1558,802,115,348,293,29.2,High,73,0,Cloudy
595,2024-06-11,03:00,Station Road,West Zone,947,548,95,235,69,47.6,Medium,57,0,Cloudy
2847,2024-06-11,06:00,Airport Road,Downtown,949,538,93,203,115,47.9,High,45,0,Cloudy
3053,2024-06-11,08:00,Airport Road,East Zone,1033,558,104,297,74,47.0,High,53,0,Sunny
105,2024-06-11,09:00,Lake View Road,Downtown,1484,820,112,312,240,26.1,High,80,0,Foggy
1971,2024-06-11,11:00,IT Corridor,Downtown,776,385,73,216,102,41.2,High,62,0,Foggy
3577,2024-06-11,12:00,Market Road,South Zone,575,249,59,110,157,59.1,High,52,0,Cloudy
1687,2024-06-11,14:00,NH-44,East Zone,928,572,107,205,44,34.5,High,71,0,Rainy
3537,2024-06-11,14:00,NH-44,East Zone,475,240,38,100,97,53.5,High,53,0,Cloudy
296,2024-06-11,16:00,Lake View Road,Downtown,1315,566,146,326,277,26.9,High,65,0,Rainy
508,2024-06-11,18:00,NH-44,North Zone,1035,630,92,194,119,48.3,High,51,0,Cloudy
1755,2024-06-11,19:00,Outer Ring Road,Downtown,696,362,67,205,62,44.8,High,60,0,Rainy
3812,2024-06-11,19:00,Outer Ring Road,Downtown,1493,868,137,301,187,34.7,High,68,0,Sunny
2390,2024-06-11,22:00,Green Park Rd,North Zone,931,528,102,261,40,42.2,High,72,0,Cloudy
2277,2024-06-12,04:00,Airport Road,Downtown,950,443,76,227,204,44.1,High,52,0,Sunny
541,2024-06-12,05:00,Market Road,Downtown,937,429,94,205,209,39.7,High,56,0,Sunny
3600,2024-06-12,08:00,NH-44,Downtown,2536,1350,217,496,473,12.0,High,75,0,Rainy
1716,2024-06-12,09:00,IT Corridor,East Zone,1099,560,100,199,240,37.8,High,70,0,Cloudy
3490,2024-06-12,11:00,Green Park Rd,South Zone,611,280,56,118,157,45.3,High,69,0,Sunny
1384,2024-06-12,13:00,Lake View Road,Downtown,985,480,73,292,140,42.8,High,75,0,Cloudy
1974,2024-06-12,14:00,Lake View Road,South Zone,548,253,53,117,125,53.6,Medium,52,0,Sunny
2232,2024-06-12,14:00,Outer Ring Road,South Zone,577,250,62,160,105,57.7,Medium,38,0,Sunny
670,2024-06-12,16:00,Ring Road,East Zone,747,330,65,137,215,43.9,High,58,0,Foggy
2596,2024-06-12,17:00,Outer Ring Road,East Zone,1015,450,77,286,202,43.4,High,62,0,Sunny
2977,2024-06-12,17:00,MG Road,South Zone,1116,524,130,205,257,41.7,High,60,0,Cloudy
2403,2024-06-12,18:00,Airport Road,North Zone,1087,564,104,212,207,40.5,High,41,0,Cloudy
3145,2024-06-12,19:00,MG Road,Downtown,1980,1010,226,468,276,12.0,High,75,0,Sunny
2498,2024-06-12,21:00,Station Road,North Zone,667,395,56,180,36,51.4,High,56,0,Sunny
692,2024-06-12,22:00,Market Road,Downtown,1021,621,77,267,56,35.5,High,64,0,Sunny
3483,2024-06-13,06:00,IT Corridor,West Zone,842,491,67,227,57,48.3,High,61,0,Sunny
1277,2024-06-13,10:00,Outer Ring Road,West Zone,1590,836,180,426,148,24.3,High,80,0,Cloudy
1349,2024-06-13,11:00,Outer Ring Road,North Zone,638,337,61,119,121,52.0,High,58,0,Cloudy
2882,2024-06-13,13:00,Ring Road,South Zone,710,413,84,188,25,42.5,High,63,0,Rainy
3805,2024-06-13,18:00,Ring Road,East Zone,1490,798,127,402,163,31.3,High,90,0,Sunny
751,2024-06-13,18:00,Ring Road,South Zone,974,582,87,260,45,54.7,High,62,0,Sunny
1046,2024-06-13,19:00,Market Road,West Zone,1493,918,162,297,116,35.8,High,72,0,Sunny
185,2024-06-13,20:00,Outer Ring Road,East Zone,1281,611,91,294,285,37.6,High,68,0,Sunny
2001,2024-06-13,21:00,Airport Road,North Zone,815,365,77,171,202,43.8,High,60,0,Sunny
3449,2024-06-13,22:00,Market Road,North Zone,876,392,76,217,191,45.9,High,59,0,Sunny
617,2024-06-13,23:00,Lake View Road,East Zone,499,273,43,95,88,49.6,Medium,49,0,Foggy
1789,2024-06-14,11:00,Airport Road,South Zone,792,462,62,184,84,42.5,High,53,0,Rainy
1838,2024-06-14,13:00,Station Road,Downtown,1209,596,143,237,233,25.9,High,79,0,Rainy
802,2024-06-14,15:00,Market Road,Downtown,1469,811,123,411,124,24.8,High,81,0,Rainy
3342,2024-06-14,18:00,Airport Road,South Zone,1211,559,142,311,199,32.7,High,73,0,Sunny
2378,2024-06-14,18:00,Station Road,South Zone,1035,473,93,195,274,39.3,High,58,0,Sunny
1238,2024-06-14,19:00,Outer Ring Road,East Zone,1419,787,137,273,222,26.6,High,66,0,Rainy
1805,2024-06-14,19:00,Ring Road,North Zone,994,545,90,264,95,48.1,High,45,0,Sunny
3767,2024-06-14,21:00,Outer Ring Road,North Zone,649,368,56,156,69,48.6,Medium,51,0,Sunny
2228,2024-06-15,08:00,Green Park Rd,North Zone,1190,692,96,238,164,35.1,High,70,0,Cloudy
47,2024-06-15,09:00,Ring Road,South Zone,858,479,76,188,115,44.8,High,60,0,Sunny
2271,2024-06-15,14:00,Station Road,West Zone,1117,598,129,287,103,41.4,High,71,0,Cloudy
2927,2024-06-15,15:00,Green Park Rd,West Zone,566,254,48,107,157,56.0,High,52,0,Sunny
634,2024-06-15,16:00,Lake View Road,Downtown,922,490,83,243,106,48.9,Medium,59,0,Sunny
3386,2024-06-15,17:00,Green Park Rd,Downtown,1525,810,172,428,115,30.0,High,81,0,Sunny
2966,2024-06-15,17:00,NH-44,Downtown,2226,1075,254,404,493,12.0,High,60,0,Sunny
2260,2024-06-15,22:00,Outer Ring Road,South Zone,563,333,53,157,20,47.3,High,53,0,Sunny
1011,2024-06-16,06:00,Green Park Rd,Downtown,737,405,73,147,112,50.2,High,44,0,Sunny
2954,2024-06-16,09:00,MG Road,West Zone,1376,707,100,319,250,33.5,High,71,0,Sunny
3286,2024-06-16,10:00,Lake View Road,Downtown,1406,674,113,266,353,36.5,High,70,0,Cloudy
515,2024-06-16,17:00,MG Road,North Zone,970,488,114,219,149,44.0,High,74,0,Cloudy
610,2024-06-16,19:00,Ring Road,Downtown,1905,999,177,385,344,12.0,High,72,0,Foggy
1638,2024-06-16,19:00,Station Road,North Zone,682,358,63,147,114,50.3,High,47,0,Cloudy
1361,2024-06-16,23:00,Ring Road,East Zone,1035,617,80,233,105,34.4,High,80,0,Rainy
3569,2024-06-17,08:00,Airport Road,Downtown,1640,797,128,329,386,27.5,High,78,0,Cloudy
2589,2024-06-17,08:00,Station Road,East Zone,1070,632,105,302,31,40.4,High,53,0,Sunny
2907,2024-06-17,12:00,Green Park Rd,Downtown,910,494,87,209,120,48.7,High,63,0,Sunny
1644,2024-06-17,12:00,Market Road,North Zone,677,322,76,156,123,50.3,High,55,0,Sunny
298,2024-06-17,17:00,Outer Ring Road,South Zone,1031,489,106,248,188,43.4,High,49,0,Cloudy
3957,2024-06-17,20:00,Airport Road,North Zone,1281,667,112,293,209,41.4,High,74,0,Sunny
2090,2024-06-17,21:00,Market Road,South Zone,792,487,83,147,75,41.0,High,64,0,Rainy
408,2024-06-18,06:00,Outer Ring Road,Downtown,1025,602,84,248,91,43.2,High,63,0,Sunny
3836,2024-06-18,06:00,Ring Road,South Zone,810,374,63,165,208,56.0,High,61,0,Cloudy
1498,2024-06-18,07:00,Green Park Rd,West Zone,1820,1110,144,487,79,16.9,High,76,0,Rainy
160,2024-06-18,11:00,Airport Road,North Zone,626,320,60,182,64,61.1,Medium,49,0,Cloudy
1601,2024-06-18,14:00,IT Corridor,West Zone,646,306,48,174,118,47.7,High,56,0,Cloudy
847,2024-06-18,14:00,Market Road,West Zone,818,475,91,227,25,49.2,High,59,0,Cloudy
611,2024-06-18,16:00,NH-44,Downtown,780,434,82,165,99,41.4,High,39,0,Cloudy
3431,2024-06-18,16:00,Green Park Rd,West Zone,667,407,56,184,20,50.3,High,58,0,Sunny
1650,2024-06-18,17:00,NH-44,East Zone,1655,725,189,379,362,18.9,High,78,0,Rainy
32,2024-06-18,18:00,MG Road,East Zone,1614,928,168,301,217,23.0,High,86,0,Rainy
375,2024-06-18,18:00,Station Road,North Zone,1485,861,116,418,90,29.8,High,69,0,Sunny
2214,2024-06-18,18:00,Ring Road,South Zone,884,524,66,192,102,49.9,High,71,0,Cloudy
2660,2024-06-19,00:00,Ring Road,Downtown,1320,709,153,332,126,34.3,High,68,0,Sunny
1144,2024-06-19,04:00,Market Road,West Zone,679,324,55,130,170,54.4,High,56,0,Sunny
1992,2024-06-19,05:00,Airport Road,East Zone,796,405,84,218,89,38.8,High,53,0,Rainy
3560,2024-06-19,08:00,MG Road,South Zone,1059,525,76,289,169,37.4,High,71,0,Rainy
1485,2024-06-19,16:00,Outer Ring Road,Downtown,740,361,67,149,163,49.6,High,64,0,Sunny
3820,2024-06-19,17:00,Outer Ring Road,Downtown,1968,1070,159,568,171,13.3,High,76,0,Cloudy
149,2024-06-19,23:00,Lake View Road,West Zone,674,388,55,134,97,46.6,High,43,0,Cloudy
2619,2024-06-20,05:00,Ring Road,Downtown,830,471,79,198,82,42.5,High,44,0,Sunny
121,2024-06-20,07:00,Lake View Road,Downtown,1749,852,127,441,329,14.4,High,81,0,Rainy
3185,2024-06-20,07:00,Airport Road,East Zone,1923,1178,202,457,86,17.1,High,80,0,Rainy
3374,2024-06-20,07:00,NH-44,North Zone,1213,636,145,312,120,33.9,High,79,0,Rainy
1009,2024-06-20,10:00,Outer Ring Road,South Zone,1356,794,120,325,117,36.7,High,90,0,Sunny
217,2024-06-20,12:00,Station Road,South Zone,727,397,86,174,70,48.2,High,43,0,Rainy
2303,2024-06-20,14:00,MG Road,West Zone,798,353,67,195,183,43.1,High,72,0,Rainy
189,2024-06-20,16:00,Green Park Rd,East Zone,673,375,50,164,84,53.9,High,49,0,Cloudy
2199,2024-06-20,16:00,Airport Road,South Zone,675,352,69,141,113,53.5,High,55,0,Sunny
1424,2024-06-20,17:00,MG Road,West Zone,1647,795,131,409,312,18.6,High,77,0,Rainy
332,2024-06-20,20:00,NH-44,North Zone,962,493,71,257,141,45.3,High,37,0,Rainy
1887,2024-06-21,05:00,Station Road,South Zone,639,332,52,135,120,54.0,Medium,39,0,Sunny
384,2024-06-21,06:00,IT Corridor,West Zone,677,383,80,132,82,41.8,High,62,0,Sunny
641,2024-06-21,07:00,Market Road,West Zone,1092,482,113,256,241,34.7,High,67,0,Cloudy
2200,2024-06-21,08:00,Green Park Rd,South Zone,1120,685,123,269,43,39.5,High,73,0,Sunny
2496,2024-06-21,10:00,Outer Ring Road,South Zone,749,377,85,209,78,45.1,High,60,0,Cloudy
1366,2024-06-21,12:00,Market Road,East Zone,610,301,54,178,77,57.7,Medium,50,0,Sunny
2417,2024-06-21,12:00,Green Park Rd,West Zone,1134,668,121,252,93,32.8,High,58,0,Sunny
2765,2024-06-21,13:00,Outer Ring Road,Downtown,775,437,58,219,61,46.2,High,51,0,Sunny
3772,2024-06-21,13:00,Market Road,West Zone,793,359,75,162,197,51.6,High,64,0,Sunny
2545,2024-06-21,14:00,Airport Road,North Zone,517,279,49,110,79,47.7,High,49,0,Sunny
3615,2024-06-21,16:00,MG Road,West Zone,1140,519,136,332,153,32.4,High,74,1,Sunny
659,2024-06-21,17:00,Lake View Road,Downtown,2011,1173,177,533,128,18.7,High,82,0,Sunny
3134,2024-06-21,17:00,Lake View Road,Downtown,1800,1007,204,452,137,26.2,High,84,0,Sunny
981,2024-06-21,17:00,Ring Road,Downtown,1743,833,155,492,263,21.6,High,73,0,Rainy
3498,2024-06-21,17:00,Station Road,South Zone,816,412,79,214,111,42.6,High,63,0,Cloudy
1114,2024-06-21,17:00,Airport Road,West Zone,2203,1155,209,568,271,12.0,High,73,0,Rainy
661,2024-06-21,19:00,Outer Ring Road,East Zone,1492,843,122,331,196,30.5,High,81,0,Sunny
760,2024-06-21,20:00,IT Corridor,West Zone,1464,794,174,269,227,26.5,High,73,1,Rainy
1841,2024-06-22,07:00,IT Corridor,East Zone,1310,796,125,273,116,31.2,High,81,1,Sunny
361,2024-06-22,08:00,NH-44,West Zone,1437,802,131,394,110,24.4,High,86,0,Cloudy
1772,2024-06-22,11:00,NH-44,West Zone,713,404,65,186,58,44.9,High,53,0,Sunny
3301,2024-06-22,17:00,Lake View Road,South Zone,1135,588,109,253,185,38.9,High,57,0,Sunny
608,2024-06-22,18:00,Airport Road,North Zone,1233,632,127,242,232,32.3,High,71,0,Rainy
2621,2024-06-22,18:00,Green Park Rd,North Zone,1333,616,157,323,237,39.7,High,77,0,Cloudy
2833,2024-06-22,18:00,NH-44,West Zone,1454,773,115,415,151,29.4,High,63,0,Sunny
3196,2024-06-22,19:00,Airport Road,North Zone,1184,667,119,349,49,41.5,High,59,0,Sunny
3914,2024-06-22,22:00,NH-44,Downtown,807,434,80,198,95,41.3,High,69,0,Cloudy
1737,2024-06-23,01:00,Ring Road,East Zone,653,300,60,174,119,50.6,High,62,0,Sunny
3306,2024-06-23,04:00,Station Road,North Zone,781,393,77,194,117,48.1,High,57,0,Sunny
2059,2024-06-23,08:00,Lake View Road,Downtown,2095,1131,172,623,169,17.8,High,69,0,Cloudy
3830,2024-06-23,09:00,Outer Ring Road,Downtown,1503,676,167,284,376,32.1,High,74,0,Sunny
3838,2024-06-23,10:00,Airport Road,South Zone,1280,597,121,352,210,38.2,High,53,0,Sunny
1999,2024-06-23,14:00,NH-44,North Zone,331,183,25,86,37,52.0,Medium,49,0,Rainy
2235,2024-06-23,14:00,NH-44,West Zone,628,347,55,126,100,45.0,High,62,0,Cloudy
1233,2024-06-23,15:00,IT Corridor,South Zone,638,376,73,169,20,43.5,High,79,0,Sunny
36,2024-06-23,17:00,Green Park Rd,West Zone,1469,885,153,376,55,27.6,High,77,0,Cloudy
3906,2024-06-23,18:00,Lake View Road,East Zone,1435,814,111,270,240,27.0,High,79,1,Sunny
1713,2024-06-23,20:00,IT Corridor,East Zone,1583,938,139,460,46,19.7,High,86,0,Rainy
3728,2024-06-23,22:00,Station Road,West Zone,893,491,103,229,70,46.0,High,63,0,Sunny
3533,2024-06-23,23:00,Green Park Rd,West Zone,794,379,83,178,154,56.6,Medium,54,0,Sunny
3000,2024-06-24,05:00,Ring Road,North Zone,792,380,59,193,160,43.8,Medium,50,0,Rainy
308,2024-06-24,05:00,Outer Ring Road,West Zone,925,486,88,189,162,37.2,High,67,0,Foggy
1468,2024-06-24,08:00,Ring Road,Downtown,1675,1000,192,435,48,18.4,High,94,0,Sunny
373,2024-06-24,10:00,Green Park Rd,South Zone,626,360,54,156,56,64.5,Medium,35,0,Sunny
1611,2024-06-24,11:00,Green Park Rd,West Zone,918,412,96,268,142,48.4,High,67,0,Cloudy
3404,2024-06-24,11:00,Market Road,West Zone,776,363,81,152,180,48.2,High,62,0,Foggy
1615,2024-06-24,18:00,Green Park Rd,East Zone,1492,655,121,362,354,31.8,High,80,0,Sunny
3062,2024-06-24,20:00,Green Park Rd,South Zone,693,322,54,196,121,48.6,High,59,0,Sunny
2092,2024-06-24,22:00,Market Road,East Zone,795,380,87,220,108,45.2,High,66,0,Cloudy
1521,2024-06-25,04:00,MG Road,West Zone,878,515,94,230,39,49.1,High,56,0,Cloudy
2909,2024-06-25,07:00,Outer Ring Road,North Zone,1135,591,99,278,167,30.8,High,69,0,Foggy
569,2024-06-25,09:00,Market Road,West Zone,1617,883,183,337,214,27.5,High,73,0,Sunny
729,2024-06-25,10:00,Lake View Road,East Zone,1387,723,109,256,299,25.9,High,79,0,Cloudy
1923,2024-06-25,10:00,MG Road,North Zone,1178,608,121,334,115,38.0,High,75,0,Sunny
3246,2024-06-25,12:00,Ring Road,East Zone,586,288,58,173,67,50.3,High,45,0,Sunny
1571,2024-06-25,15:00,Green Park Rd,South Zone,623,339,55,119,110,52.8,High,61,0,Cloudy
738,2024-06-25,16:00,NH-44,East Zone,674,336,81,126,131,43.3,High,61,0,Sunny
1208,2024-06-25,17:00,IT Corridor,Downtown,1986,1034,221,585,146,12.0,High,69,0,Rainy
3305,2024-06-25,17:00,Green Park Rd,East Zone,1266,659,89,239,279,34.3,High,58,0,Cloudy
545,2024-06-25,17:00,MG Road,East Zone,1285,632,94,268,291,42.9,High,61,0,Sunny
1198,2024-06-25,17:00,Ring Road,South Zone,892,470,63,208,151,31.8,High,80,0,Foggy
3718,2024-06-25,21:00,Market Road,West Zone,954,559,85,211,99,28.5,High,72,0,Rainy
2442,2024-06-26,05:00,IT Corridor,Downtown,921,556,96,216,53,38.2,High,61,0,Foggy
507,2024-06-26,05:00,Lake View Road,East Zone,931,427,88,258,158,43.9,High,64,0,Sunny
697,2024-06-26,05:00,Station Road,West Zone,1215,559,105,354,197,32.0,High,78,0,Cloudy
2969,2024-06-26,06:00,Market Road,North Zone,759,427,80,211,41,47.5,High,56,0,Cloudy
1252,2024-06-26,07:00,Lake View Road,Downtown,1585,771,135,452,227,20.0,High,74,0,Rainy
2041,2024-06-26,08:00,NH-44,East Zone,1392,755,123,277,237,24.5,High,77,0,Cloudy
2869,2024-06-26,08:00,Market Road,North Zone,919,513,91,217,98,35.7,High,69,0,Rainy
1005,2024-06-26,13:00,Outer Ring Road,West Zone,669,306,61,191,111,54.0,High,49,0,Cloudy
3667,2024-06-26,14:00,Green Park Rd,East Zone,1081,662,103,215,101,34.9,High,71,0,Rainy
2467,2024-06-26,14:00,Green Park Rd,North Zone,774,372,82,174,146,42.3,High,68,0,Rainy
1577,2024-06-26,15:00,Ring Road,Downtown,867,407,101,186,173,36.4,High,69,0,Sunny
2894,2024-06-26,17:00,IT Corridor,East Zone,1283,553,125,378,227,33.7,High,58,0,Sunny
1858,2024-06-26,18:00,Airport Road,North Zone,1517,921,135,395,66,29.1,High,94,0,Rainy
2024,2024-06-27,03:00,Ring Road,South Zone,645,313,68,163,101,55.8,High,40,0,Sunny
3210,2024-06-27,06:00,Outer Ring Road,West Zone,759,455,83,187,34,51.6,High,62,0,Cloudy
1190,2024-06-27,07:00,Airport Road,Downtown,1893,1063,171,365,294,21.8,High,72,0,Cloudy
1062,2024-06-27,07:00,Airport Road,West Zone,1562,697,163,352,350,24.5,High,72,0,Foggy
3722,2024-06-27,17:00,Lake View Road,East Zone,1239,624,90,228,297,28.6,High,63,0,Rainy
138,2024-06-27,17:00,MG Road,North Zone,1043,565,88,266,124,41.3,High,60,0,Cloudy
1078,2024-06-27,17:00,MG Road,South Zone,700,337,77,159,127,41.0,High,68,0,Foggy
1814,2024-06-27,17:00,Station Road,West Zone,1113,683,102,246,82,36.6,High,68,0,Sunny
510,2024-06-27,18:00,Market Road,West Zone,1166,689,137,227,113,35.6,High,76,0,Sunny
3529,2024-06-27,19:00,MG Road,South Zone,1049,571,82,251,145,33.0,High,76,0,Rainy
195,2024-06-28,04:00,Ring Road,North Zone,994,613,80,213,88,43.0,High,71,0,Sunny
2363,2024-06-28,06:00,NH-44,East Zone,537,266,57,131,83,55.0,High,54,0,Cloudy
407,2024-06-28,07:00,NH-44,West Zone,1187,670,132,329,56,41.0,High,52,0,Sunny
938,2024-06-28,10:00,NH-44,East Zone,1276,762,92,369,53,39.2,High,76,0,Sunny
491,2024-06-28,10:00,Station Road,North Zone,1059,517,112,198,232,37.9,High,55,0,Foggy
1194,2024-06-28,17:00,Station Road,Downtown,867,434,84,193,156,44.4,High,74,1,Cloudy
3054,2024-06-28,19:00,MG Road,North Zone,1469,852,162,310,145,29.3,High,73,0,Rainy
882,2024-06-28,22:00,Market Road,West Zone,1146,510,130,302,204,39.2,High,69,0,Sunny
343,2024-06-29,05:00,Green Park Rd,East Zone,832,483,92,234,23,39.3,High,65,0,Foggy
1649,2024-06-29,07:00,Green Park Rd,West Zone,1017,481,109,254,173,41.8,High,64,0,Sunny
589,2024-06-29,10:00,Outer Ring Road,North Zone,1354,673,109,299,273,28.8,High,84,0,Sunny
2028,2024-06-29,10:00,Outer Ring Road,West Zone,1489,769,140,339,241,30.7,High,73,0,Cloudy
2601,2024-06-29,11:00,Station Road,South Zone,760,434,67,142,117,51.4,High,48,0,Sunny
1776,2024-06-29,15:00,Ring Road,West Zone,957,494,101,186,176,43.1,High,67,0,Cloudy
1376,2024-06-29,18:00,Lake View Road,North Zone,1195,735,122,261,77,38.2,High,65,0,Sunny
3900,2024-06-29,19:00,Airport Road,South Zone,900,444,66,173,217,41.7,High,55,0,Cloudy
3835,2024-06-29,19:00,NH-44,South Zone,1446,682,160,406,198,32.6,High,80,0,Cloudy
2494,2024-06-29,20:00,Outer Ring Road,Downtown,1202,652,118,237,195,34.8,High,67,0,Sunny
2832,2024-06-30,01:00,Outer Ring Road,North Zone,396,173,36,102,85,55.2,Medium,55,0,Sunny
3817,2024-06-30,07:00,Station Road,Downtown,1490,674,135,432,249,28.6,High,84,0,Sunny
1191,2024-06-30,09:00,IT Corridor,North Zone,1324,711,150,324,139,36.4,High,63,0,Cloudy
1165,2024-06-30,12:00,Station Road,East Zone,727,395,77,160,95,50.4,Medium,48,0,Sunny
1278,2024-06-30,14:00,MG Road,Downtown,829,451,92,202,84,48.2,High,50,0,Sunny
633,2024-06-30,17:00,Outer Ring Road,Downtown,1828,920,174,329,405,21.0,High,80,0,Cloudy
2852,2024-06-30,17:00,Green Park Rd,East Zone,1163,506,83,303,271,31.3,High,71,0,Foggy
3275,2024-07-01,01:00,Lake View Road,North Zone,858,487,76,190,105,42.5,High,54,0,Sunny
1486,2024-07-01,05:00,IT Corridor,South Zone,632,343,56,132,101,51.3,High,42,0,Cloudy
3170,2024-07-01,07:00,Outer Ring Road,West Zone,1678,868,144,475,191,27.3,High,77,0,Sunny
1891,2024-07-01,12:00,Station Road,East Zone,667,296,49,132,190,48.5,High,60,0,Sunny
828,2024-07-01,13:00,IT Corridor,Downtown,905,488,64,232,121,44.8,Medium,59,0,Sunny
2770,2024-07-01,13:00,Green Park Rd,South Zone,649,339,59,129,122,51.3,Medium,56,0,Cloudy
3519,2024-07-01,14:00,Airport Road,East Zone,1012,581,73,209,149,46.5,High,48,0,Rainy
2611,2024-07-01,16:00,Green Park Rd,East Zone,692,371,68,202,51,48.7,High,47,1,Sunny
555,2024-07-01,17:00,Station Road,East Zone,1650,921,171,413,145,20.6,High,81,0,Cloudy
2480,2024-07-01,18:00,Green Park Rd,East Zone,1633,971,147,468,47,25.4,High,79,0,Sunny
2768,2024-07-01,19:00,Lake View Road,Downtown,1225,703,118,262,142,38.3,High,85,0,Sunny
3657,2024-07-01,19:00,Station Road,North Zone,1096,595,123,244,134,35.7,High,65,0,Rainy
2503,2024-07-01,22:00,Ring Road,North Zone,691,344,50,156,141,51.9,High,58,0,Sunny
812,2024-07-02,00:00,Outer Ring Road,East Zone,976,583,112,252,29,41.1,High,59,0,Cloudy
3505,2024-07-02,02:00,Outer Ring Road,Downtown,1057,594,110,226,127,39.0,High,72,0,Rainy
2861,2024-07-02,02:00,MG Road,East Zone,829,430,91,209,99,39.3,High,47,0,Sunny
224,2024-07-02,05:00,Station Road,East Zone,703,331,72,188,112,47.1,High,54,0,Cloudy
833,2024-07-02,12:00,IT Corridor,South Zone,569,329,59,145,36,42.7,High,70,0,Rainy
3963,2024-07-02,13:00,NH-44,South Zone,695,422,58,128,87,49.8,Medium,47,0,Rainy
3572,2024-07-02,15:00,IT Corridor,East Zone,850,433,94,188,135,50.0,High,47,0,Cloudy
2040,2024-07-02,16:00,MG Road,North Zone,867,414,67,176,210,49.6,High,68,0,Sunny
2663,2024-07-02,17:00,MG Road,Downtown,1172,632,108,277,155,32.2,High,54,0,Sunny
1105,2024-07-02,19:00,Station Road,East Zone,1423,726,137,311,249,34.1,High,83,0,Sunny
3632,2024-07-02,22:00,NH-44,North Zone,503,260,44,119,80,49.4,High,68,0,Foggy
2037,2024-07-03,11:00,Station Road,North Zone,590,275,44,165,106,53.8,Medium,46,0,Cloudy
468,2024-07-03,19:00,Green Park Rd,Downtown,1333,640,109,259,325,38.2,High,77,0,Sunny
1513,2024-07-03,23:00,Green Park Rd,West Zone,801,410,63,153,175,34.5,High,65,1,Foggy
695,2024-07-04,05:00,Ring Road,South Zone,591,286,42,141,122,48.1,Medium,31,0,Foggy
2742,2024-07-04,06:00,Airport Road,East Zone,869,392,82,240,155,41.5,High,52,0,Foggy
398,2024-07-04,07:00,Lake View Road,Downtown,1745,777,190,472,306,26.5,High,71,0,Sunny
1625,2024-07-04,08:00,MG Road,East Zone,1200,595,101,318,186,29.6,High,77,0,Sunny
2714,2024-07-04,12:00,Outer Ring Road,Downtown,1168,657,124,240,147,40.8,High,66,0,Sunny
2678,2024-07-04,15:00,NH-44,Downtown,727,358,75,189,105,40.2,High,46,0,Foggy
591,2024-07-04,19:00,Station Road,Downtown,1201,696,90,341,74,35.6,High,80,0,Sunny
1935,2024-07-04,19:00,NH-44,South Zone,1133,570,114,265,184,41.7,High,58,0,Cloudy
3723,2024-07-04,20:00,Airport Road,North Zone,1329,649,140,313,227,32.6,High,74,0,Sunny
3833,2024-07-04,20:00,Market Road,West Zone,1490,916,154,321,99,26.1,High,74,0,Cloudy
3965,2024-07-05,04:00,Station Road,East Zone,888,462,96,193,137,46.7,High,50,0,Cloudy
3997,2024-07-05,04:00,IT Corridor,North Zone,777,459,81,143,94,41.4,High,79,1,Rainy
567,2024-07-05,12:00,Lake View Road,West Zone,384,238,29,98,19,57.9,Medium,47,0,Cloudy
237,2024-07-05,14:00,MG Road,East Zone,716,419,50,187,60,43.5,High,39,0,Rainy
155,2024-07-05,14:00,Station Road,East Zone,655,389,56,147,63,47.7,Medium,47,1,Rainy
205,2024-07-05,18:00,MG Road,West Zone,1567,755,165,395,252,33.5,High,61,0,Sunny
1386,2024-07-05,19:00,Ring Road,South Zone,1028,497,77,206,248,45.5,High,70,0,Sunny
1534,2024-07-05,19:00,IT Corridor,West Zone,1759,803,208,417,331,12.0,High,85,0,Rainy
3837,2024-07-05,20:00,Green Park Rd,South Zone,842,390,73,233,146,42.8,High,51,0,Sunny
895,2024-07-05,22:00,Ring Road,Downtown,869,470,90,205,104,43.8,Medium,59,0,Foggy
1873,2024-07-06,00:00,Green Park Rd,North Zone,746,402,66,143,135,45.1,High,46,0,Sunny
3629,2024-07-06,02:00,Market Road,East Zone,845,481,70,167,127,49.6,High,71,0,Sunny
3368,2024-07-06,06:00,Outer Ring Road,Downtown,1086,554,122,206,204,39.0,High,73,0,Sunny
33,2024-07-06,08:00,NH-44,North Zone,1156,521,94,290,251,25.7,High,67,0,Rainy
2263,2024-07-06,08:00,Airport Road,South Zone,1628,856,177,301,294,25.7,High,77,0,Rainy
1684,2024-07-06,09:00,Green Park Rd,South Zone,1078,559,76,228,215,37.8,High,72,0,Sunny
3614,2024-07-06,09:00,Station Road,South Zone,798,400,66,235,97,44.4,High,70,1,Sunny
1480,2024-07-06,12:00,Ring Road,South Zone,925,476,86,238,125,36.1,High,92,0,Rainy
346,2024-07-06,13:00,Market Road,North Zone,606,339,68,157,42,49.0,High,73,0,Rainy
90,2024-07-06,14:00,MG Road,West Zone,594,318,48,158,70,45.1,Medium,49,0,Sunny
3910,2024-07-06,16:00,MG Road,Downtown,814,455,75,216,68,43.5,High,59,0,Cloudy
1291,2024-07-06,17:00,NH-44,South Zone,1119,634,101,239,145,37.8,High,62,0,Cloudy
2836,2024-07-06,18:00,Ring Road,East Zone,1129,689,110,275,55,32.1,High,84,0,Sunny
2729,2024-07-06,19:00,MG Road,South Zone,1221,538,130,270,283,27.8,High,70,0,Sunny
3822,2024-07-06,20:00,IT Corridor,South Zone,1110,489,86,266,269,37.2,High,65,0,Sunny
1654,2024-07-06,21:00,MG Road,East Zone,834,443,63,229,99,48.1,High,61,0,Sunny
3595,2024-07-06,21:00,Ring Road,North Zone,722,337,52,188,145,46.8,High,51,0,Cloudy
2750,2024-07-06,21:00,Ring Road,South Zone,504,296,49,144,15,52.6,Medium,38,0,Foggy
2499,2024-07-06,22:00,Ring Road,South Zone,473,257,36,101,79,47.9,High,53,0,Rainy
1213,2024-07-07,07:00,MG Road,South Zone,1079,464,94,222,299,37.0,High,83,0,Sunny
3553,2024-07-07,07:00,Station Road,South Zone,1089,516,88,288,197,33.5,High,61,0,Rainy
2661,2024-07-07,12:00,Station Road,East Zone,521,274,51,131,65,43.7,Medium,49,0,Foggy
3035,2024-07-07,14:00,Green Park Rd,East Zone,1021,570,106,209,136,33.3,High,57,0,Cloudy
3248,2024-07-07,14:00,Lake View Road,North Zone,773,406,73,150,144,46.9,High,46,0,Rainy
458,2024-07-07,18:00,Station Road,South Zone,1445,869,140,361,75,37.1,High,78,0,Sunny
6,2024-07-07,21:00,Airport Road,Downtown,927,511,65,198,153,34.5,High,63,0,Foggy
3116,2024-07-08,05:00,Outer Ring Road,Downtown,1031,530,101,301,99,40.7,High,71,0,Rainy
80,2024-07-08,07:00,Green Park Rd,West Zone,1363,588,136,329,310,27.4,High,86,0,Sunny
400,2024-07-08,08:00,Lake View Road,South Zone,1469,703,132,351,283,38.6,High,75,0,Cloudy
35,2024-07-08,11:00,Ring Road,South Zone,589,353,64,134,38,46.8,High,56,0,Rainy
652,2024-07-08,13:00,IT Corridor,North Zone,650,329,52,144,125,58.0,High,55,0,Sunny
2364,2024-07-08,15:00,Outer Ring Road,North Zone,686,425,76,156,29,51.2,High,69,0,Sunny
551,2024-07-08,16:00,MG Road,South Zone,522,306,45,131,40,51.5,High,50,0,Sunny
1367,2024-07-08,17:00,Station Road,East Zone,1421,671,100,323,327,25.3,High,83,0,Rainy
3251,2024-07-08,18:00,Green Park Rd,Downtown,2009,1004,230,391,384,12.9,High,72,0,Rainy
3052,2024-07-08,18:00,Ring Road,North Zone,1077,638,82,290,67,33.6,High,80,0,Sunny
174,2024-07-08,18:00,Green Park Rd,West Zone,1654,802,178,374,300,18.5,High,64,0,Rainy
2592,2024-07-08,22:00,MG Road,East Zone,724,344,75,172,133,44.3,High,66,0,Sunny
2450,2024-07-08,22:00,Green Park Rd,West Zone,729,409,84,160,76,52.7,High,46,0,Sunny
69,2024-07-09,05:00,Station Road,West Zone,926,514,75,214,123,41.0,High,61,0,Cloudy
1652,2024-07-09,07:00,MG Road,Downtown,1829,861,170,538,260,19.7,High,74,0,Sunny
348,2024-07-09,09:00,Airport Road,Downtown,1604,755,185,380,284,27.7,High,91,0,Cloudy
2665,2024-07-09,09:00,Airport Road,East Zone,1128,627,129,231,141,39.1,High,64,1,Cloudy
3673,2024-07-09,11:00,Green Park Rd,North Zone,502,296,44,118,44,57.9,Medium,48,0,Cloudy
2470,2024-07-09,13:00,Market Road,East Zone,640,369,54,184,33,42.9,High,54,0,Foggy
2500,2024-07-09,14:00,Green Park Rd,West Zone,726,350,56,186,134,45.0,High,54,0,Sunny
3085,2024-07-09,15:00,Outer Ring Road,Downtown,787,347,69,232,139,50.3,High,55,0,Sunny
3091,2024-07-09,16:00,NH-44,West Zone,1062,543,124,226,169,43.9,High,53,0,Sunny
653,2024-07-09,17:00,NH-44,East Zone,1029,548,112,279,90,38.6,High,70,1,Cloudy
3603,2024-07-09,20:00,Station Road,South Zone,1075,548,118,262,147,31.3,High,65,0,Rainy
2086,2024-07-10,00:00,NH-44,South Zone,483,283,37,104,59,50.3,High,48,0,Cloudy
3526,2024-07-10,08:00,Ring Road,Downtown,2052,913,231,435,473,12.2,High,83,0,Rainy
790,2024-07-10,08:00,IT Corridor,North Zone,1243,721,115,321,86,32.2,High,76,0,Sunny
3278,2024-07-10,10:00,Ring Road,North Zone,1409,726,139,313,231,31.1,High,65,0,Cloudy
703,2024-07-10,11:00,Ring Road,Downtown,1251,712,90,288,161,32.4,High,65,0,Rainy
543,2024-07-10,11:00,Airport Road,East Zone,896,462,70,244,120,43.4,High,73,0,Cloudy
3259,2024-07-10,13:00,Green Park Rd,North Zone,770,370,80,227,93,54.3,Medium,56,0,Sunny
329,2024-07-10,15:00,NH-44,Downtown,1102,673,89,307,33,42.7,High,64,0,Sunny
459,2024-07-10,15:00,Ring Road,South Zone,474,249,37,116,72,58.3,Medium,48,0,Cloudy
2817,2024-07-10,16:00,Outer Ring Road,East Zone,919,415,75,259,170,44.7,High,52,0,Cloudy
2935,2024-07-10,17:00,Lake View Road,West Zone,1492,733,124,275,360,16.7,High,82,0,Foggy
1712,2024-07-10,18:00,Outer Ring Road,North Zone,1605,937,180,443,45,29.0,High,73,0,Sunny
907,2024-07-10,19:00,Market Road,Downtown,1412,667,147,262,336,24.6,High,81,0,Rainy
1703,2024-07-10,20:00,Ring Road,West Zone,1622,814,122,378,308,29.7,High,77,0,Sunny
2521,2024-07-10,21:00,MG Road,North Zone,708,381,50,172,105,45.6,High,53,0,Sunny
22,2024-07-10,23:00,Station Road,South Zone,594,352,58,167,17,55.8,Medium,45,0,Sunny
2763,2024-07-10,23:00,Outer Ring Road,West Zone,893,547,94,201,51,50.6,High,72,0,Cloudy
3393,2024-07-11,10:00,Airport Road,West Zone,938,466,107,252,113,35.0,High,73,0,Foggy
1374,2024-07-11,17:00,Ring Road,North Zone,1316,616,118,366,216,36.3,High,86,0,Sunny
2061,2024-07-11,17:00,Station Road,South Zone,883,382,84,220,197,53.3,High,56,0,Sunny
1706,2024-07-11,19:00,NH-44,East Zone,1014,555,111,241,107,40.7,High,63,0,Rainy
1529,2024-07-11,19:00,Lake View Road,West Zone,1380,673,116,252,339,41.0,High,88,0,Sunny
3568,2024-07-12,02:00,Green Park Rd,South Zone,607,338,62,131,76,47.8,High,50,0,Rainy
977,2024-07-12,05:00,Market Road,Downtown,1003,607,70,214,112,42.6,High,57,0,Rainy
3219,2024-07-12,08:00,Market Road,East Zone,792,443,56,215,78,43.7,High,58,0,Sunny
3602,2024-07-12,11:00,NH-44,North Zone,696,372,60,148,116,48.2,Medium,56,0,Cloudy
294,2024-07-12,16:00,Green Park Rd,Downtown,1088,615,91,201,181,29.8,High,67,1,Foggy
1837,2024-07-12,18:00,Station Road,West Zone,1196,687,112,285,112,34.9,High,79,0,Sunny
614,2024-07-12,19:00,Station Road,North Zone,1297,574,120,237,366,37.1,High,76,0,Sunny
1234,2024-07-12,19:00,Airport Road,South Zone,985,480,76,205,224,43.0,High,71,0,Cloudy
1298,2024-07-13,05:00,Market Road,North Zone,468,283,33,96,56,65.7,Medium,37,1,Cloudy
305,2024-07-13,08:00,IT Corridor,Downtown,1668,793,190,467,218,23.7,High,75,0,Sunny
1979,2024-07-13,09:00,IT Corridor,North Zone,1356,725,133,285,213,30.9,High,67,0,Cloudy
3869,2024-07-13,10:00,Market Road,West Zone,1394,751,130,261,252,32.4,High,80,0,Cloudy
837,2024-07-13,12:00,MG Road,South Zone,476,268,45,108,55,54.7,Medium,34,0,Sunny
1741,2024-07-13,15:00,Station Road,East Zone,437,245,49,84,59,62.9,Medium,43,0,Sunny
1598,2024-07-13,17:00,Airport Road,South Zone,1053,488,83,283,199,40.2,High,55,0,Cloudy
3372,2024-07-13,18:00,IT Corridor,East Zone,1264,633,134,337,160,38.8,High,57,0,Sunny
835,2024-07-13,23:00,NH-44,Downtown,1005,534,95,197,179,31.4,High,85,1,Cloudy
419,2024-07-14,04:00,Lake View Road,East Zone,788,422,84,234,48,48.7,High,72,0,Sunny
1698,2024-07-14,06:00,IT Corridor,East Zone,816,385,70,175,186,55.5,High,60,0,Sunny
3390,2024-07-14,06:00,Station Road,North Zone,793,364,91,206,132,40.8,High,72,0,Rainy
2896,2024-07-14,07:00,Green Park Rd,West Zone,1468,808,154,439,67,22.4,High,72,0,Foggy
3437,2024-07-14,07:00,Ring Road,West Zone,1979,1149,171,540,119,20.5,High,83,0,Rainy
2506,2024-07-14,09:00,Market Road,North Zone,983,479,79,245,180,40.3,High,66,0,Cloudy
534,2024-07-14,10:00,Ring Road,East Zone,974,424,68,210,272,40.0,High,77,0,Sunny
2366,2024-07-14,11:00,MG Road,West Zone,720,345,58,185,132,54.0,High,61,0,Cloudy
1090,2024-07-14,19:00,Lake View Road,South Zone,935,544,94,197,100,37.5,High,66,0,Sunny
2282,2024-07-14,19:00,Station Road,South Zone,1330,604,125,368,233,35.2,High,65,0,Sunny
3159,2024-07-14,19:00,Airport Road,West Zone,1278,571,102,359,246,27.6,High,80,0,Foggy
2868,2024-07-14,20:00,IT Corridor,Downtown,2056,1090,246,400,320,13.9,High,76,0,Cloudy
3030,2024-07-14,20:00,IT Corridor,East Zone,1351,636,141,350,224,21.9,High,70,1,Foggy
2970,2024-07-15,01:00,MG Road,South Zone,586,338,46,131,71,50.4,High,68,0,Sunny
744,2024-07-15,06:00,Outer Ring Road,West Zone,682,364,81,181,56,52.2,High,45,0,Cloudy
1295,2024-07-15,16:00,MG Road,Downtown,1238,681,88,290,179,35.5,High,95,0,Cloudy
714,2024-07-15,22:00,IT Corridor,West Zone,941,453,109,177,202,50.6,High,56,0,Sunny
3719,2024-07-16,00:00,Ring Road,North Zone,724,338,54,215,117,52.0,High,64,0,Sunny
1195,2024-07-16,04:00,MG Road,North Zone,704,369,63,155,117,43.1,High,56,0,Sunny
1446,2024-07-16,06:00,Market Road,South Zone,611,290,71,126,124,55.2,High,60,0,Cloudy
182,2024-07-16,07:00,MG Road,East Zone,1520,748,132,445,195,27.4,High,84,0,Sunny
2019,2024-07-16,07:00,Ring Road,South Zone,1113,529,125,268,191,42.6,High,47,0,Sunny
2912,2024-07-16,08:00,Market Road,North Zone,985,517,77,271,120,43.8,High,53,0,Sunny
2805,2024-07-16,08:00,Ring Road,South Zone,969,589,73,202,105,29.9,High,62,1,Foggy
220,2024-07-16,09:00,Outer Ring Road,North Zone,1307,736,121,381,69,39.4,High,72,0,Sunny
2787,2024-07-16,10:00,IT Corridor,North Zone,1003,552,98,285,68,35.2,High,54,0,Foggy
2782,2024-07-16,11:00,MG Road,West Zone,361,214,30,86,31,62.6,Medium,37,0,Sunny
1075,2024-07-16,12:00,MG Road,South Zone,459,261,47,129,22,46.9,Medium,45,0,Foggy
948,2024-07-16,15:00,Market Road,South Zone,614,278,72,123,141,54.2,High,73,0,Sunny
1537,2024-07-16,16:00,Lake View Road,South Zone,574,264,67,170,73,46.0,High,63,1,Rainy
231,2024-07-16,17:00,Airport Road,East Zone,1159,643,86,324,106,35.9,High,65,0,Cloudy
247,2024-07-17,06:00,Green Park Rd,West Zone,821,439,70,193,119,47.1,High,52,0,Sunny
2117,2024-07-17,10:00,Green Park Rd,Downtown,1297,627,109,323,238,24.6,High,66,0,Foggy
1459,2024-07-17,13:00,Airport Road,East Zone,1015,572,76,202,165,35.7,High,69,0,Rainy
3893,2024-07-17,15:00,IT Corridor,West Zone,764,443,67,213,41,54.9,High,58,0,Cloudy
1547,2024-07-17,16:00,Station Road,South Zone,816,474,69,190,83,49.9,High,46,0,Cloudy
1774,2024-07-17,17:00,Station Road,Downtown,1141,590,132,234,185,33.3,High,64,0,Sunny
2878,2024-07-17,17:00,Lake View Road,West Zone,1775,903,212,351,309,29.9,High,83,0,Sunny
1131,2024-07-18,01:00,Ring Road,Downtown,813,476,76,147,114,47.6,High,54,0,Sunny
2293,2024-07-18,06:00,MG Road,Downtown,837,463,72,205,97,43.4,High,53,0,Sunny
2541,2024-07-18,12:00,MG Road,North Zone,790,413,64,180,133,50.9,Medium,50,0,Sunny
1447,2024-07-18,20:00,Ring Road,North Zone,1141,542,122,311,166,39.8,High,58,0,Sunny
2551,2024-07-18,23:00,Lake View Road,East Zone,936,441,68,261,166,41.2,High,72,0,Sunny
3439,2024-07-19,01:00,MG Road,West Zone,601,343,69,172,17,56.2,High,69,0,Sunny
1328,2024-07-19,06:00,IT Corridor,East Zone,917,511,73,193,140,40.0,High,63,0,Sunny
705,2024-07-19,08:00,Station Road,East Zone,1570,758,159,338,315,32.0,High,66,0,Sunny
235,2024-07-19,09:00,Market Road,Downtown,1898,1084,184,347,283,12.0,High,87,0,Sunny
3597,2024-07-19,10:00,Airport Road,South Zone,1003,620,78,259,46,43.2,High,72,0,Rainy
3132,2024-07-19,10:00,Market Road,West Zone,1188,735,142,216,95,31.7,High,82,0,Rainy
3078,2024-07-19,14:00,Green Park Rd,East Zone,904,454,101,212,137,40.0,High,59,0,Rainy
3333,2024-07-19,14:00,Market Road,South Zone,423,218,39,96,70,49.8,Medium,50,0,Rainy
1407,2024-07-19,16:00,Market Road,North Zone,798,393,67,221,117,50.8,High,45,0,Cloudy
1410,2024-07-19,16:00,Airport Road,West Zone,797,354,63,147,233,55.5,High,57,0,Sunny
3186,2024-07-19,17:00,NH-44,East Zone,1119,539,105,302,173,34.1,High,57,0,Cloudy
3740,2024-07-19,18:00,MG Road,Downtown,1558,773,121,290,374,28.3,High,79,0,Sunny
112,2024-07-19,19:00,NH-44,East Zone,1170,571,85,279,235,38.7,High,81,0,Sunny
2726,2024-07-20,06:00,Market Road,North Zone,862,374,92,256,140,47.6,High,74,0,Sunny
910,2024-07-20,11:00,MG Road,South Zone,668,293,57,126,192,49.0,High,45,0,Rainy
1904,2024-07-20,12:00,MG Road,East Zone,740,450,78,139,73,47.6,Medium,44,0,Sunny
73,2024-07-20,12:00,Outer Ring Road,East Zone,668,288,69,199,112,50.4,High,49,0,Sunny
3398,2024-07-20,12:00,IT Corridor,North Zone,748,443,73,210,22,54.9,High,62,0,Rainy
3326,2024-07-20,13:00,Ring Road,Downtown,995,549,105,281,60,45.6,High,62,0,Sunny
1173,2024-07-20,13:00,Station Road,East Zone,822,472,67,199,84,47.7,Medium,46,0,Sunny
636,2024-07-20,13:00,NH-44,South Zone,500,248,42,103,107,53.6,High,55,0,Sunny
752,2024-07-20,15:00,IT Corridor,North Zone,593,271,59,147,116,54.7,High,62,0,Sunny
3937,2024-07-20,15:00,IT Corridor,West Zone,449,212,39,127,71,49.9,High,64,0,Foggy
1312,2024-07-20,17:00,Airport Road,East Zone,1424,783,146,304,191,21.1,High,78,0,Rainy
2229,2024-07-20,17:00,Airport Road,West Zone,1411,715,148,399,149,23.8,High,71,0,Rainy
1826,2024-07-20,21:00,Airport Road,East Zone,663,313,71,134,145,45.8,High,56,0,Rainy
3153,2024-07-21,06:00,Airport Road,South Zone,763,350,64,140,209,46.6,High,44,0,Cloudy
2641,2024-07-21,08:00,IT Corridor,North Zone,1604,875,114,315,300,28.1,High,76,0,Sunny
3525,2024-07-21,09:00,NH-44,East Zone,1265,771,133,305,56,39.3,High,63,0,Cloudy
667,2024-07-21,15:00,Green Park Rd,East Zone,914,411,76,176,251,39.6,High,69,0,Cloudy
2159,2024-07-21,17:00,Airport Road,East Zone,1382,784,119,326,153,28.3,High,70,0,Cloudy
2875,2024-07-21,17:00,Station Road,North Zone,889,421,77,210,181,49.5,High,66,0,Sunny
979,2024-07-21,18:00,Green Park Rd,Downtown,1925,1062,142,510,211,20.9,High,78,0,Sunny
2536,2024-07-21,18:00,Outer Ring Road,Downtown,1042,558,122,237,125,48.8,High,67,0,Sunny
223,2024-07-21,23:00,Ring Road,West Zone,737,434,85,196,22,47.5,High,58,0,Sunny
3687,2024-07-22,05:00,IT Corridor,West Zone,749,381,65,188,115,45.0,High,63,0,Foggy
475,2024-07-22,08:00,Airport Road,Downtown,2097,1067,199,400,431,12.0,High,83,0,Rainy
1715,2024-07-22,08:00,Green Park Rd,South Zone,1253,573,127,298,255,33.2,High,78,0,Sunny
3567,2024-07-22,15:00,Station Road,West Zone,868,449,85,171,163,36.8,High,74,0,Rainy
1855,2024-07-22,17:00,Airport Road,West Zone,1330,670,99,391,170,31.9,High,75,0,Sunny
2000,2024-07-22,18:00,Green Park Rd,Downtown,1583,716,147,383,337,30.0,High,77,0,Cloudy
3406,2024-07-22,19:00,Lake View Road,South Zone,1254,776,134,233,111,35.5,High,83,1,Cloudy
820,2024-07-23,06:00,MG Road,East Zone,1070,631,123,279,37,40.4,High,58,0,Sunny
1796,2024-07-23,10:00,NH-44,East Zone,770,465,60,223,22,41.8,High,63,1,Foggy
3873,2024-07-23,10:00,Outer Ring Road,North Zone,1117,617,115,250,135,31.2,High,83,1,Sunny
761,2024-07-23,11:00,Airport Road,South Zone,711,408,75,165,63,42.9,High,59,0,Sunny
3675,2024-07-23,17:00,Lake View Road,North Zone,1271,648,134,253,236,30.9,High,84,1,Rainy
2855,2024-07-23,18:00,Station Road,South Zone,1131,497,109,279,246,41.8,High,71,0,Cloudy
3136,2024-07-24,07:00,Station Road,North Zone,1452,778,162,307,205,19.4,High,75,0,Rainy
1783,2024-07-24,08:00,Airport Road,Downtown,1163,636,115,229,183,32.0,High,78,0,Cloudy
1670,2024-07-24,08:00,MG Road,Downtown,1259,688,140,351,80,38.3,High,74,0,Sunny
2025,2024-07-24,09:00,Outer Ring Road,North Zone,1200,692,101,277,130,34.5,High,77,0,Sunny
575,2024-07-24,17:00,Market Road,Downtown,1725,956,156,399,214,23.7,High,70,0,Sunny
60,2024-07-24,18:00,MG Road,Downtown,1396,666,153,392,185,33.8,High,69,0,Sunny
2394,2024-07-24,20:00,IT Corridor,West Zone,1492,676,114,308,394,35.1,High,75,0,Sunny
1908,2024-07-25,08:00,IT Corridor,East Zone,1508,695,143,381,289,27.4,High,68,0,Sunny
2007,2024-07-25,09:00,Station Road,East Zone,554,321,49,165,19,47.9,Medium,47,0,Sunny
784,2024-07-25,11:00,Station Road,East Zone,706,338,78,150,140,45.1,High,54,0,Cloudy
134,2024-07-25,11:00,NH-44,North Zone,864,440,96,176,152,43.8,High,67,0,Cloudy
883,2024-07-25,17:00,Airport Road,Downtown,1917,1057,197,439,224,12.0,High,73,0,Rainy
3102,2024-07-25,23:00,Outer Ring Road,South Zone,598,360,58,132,48,42.0,High,58,0,Foggy
2319,2024-07-26,01:00,Airport Road,East Zone,698,325,67,188,118,45.6,High,53,0,Sunny
1867,2024-07-26,08:00,IT Corridor,Downtown,1867,937,193,382,355,15.1,High,81,0,Sunny
297,2024-07-26,08:00,Ring Road,East Zone,1195,629,142,226,198,30.9,High,70,0,Rainy
275,2024-07-26,09:00,Green Park Rd,South Zone,1092,571,91,293,137,45.4,High,64,0,Sunny
83,2024-07-26,09:00,Outer Ring Road,South Zone,932,428,109,221,174,35.8,High,47,0,Sunny
1762,2024-07-26,12:00,Station Road,South Zone,423,195,42,126,60,43.0,High,70,0,Rainy
2217,2024-07-26,15:00,Market Road,East Zone,572,249,61,107,155,55.6,Medium,49,0,Sunny
3853,2024-07-26,18:00,Green Park Rd,West Zone,1334,595,102,383,254,40.5,High,57,0,Sunny
3555,2024-07-26,19:00,Outer Ring Road,South Zone,1117,688,110,261,58,27.5,High,49,0,Foggy
1321,2024-07-27,01:00,Outer Ring Road,East Zone,885,421,93,248,123,50.4,High,68,0,Cloudy
1797,2024-07-27,05:00,Market Road,Downtown,881,429,102,218,132,41.6,High,69,0,Sunny
3948,2024-07-27,07:00,Station Road,North Zone,1250,604,96,268,282,32.8,High,78,0,Sunny
2306,2024-07-27,10:00,Lake View Road,North Zone,1173,708,137,271,57,41.0,High,72,0,Sunny
1319,2024-07-27,16:00,Green Park Rd,North Zone,701,432,77,130,62,58.3,High,61,0,Sunny
3697,2024-07-27,18:00,Airport Road,Downtown,1073,600,119,241,113,32.3,High,49,0,Cloudy
2703,2024-07-27,18:00,Lake View Road,North Zone,1011,449,114,274,174,33.6,High,69,0,Rainy
3760,2024-07-28,05:00,MG Road,Downtown,1035,451,81,219,284,39.2,High,78,0,Cloudy
3229,2024-07-28,07:00,MG Road,North Zone,1503,721,150,309,323,31.9,High,79,0,Sunny
1140,2024-07-28,08:00,Station Road,Downtown,1946,1139,188,470,149,20.0,High,66,0,Sunny
3935,2024-07-28,12:00,Station Road,West Zone,638,392,53,167,26,55.2,Medium,43,0,Sunny
1492,2024-07-28,13:00,Outer Ring Road,West Zone,826,390,82,151,203,47.3,Medium,60,0,Cloudy
1184,2024-07-28,15:00,Lake View Road,North Zone,578,351,68,114,45,48.0,Medium,38,0,Sunny
1709,2024-07-28,16:00,IT Corridor,East Zone,837,512,61,175,89,32.6,High,70,0,Foggy
3103,2024-07-28,17:00,Outer Ring Road,Downtown,1476,888,155,382,51,38.8,High,70,0,Cloudy
3330,2024-07-28,18:00,Airport Road,South Zone,1066,491,109,225,241,43.5,High,86,0,Cloudy
2984,2024-07-28,22:00,Market Road,Downtown,1135,587,80,240,228,34.1,High,67,0,Sunny
3743,2024-07-29,04:00,Station Road,North Zone,958,496,77,237,148,46.6,High,56,0,Cloudy
2565,2024-07-29,08:00,Outer Ring Road,Downtown,1603,729,167,457,250,15.7,High,71,0,Rainy
1896,2024-07-29,12:00,Station Road,South Zone,656,313,61,143,139,43.2,High,41,0,Foggy
2712,2024-07-29,17:00,Station Road,Downtown,2180,1053,252,504,371,12.0,High,86,0,Rainy
3038,2024-07-29,19:00,Ring Road,North Zone,1478,655,167,433,223,31.4,High,85,0,Sunny
2755,2024-07-29,22:00,Station Road,North Zone,1064,650,100,255,59,43.5,High,53,0,Sunny
1221,2024-07-29,23:00,Station Road,East Zone,918,396,76,207,239,42.0,High,73,0,Sunny
706,2024-07-30,08:00,Airport Road,North Zone,1204,568,139,265,232,34.3,High,66,0,Sunny
920,2024-07-30,08:00,NH-44,South Zone,1131,641,98,257,135,32.5,High,60,0,Rainy
3072,2024-07-30,15:00,Lake View Road,North Zone,550,320,55,158,17,53.0,High,54,0,Rainy
988,2024-07-30,19:00,Market Road,North Zone,1674,855,152,490,177,20.6,High,72,0,Rainy
3042,2024-07-31,07:00,MG Road,Downtown,1442,680,102,388,272,35.7,High,81,0,Sunny
666,2024-07-31,07:00,Airport Road,East Zone,1880,844,140,485,411,16.7,High,71,0,Rainy
2113,2024-07-31,08:00,Market Road,East Zone,1531,837,156,306,232,34.0,High,77,0,Cloudy
2493,2024-07-31,11:00,MG Road,South Zone,501,221,37,133,110,48.2,High,79,0,Sunny
3730,2024-07-31,14:00,Lake View Road,South Zone,453,242,42,123,46,61.2,Medium,52,0,Cloudy
82,2024-07-31,15:00,Outer Ring Road,North Zone,740,406,86,181,67,45.9,High,47,0,Sunny
2491,2024-07-31,15:00,Lake View Road,South Zone,617,307,49,185,76,56.7,Medium,35,1,Sunny
2618,2024-07-31,17:00,Station Road,Downtown,1797,1053,204,444,96,20.0,High,62,0,Sunny
2842,2024-07-31,17:00,Station Road,South Zone,977,544,113,230,90,39.5,High,61,0,Sunny
2653,2024-07-31,19:00,Lake View Road,Downtown,2155,1031,212,426,486,18.2,High,87,0,Cloudy
1045,2024-07-31,19:00,Outer Ring Road,East Zone,883,418,75,164,226,50.0,High,49,0,Sunny
1913,2024-07-31,19:00,NH-44,West Zone,1609,753,144,330,382,25.9,High,79,0,Sunny
2948,2024-07-31,21:00,NH-44,West Zone,953,416,84,175,278,47.3,High,57,0,Sunny
3353,2024-07-31,23:00,Lake View Road,North Zone,751,399,57,205,90,40.6,High,71,0,Cloudy
3227,2024-08-01,07:00,Market Road,Downtown,1972,906,190,423,453,12.0,High,75,0,Sunny
1158,2024-08-01,09:00,Station Road,West Zone,1216,723,105,323,65,37.4,High,61,0,Sunny
2945,2024-08-01,10:00,Airport Road,North Zone,1339,643,107,279,310,31.6,High,65,0,Cloudy
1813,2024-08-01,14:00,Ring Road,North Zone,966,480,71,213,202,44.2,High,57,0,Cloudy
2540,2024-08-01,15:00,Station Road,East Zone,1143,515,105,266,257,35.5,High,57,0,Rainy
3865,2024-08-01,15:00,Outer Ring Road,North Zone,427,244,46,86,51,55.0,Medium,52,0,Sunny
123,2024-08-01,16:00,Market Road,North Zone,717,390,73,207,47,45.9,High,50,0,Rainy
3695,2024-08-01,17:00,MG Road,Downtown,1312,600,151,386,175,32.9,High,60,0,Sunny
887,2024-08-01,17:00,Ring Road,South Zone,1306,742,129,237,198,41.7,High,77,0,Sunny
2206,2024-08-01,17:00,MG Road,West Zone,1809,1095,195,370,149,12.0,High,79,0,Rainy
866,2024-08-01,18:00,NH-44,South Zone,685,318,62,187,118,39.9,High,49,0,Foggy
2950,2024-08-01,20:00,Ring Road,Downtown,1324,612,150,286,276,36.6,High,66,0,Sunny
1791,2024-08-01,20:00,Green Park Rd,South Zone,1063,457,93,221,292,33.6,High,77,0,Rainy
3559,2024-08-01,20:00,Lake View Road,West Zone,1331,767,152,365,47,38.0,High,71,0,Cloudy
3478,2024-08-01,21:00,Green Park Rd,East Zone,825,409,88,227,101,44.4,High,59,0,Sunny
3654,2024-08-01,21:00,NH-44,South Zone,713,417,55,200,41,46.2,High,62,0,Sunny
1337,2024-08-02,00:00,NH-44,West Zone,713,376,73,133,131,49.8,Medium,54,0,Cloudy
1220,2024-08-02,07:00,Outer Ring Road,West Zone,1133,702,124,252,55,41.5,High,68,0,Sunny
3127,2024-08-02,08:00,Market Road,South Zone,1126,682,109,302,33,33.3,High,78,0,Sunny
1316,2024-08-02,09:00,Station Road,Downtown,1806,964,208,407,227,23.2,High,80,0,Sunny
3304,2024-08-02,09:00,Airport Road,North Zone,1302,695,109,365,133,33.7,High,69,0,Sunny
10,2024-08-02,10:00,NH-44,West Zone,1268,666,151,320,131,35.7,High,69,0,Sunny
1445,2024-08-02,12:00,MG Road,North Zone,635,393,53,141,48,48.1,High,53,0,Rainy
596,2024-08-02,12:00,Ring Road,West Zone,834,424,91,215,104,43.8,High,59,0,Sunny
2302,2024-08-02,13:00,NH-44,North Zone,645,330,75,178,62,36.6,High,75,0,Foggy
394,2024-08-02,13:00,NH-44,West Zone,1025,548,75,300,102,33.6,High,50,0,Rainy
1471,2024-08-02,16:00,Lake View Road,West Zone,990,455,118,268,149,39.0,High,71,0,Rainy
78,2024-08-02,18:00,Station Road,East Zone,839,426,94,172,147,45.9,High,57,0,Sunny
3636,2024-08-02,19:00,Airport Road,West Zone,1661,822,198,460,181,19.5,High,76,0,Cloudy
526,2024-08-02,20:00,Lake View Road,North Zone,1332,780,101,247,204,36.7,High,65,0,Sunny
1570,2024-08-02,20:00,Station Road,North Zone,1323,600,114,284,325,29.6,High,77,0,Sunny
3043,2024-08-03,00:00,Airport Road,Downtown,1099,570,96,235,198,44.8,High,61,0,Sunny
118,2024-08-03,05:00,Airport Road,North Zone,699,420,80,177,22,51.3,Medium,54,0,Sunny
1440,2024-08-03,07:00,Station Road,East Zone,1204,528,109,221,346,30.8,High,82,0,Foggy
2030,2024-08-03,07:00,Station Road,East Zone,1030,478,79,297,176,33.3,High,66,0,Rainy
3909,2024-08-03,12:00,MG Road,West Zone,599,351,65,165,18,47.3,High,56,0,Foggy
3524,2024-08-03,13:00,NH-44,East Zone,887,472,64,208,143,43.6,High,53,0,Sunny
3189,2024-08-03,16:00,Green Park Rd,West Zone,809,462,77,192,78,55.9,Medium,48,0,Sunny
2739,2024-08-03,16:00,Station Road,West Zone,786,478,63,195,50,47.5,High,53,0,Sunny
1104,2024-08-03,17:00,NH-44,East Zone,1064,472,111,261,220,37.2,High,53,0,Sunny
2382,2024-08-03,18:00,Green Park Rd,Downtown,1990,908,174,556,352,12.0,High,87,0,Sunny
1635,2024-08-03,18:00,NH-44,North Zone,1236,643,114,299,180,44.5,High,54,0,Sunny
3775,2024-08-03,18:00,IT Corridor,South Zone,1600,848,190,339,223,30.4,High,86,0,Sunny
1581,2024-08-03,19:00,Station Road,North Zone,1259,680,102,322,155,30.9,High,78,0,Sunny
891,2024-08-03,20:00,Green Park Rd,West Zone,1106,579,88,277,162,39.8,High,64,0,Foggy
88,2024-08-04,00:00,Station Road,North Zone,633,302,47,181,103,47.5,High,72,0,Sunny
2854,2024-08-04,04:00,Ring Road,West Zone,828,397,82,195,154,42.4,High,68,0,Sunny
3726,2024-08-04,08:00,Green Park Rd,North Zone,1255,702,118,275,160,37.6,High,77,0,Rainy
734,2024-08-04,09:00,Station Road,North Zone,1273,606,111,237,319,38.0,High,81,0,Cloudy
558,2024-08-04,09:00,Station Road,South Zone,974,539,82,245,108,46.1,High,77,0,Cloudy
3863,2024-08-04,09:00,Green Park Rd,West Zone,1552,854,113,297,288,30.2,High,74,0,Sunny
2590,2024-08-04,10:00,Airport Road,North Zone,1111,531,99,311,170,38.6,High,61,0,Sunny
1414,2024-08-04,13:00,Ring Road,North Zone,1060,521,104,225,210,46.5,High,72,0,Sunny
565,2024-08-04,17:00,Station Road,North Zone,871,460,85,221,105,46.3,High,50,1,Foggy
1809,2024-08-04,17:00,Ring Road,South Zone,814,417,66,147,184,36.4,High,49,0,Foggy
2034,2024-08-04,18:00,Airport Road,North Zone,1312,581,142,339,250,36.4,High,79,0,Sunny
538,2024-08-04,20:00,Airport Road,Downtown,1543,891,144,344,164,19.7,High,87,0,Sunny
625,2024-08-04,21:00,Ring Road,Downtown,668,326,69,131,142,54.3,Medium,50,0,Cloudy
70,2024-08-05,05:00,Green Park Rd,Downtown,1130,538,126,227,239,32.7,High,79,0,Cloudy
476,2024-08-05,05:00,IT Corridor,South Zone,889,437,66,222,164,33.1,High,53,0,Rainy
2267,2024-08-05,06:00,Station Road,Downtown,958,456,83,239,180,44.0,High,65,0,Cloudy
859,2024-08-05,06:00,Outer Ring Road,North Zone,570,319,54,168,29,52.2,Medium,39,0,Sunny
2889,2024-08-05,09:00,Outer Ring Road,East Zone,1397,727,155,301,214,30.0,High,63,0,Sunny
2064,2024-08-05,11:00,Airport Road,East Zone,901,534,64,201,102,40.0,High,73,0,Sunny
1562,2024-08-05,11:00,Outer Ring Road,East Zone,669,366,47,165,91,54.0,Medium,33,0,Sunny
3724,2024-08-05,13:00,Outer Ring Road,Downtown,726,331,77,138,180,51.9,High,55,0,Cloudy
3051,2024-08-05,13:00,Airport Road,East Zone,1109,613,108,213,175,44.1,High,70,1,Cloudy
3233,2024-08-05,14:00,NH-44,West Zone,686,328,51,142,165,56.7,High,57,0,Sunny
218,2024-08-05,18:00,IT Corridor,Downtown,985,561,70,189,165,41.7,High,55,0,Sunny
130,2024-08-05,18:00,Ring Road,North Zone,1378,775,124,280,199,33.3,High,86,0,Sunny
3876,2024-08-05,18:00,NH-44,South Zone,1368,779,115,392,82,28.6,High,68,0,Rainy
1137,2024-08-05,19:00,IT Corridor,East Zone,1378,783,117,276,202,30.1,High,84,0,Sunny
3108,2024-08-06,07:00,MG Road,North Zone,1257,573,147,358,179,34.9,High,70,1,Rainy
2693,2024-08-06,10:00,Ring Road,South Zone,1535,897,151,442,45,22.4,High,74,0,Rainy
3530,2024-08-06,12:00,Outer Ring Road,East Zone,970,421,73,181,295,49.2,High,64,0,Sunny
2482,2024-08-06,13:00,Station Road,Downtown,1171,696,91,277,107,39.7,High,59,0,Sunny
1702,2024-08-06,14:00,Ring Road,East Zone,725,338,51,160,176,49.2,Medium,43,0,Sunny
1360,2024-08-06,20:00,Airport Road,East Zone,1266,659,149,291,167,35.5,High,73,0,Sunny
2996,2024-08-07,07:00,Market Road,North Zone,1454,879,150,326,99,27.3,High,67,0,Cloudy
2846,2024-08-07,08:00,Outer Ring Road,North Zone,1502,678,164,377,283,25.7,High,87,0,Rainy
209,2024-08-07,10:00,MG Road,Downtown,1695,941,145,491,118,17.4,High,80,0,Rainy
2207,2024-08-07,12:00,Outer Ring Road,North Zone,814,496,67,158,93,48.9,High,76,0,Cloudy
707,2024-08-07,13:00,Station Road,South Zone,590,296,67,108,119,42.7,High,46,0,Rainy
470,2024-08-07,13:00,Outer Ring Road,West Zone,852,511,99,217,25,42.7,High,67,0,Foggy
2577,2024-08-07,15:00,Lake View Road,West Zone,925,421,71,242,191,47.9,High,60,0,Rainy
644,2024-08-07,17:00,Lake View Road,Downtown,1487,911,156,369,51,29.9,High,71,0,Sunny
333,2024-08-07,17:00,NH-44,South Zone,1222,539,91,319,273,35.9,High,61,0,Sunny
1918,2024-08-07,18:00,MG Road,Downtown,1305,800,104,250,151,38.8,High,67,0,Sunny
2848,2024-08-07,19:00,Station Road,Downtown,1881,1103,154,421,203,13.7,High,76,1,Cloudy
969,2024-08-07,19:00,Station Road,East Zone,1222,554,98,232,338,23.3,High,74,0,Foggy
699,2024-08-07,19:00,Outer Ring Road,North Zone,1041,603,80,275,83,41.2,High,75,1,Rainy
2085,2024-08-07,20:00,Airport Road,Downtown,1514,723,123,326,342,22.0,High,64,0,Rainy
597,2024-08-08,07:00,MG Road,East Zone,1258,705,123,311,119,35.7,High,58,0,Sunny
3641,2024-08-08,08:00,Lake View Road,West Zone,963,571,102,198,92,30.7,High,79,0,Foggy
2736,2024-08-08,09:00,Ring Road,North Zone,1575,760,150,449,216,34.2,High,72,0,Sunny
2463,2024-08-08,10:00,NH-44,East Zone,1035,569,96,280,90,46.4,High,67,0,Cloudy
2136,2024-08-08,11:00,Airport Road,North Zone,618,313,51,126,128,53.4,Medium,51,0,Sunny
2515,2024-08-08,14:00,MG Road,South Zone,348,207,33,70,38,55.3,Medium,31,0,Foggy
1888,2024-08-08,17:00,MG Road,North Zone,1214,663,136,337,78,34.2,High,79,0,Rainy
3940,2024-08-09,00:00,Market Road,North Zone,569,269,50,133,117,53.1,High,53,0,Cloudy
1304,2024-08-09,07:00,Station Road,Downtown,1648,946,197,425,80,26.3,High,77,0,Cloudy
3839,2024-08-09,07:00,MG Road,East Zone,1449,833,145,348,123,29.7,High,87,0,Cloudy
3157,2024-08-09,08:00,Lake View Road,Downtown,1282,655,91,307,229,33.3,High,76,0,Sunny
3575,2024-08-09,15:00,NH-44,Downtown,928,493,101,219,115,40.6,High,69,0,Sunny
778,2024-08-09,15:00,Airport Road,South Zone,584,255,46,141,142,51.0,Medium,30,0,Sunny
1237,2024-08-09,17:00,Airport Road,East Zone,1370,644,122,364,240,31.5,High,85,0,Sunny
482,2024-08-09,17:00,Outer Ring Road,West Zone,1121,543,121,224,233,32.9,High,66,0,Sunny
1782,2024-08-09,18:00,NH-44,North Zone,904,430,70,203,201,42.8,High,38,0,Sunny
2625,2024-08-09,19:00,IT Corridor,North Zone,1311,697,143,348,123,32.6,High,70,0,Sunny
145,2024-08-09,19:00,MG Road,North Zone,1062,621,82,316,43,41.4,High,66,0,Rainy
1695,2024-08-09,21:00,Lake View Road,Downtown,812,352,59,214,187,39.4,High,72,0,Foggy
3939,2024-08-10,06:00,MG Road,West Zone,761,468,68,189,36,46.3,High,53,0,Foggy
576,2024-08-10,10:00,IT Corridor,Downtown,985,479,92,252,162,37.2,High,69,0,Sunny
2039,2024-08-10,10:00,Station Road,North Zone,1018,576,109,214,119,41.9,High,66,0,Sunny
492,2024-08-10,11:00,Market Road,West Zone,678,394,68,173,43,45.9,Medium,48,0,Sunny
966,2024-08-10,12:00,Lake View Road,East Zone,909,432,92,220,165,46.8,High,66,0,Sunny
2709,2024-08-10,13:00,Lake View Road,Downtown,889,457,96,253,83,48.0,High,73,0,Sunny
1682,2024-08-10,14:00,Ring Road,East Zone,699,385,58,135,121,39.6,High,64,0,Foggy
2579,2024-08-10,16:00,Station Road,Downtown,755,406,65,161,123,42.8,High,43,0,Sunny
3357,2024-08-10,16:00,MG Road,North Zone,533,309,50,113,61,53.4,Medium,48,0,Sunny
3021,2024-08-10,16:00,NH-44,South Zone,481,262,45,136,38,51.7,High,61,0,Rainy
1473,2024-08-10,16:00,Station Road,South Zone,549,253,58,138,100,52.0,Medium,60,0,Foggy
356,2024-08-10,17:00,Station Road,North Zone,1530,822,136,416,156,26.4,High,77,0,Cloudy
592,2024-08-10,19:00,Lake View Road,Downtown,1001,444,115,286,156,37.9,High,57,0,Sunny
1853,2024-08-10,19:00,Green Park Rd,East Zone,1280,677,93,280,230,39.2,High,76,0,Sunny
1279,2024-08-10,21:00,Market Road,South Zone,755,325,56,143,231,39.5,High,70,0,Rainy
1218,2024-08-11,05:00,IT Corridor,West Zone,1054,501,76,209,268,33.3,High,69,0,Rainy
3927,2024-08-11,06:00,IT Corridor,North Zone,709,320,85,208,96,38.2,High,63,0,Foggy
3445,2024-08-11,08:00,Ring Road,Downtown,2102,1048,192,549,313,12.1,High,76,0,Rainy
1621,2024-08-11,09:00,Station Road,South Zone,1504,727,152,407,218,28.2,High,71,0,Sunny
1691,2024-08-11,09:00,Ring Road,West Zone,1517,745,178,331,263,33.4,High,63,0,Sunny
3843,2024-08-11,10:00,Airport Road,Downtown,1841,982,214,333,312,12.0,High,95,0,Rainy
552,2024-08-11,10:00,Outer Ring Road,South Zone,1337,607,102,372,256,33.0,High,66,0,Foggy
2686,2024-08-11,14:00,IT Corridor,East Zone,782,480,64,158,80,47.2,High,53,0,Sunny
1318,2024-08-11,17:00,Market Road,Downtown,1971,985,236,528,222,14.3,High,95,0,Cloudy
2640,2024-08-11,17:00,Green Park Rd,North Zone,1088,669,110,236,73,42.9,High,61,0,Sunny
685,2024-08-11,18:00,Market Road,North Zone,1408,681,152,407,168,30.7,High,57,0,Sunny
1674,2024-08-11,18:00,MG Road,West Zone,1526,775,152,380,219,30.5,High,67,0,Rainy
727,2024-08-11,19:00,Airport Road,East Zone,998,532,80,266,120,37.3,High,54,0,Rainy
2122,2024-08-11,20:00,Market Road,South Zone,959,486,78,242,153,47.2,High,51,0,Cloudy
212,2024-08-11,21:00,Market Road,South Zone,472,271,37,107,57,52.0,High,65,0,Sunny
1944,2024-08-12,13:00,NH-44,Downtown,1026,506,78,193,249,38.9,High,79,0,Sunny
3318,2024-08-12,15:00,Outer Ring Road,South Zone,593,350,59,168,16,45.3,High,48,0,Rainy
3105,2024-08-12,16:00,Airport Road,Downtown,687,412,80,143,52,50.1,High,61,0,Cloudy
3862,2024-08-12,16:00,Airport Road,North Zone,622,355,61,146,60,54.2,Medium,61,0,Sunny
186,2024-08-12,17:00,Airport Road,Downtown,899,537,106,216,40,39.6,High,68,1,Foggy
1830,2024-08-12,17:00,Airport Road,North Zone,911,399,65,228,219,36.7,High,52,0,Sunny
213,2024-08-12,17:00,Outer Ring Road,South Zone,778,361,84,144,189,45.6,High,51,0,Foggy
175,2024-08-12,19:00,Airport Road,Downtown,1930,1149,178,365,238,12.0,High,71,0,Rainy
1070,2024-08-12,20:00,Green Park Rd,Downtown,1367,842,137,347,41,37.5,High,70,0,Sunny
3544,2024-08-12,21:00,IT Corridor,East Zone,827,356,82,161,228,46.1,High,77,0,Cloudy
989,2024-08-12,23:00,Outer Ring Road,Downtown,993,600,83,280,30,33.0,High,58,0,Cloudy
3044,2024-08-13,01:00,Ring Road,West Zone,606,337,72,151,46,57.9,Medium,50,0,Sunny
1606,2024-08-13,06:00,MG Road,Downtown,907,543,95,208,61,36.6,High,80,0,Foggy
1726,2024-08-13,07:00,MG Road,Downtown,1710,908,155,454,193,26.7,High,80,0,Sunny
2350,2024-08-13,07:00,NH-44,South Zone,1326,744,150,392,40,32.8,High,86,2,Rainy
2238,2024-08-13,08:00,Green Park Rd,Downtown,1241,544,148,278,271,35.1,High,57,0,Sunny
941,2024-08-13,08:00,Lake View Road,North Zone,1413,644,124,354,291,35.2,High,77,0,Cloudy
1545,2024-08-13,08:00,NH-44,South Zone,1329,734,123,367,105,33.4,High,73,0,Rainy
2606,2024-08-13,08:00,Ring Road,West Zone,1324,813,108,363,40,21.2,High,91,0,Rainy
3872,2024-08-13,11:00,MG Road,West Zone,616,321,65,156,74,50.5,Medium,50,0,Rainy
1560,2024-08-13,14:00,Green Park Rd,Downtown,879,499,66,212,102,44.4,High,56,0,Cloudy
319,2024-08-13,15:00,Lake View Road,East Zone,988,565,113,256,54,38.7,High,72,0,Sunny
1599,2024-08-13,17:00,Outer Ring Road,Downtown,1211,646,93,301,171,35.4,High,67,0,Sunny
1305,2024-08-13,17:00,Ring Road,East Zone,1079,539,105,204,231,30.4,High,70,0,Sunny
792,2024-08-13,19:00,Outer Ring Road,South Zone,1112,554,124,274,160,31.8,High,65,0,Rainy
3925,2024-08-13,21:00,Lake View Road,North Zone,768,336,69,218,145,49.8,High,50,0,Cloudy
125,2024-08-14,03:00,Airport Road,East Zone,981,463,69,216,233,43.5,High,67,0,Sunny
3791,2024-08-14,06:00,Ring Road,West Zone,844,460,67,201,116,41.4,High,51,0,Rainy
1584,2024-08-14,07:00,Green Park Rd,South Zone,1350,819,107,364,60,27.1,High,86,0,Rainy
2720,2024-08-14,07:00,Station Road,South Zone,788,406,69,161,152,44.9,High,67,1,Cloudy
2513,2024-08-14,07:00,Outer Ring Road,West Zone,1623,705,172,441,305,33.0,High,67,0,Sunny
1718,2024-08-14,08:00,NH-44,Downtown,1643,911,139,373,220,21.4,High,74,0,Sunny
905,2024-08-14,09:00,IT Corridor,East Zone,1422,637,164,363,258,29.3,High,81,0,Sunny
3034,2024-08-14,10:00,NH-44,North Zone,858,514,86,232,26,50.9,High,55,0,Cloudy
1403,2024-08-14,14:00,Ring Road,North Zone,762,421,65,185,91,41.0,High,68,0,Rainy
3756,2024-08-14,15:00,Market Road,Downtown,963,494,99,270,100,39.5,High,61,0,Cloudy
671,2024-08-14,16:00,Green Park Rd,North Zone,532,269,48,141,74,58.0,Medium,54,0,Sunny
1506,2024-08-14,16:00,Lake View Road,West Zone,653,376,69,184,24,45.9,High,43,0,Sunny
287,2024-08-14,18:00,MG Road,East Zone,1702,920,125,476,181,21.6,High,78,0,Sunny
3093,2024-08-14,18:00,IT Corridor,South Zone,1368,597,156,247,368,34.8,High,69,0,Cloudy
2964,2024-08-14,19:00,MG Road,East Zone,1452,715,174,308,255,36.0,High,73,0,Sunny
3155,2024-08-14,19:00,MG Road,East Zone,1463,867,174,264,158,29.8,High,69,0,Cloudy
544,2024-08-14,19:00,Station Road,West Zone,1622,750,133,407,332,20.2,High,81,0,Sunny
1497,2024-08-14,21:00,Airport Road,Downtown,933,435,103,215,180,43.0,High,76,0,Sunny
1389,2024-08-14,22:00,Lake View Road,East Zone,729,334,52,148,195,45.8,Medium,45,0,Rainy
2766,2024-08-15,03:00,NH-44,Downtown,1243,713,94,274,162,39.4,High,69,0,Sunny
702,2024-08-15,06:00,Airport Road,South Zone,573,317,65,162,29,59.7,Medium,53,0,Sunny
2144,2024-08-15,08:00,Ring Road,South Zone,870,478,63,199,130,48.1,High,62,0,Sunny
2563,2024-08-15,10:00,Outer Ring Road,South Zone,1257,711,98,286,162,34.4,High,69,0,Cloudy
3856,2024-08-15,10:00,Ring Road,South Zone,1047,588,113,233,113,38.1,High,65,0,Sunny
3821,2024-08-15,10:00,MG Road,West Zone,818,463,61,238,56,47.3,High,40,0,Sunny
1102,2024-08-15,18:00,IT Corridor,East Zone,1856,996,138,549,173,18.8,High,93,0,Sunny
3521,2024-08-15,18:00,Airport Road,South Zone,875,494,86,248,47,39.0,High,56,0,Foggy
1787,2024-08-15,18:00,Lake View Road,West Zone,1737,870,127,334,406,24.3,High,77,0,Cloudy
928,2024-08-15,18:00,MG Road,West Zone,1106,666,114,279,47,39.9,High,59,0,Cloudy
2860,2024-08-15,22:00,IT Corridor,North Zone,460,268,33,87,72,61.9,High,56,0,Cloudy
1929,2024-08-15,23:00,IT Corridor,South Zone,493,261,57,100,75,57.0,Medium,53,0,Rainy
1422,2024-08-16,04:00,NH-44,South Zone,588,345,64,115,64,51.6,High,59,0,Cloudy
2275,2024-08-16,07:00,Green Park Rd,East Zone,1807,1086,213,397,111,26.3,High,71,0,Sunny
2477,2024-08-16,08:00,Station Road,North Zone,1363,770,141,351,101,29.9,High,67,0,Cloudy
440,2024-08-16,10:00,NH-44,North Zone,844,501,97,222,24,50.5,Medium,50,0,Sunny
944,2024-08-16,12:00,Outer Ring Road,South Zone,1003,453,104,195,251,37.1,High,65,0,Rainy
2674,2024-08-16,16:00,Market Road,West Zone,800,377,88,236,99,48.9,High,64,0,Sunny
3761,2024-08-16,17:00,Ring Road,North Zone,1674,941,159,382,192,26.6,High,75,0,Rainy
1040,2024-08-16,17:00,Airport Road,South Zone,1057,455,90,192,320,38.5,High,61,0,Sunny
785,2024-08-16,17:00,IT Corridor,South Zone,874,501,82,181,110,47.1,High,43,0,Cloudy
964,2024-08-16,17:00,Green Park Rd,West Zone,1243,613,134,283,213,29.9,High,79,0,Sunny
1264,2024-08-16,18:00,Ring Road,East Zone,1139,688,112,305,34,38.9,High,54,0,Cloudy
2740,2024-08-16,19:00,NH-44,South Zone,1259,616,97,231,315,37.9,High,65,0,Sunny
1972,2024-08-16,20:00,Station Road,North Zone,1475,751,177,323,224,28.4,High,66,0,Cloudy
669,2024-08-16,21:00,Ring Road,Downtown,1133,542,89,292,210,41.9,High,66,0,Sunny
313,2024-08-17,05:00,Green Park Rd,South Zone,784,465,82,169,68,50.6,Medium,44,0,Rainy
3824,2024-08-17,06:00,Station Road,South Zone,447,212,36,131,68,62.0,Low,25,0,Sunny
2292,2024-08-17,11:00,IT Corridor,South Zone,739,451,88,136,64,46.0,High,60,0,Cloudy
2484,2024-08-17,12:00,Station Road,North Zone,696,423,65,155,53,42.7,High,65,1,Sunny
606,2024-08-17,18:00,Outer Ring Road,Downtown,1484,723,161,320,280,29.6,High,92,0,Cloudy
2723,2024-08-17,20:00,Outer Ring Road,Downtown,1624,964,182,431,47,29.2,High,76,0,Cloudy
1962,2024-08-18,00:00,IT Corridor,North Zone,976,488,86,252,150,45.8,High,73,0,Cloudy
2824,2024-08-18,01:00,Airport Road,West Zone,864,473,73,224,94,41.9,High,59,0,Rainy
913,2024-08-18,06:00,IT Corridor,East Zone,1068,579,112,200,177,37.5,High,75,0,Cloudy
1965,2024-08-18,08:00,Airport Road,Downtown,1635,892,192,364,187,19.6,High,84,0,Foggy
146,2024-08-18,08:00,NH-44,North Zone,1277,631,121,283,242,33.9,High,75,0,Sunny
2345,2024-08-18,08:00,Station Road,South Zone,871,469,71,246,85,41.3,High,73,0,Sunny
2692,2024-08-18,14:00,NH-44,Downtown,1153,505,87,211,350,29.7,High,69,0,Cloudy
173,2024-08-18,14:00,Station Road,East Zone,851,475,66,207,103,50.6,High,60,0,Sunny
1084,2024-08-18,15:00,NH-44,South Zone,594,313,42,144,95,58.0,High,45,0,Cloudy
3642,2024-08-18,16:00,MG Road,South Zone,543,310,44,139,50,42.9,High,59,0,Foggy
141,2024-08-18,17:00,MG Road,East Zone,1083,600,127,214,142,40.1,High,63,0,Sunny
108,2024-08-18,19:00,Market Road,West Zone,1346,592,133,315,306,30.3,High,75,0,Foggy
2466,2024-08-18,23:00,Market Road,North Zone,825,386,84,198,157,50.2,High,48,0,Sunny
2070,2024-08-19,06:00,MG Road,North Zone,693,422,60,142,69,58.5,High,51,0,Sunny
2512,2024-08-19,06:00,NH-44,South Zone,643,339,64,133,107,51.2,Medium,46,0,Sunny
1388,2024-08-19,07:00,Airport Road,North Zone,1345,824,160,320,41,27.5,High,86,1,Rainy
2533,2024-08-19,09:00,Lake View Road,West Zone,1401,846,114,349,92,30.0,High,56,0,Sunny
3593,2024-08-19,10:00,IT Corridor,North Zone,1347,742,158,288,159,31.6,High,86,0,Sunny
2560,2024-08-19,14:00,Airport Road,South Zone,599,270,46,158,125,55.7,Medium,23,0,Sunny
3204,2024-08-19,15:00,Airport Road,North Zone,735,350,55,190,140,56.7,Medium,38,0,Sunny
2274,2024-08-19,16:00,Market Road,Downtown,1015,555,76,268,116,32.9,High,69,0,Rainy
2947,2024-08-19,21:00,Outer Ring Road,South Zone,516,291,45,96,84,56.1,Medium,37,0,Cloudy
853,2024-08-20,07:00,Station Road,Downtown,1754,1012,148,413,181,13.5,High,82,1,Sunny
3840,2024-08-20,08:00,NH-44,North Zone,898,397,88,187,226,36.2,High,67,0,Foggy
3889,2024-08-20,09:00,Airport Road,Downtown,1404,767,147,364,126,20.9,High,78,0,Foggy
3646,2024-08-20,09:00,NH-44,North Zone,1181,585,119,293,184,35.5,High,80,0,Sunny
675,2024-08-20,12:00,Outer Ring Road,North Zone,637,274,70,180,113,52.2,High,60,0,Sunny
179,2024-08-20,12:00,Airport Road,South Zone,797,474,86,180,57,52.0,High,47,0,Sunny
2514,2024-08-20,13:00,IT Corridor,East Zone,599,319,53,134,93,49.3,Medium,45,0,Foggy
1690,2024-08-20,14:00,Airport Road,South Zone,709,366,75,208,60,54.1,Medium,66,0,Cloudy
3264,2024-08-20,15:00,Lake View Road,South Zone,799,468,78,181,72,48.1,High,64,0,Sunny
194,2024-08-20,17:00,Market Road,South Zone,1190,594,110,299,187,32.9,High,64,0,Sunny
338,2024-08-20,17:00,Market Road,South Zone,1282,571,103,257,351,27.2,High,80,0,Cloudy
1832,2024-08-20,17:00,Market Road,West Zone,1417,638,154,419,206,25.0,High,66,0,Foggy
271,2024-08-20,17:00,Station Road,West Zone,1932,916,214,557,245,13.2,High,89,0,Sunny
924,2024-08-20,18:00,Market Road,Downtown,1325,673,134,381,137,36.7,High,70,0,Cloudy
1679,2024-08-20,18:00,Airport Road,South Zone,1122,574,126,311,111,30.4,High,60,0,Rainy
571,2024-08-20,20:00,MG Road,South Zone,1492,848,150,364,130,29.5,High,81,0,Sunny
2629,2024-08-20,22:00,Green Park Rd,North Zone,823,360,90,203,170,45.8,Medium,46,0,Sunny
188,2024-08-21,08:00,Lake View Road,Downtown,1347,738,104,256,249,38.7,High,66,0,Cloudy
3626,2024-08-21,09:00,Green Park Rd,South Zone,980,580,84,274,42,39.0,High,61,0,Sunny
2049,2024-08-21,10:00,NH-44,West Zone,1957,867,185,472,433,14.7,High,87,0,Sunny
3420,2024-08-21,11:00,Outer Ring Road,North Zone,551,253,39,130,129,53.5,High,46,0,Sunny
1297,2024-08-21,14:00,NH-44,West Zone,511,265,41,110,95,63.2,High,41,0,Sunny
2698,2024-08-21,20:00,Lake View Road,West Zone,767,415,70,156,126,39.1,High,72,0,Cloudy
598,2024-08-22,01:00,MG Road,Downtown,1018,554,74,279,111,43.1,High,58,0,Rainy
3731,2024-08-22,06:00,NH-44,Downtown,1114,532,78,278,226,44.9,High,75,0,Sunny
3348,2024-08-22,08:00,MG Road,South Zone,1028,579,90,218,141,45.6,High,64,0,Cloudy
3945,2024-08-22,09:00,MG Road,South Zone,1220,604,115,316,185,22.8,High,69,0,Rainy
3790,2024-08-22,14:00,MG Road,West Zone,900,435,90,205,170,47.8,High,56,0,Cloudy
1331,2024-08-22,17:00,NH-44,South Zone,1029,535,105,244,145,33.8,High,72,0,Foggy
822,2024-08-22,21:00,IT Corridor,Downtown,1239,744,129,279,87,32.5,High,71,0,Rainy
2645,2024-08-22,22:00,Airport Road,South Zone,544,281,59,144,60,51.9,High,51,0,Sunny
1657,2024-08-22,23:00,Market Road,North Zone,916,442,94,188,192,46.0,High,74,0,Rainy
3757,2024-08-23,00:00,Airport Road,Downtown,870,536,101,205,28,45.6,High,57,0,Sunny
1512,2024-08-23,01:00,MG Road,East Zone,865,533,90,174,68,47.9,High,61,0,Sunny
3515,2024-08-23,04:00,Lake View Road,West Zone,671,407,64,142,58,54.2,High,47,0,Sunny
777,2024-08-23,07:00,Lake View Road,East Zone,1391,657,156,271,307,33.0,High,63,0,Sunny
1785,2024-08-23,09:00,MG Road,West Zone,1424,625,137,322,340,23.0,High,78,0,Rainy
2639,2024-08-23,12:00,Ring Road,East Zone,574,320,62,165,27,49.5,High,50,0,Cloudy
933,2024-08-23,12:00,Airport Road,North Zone,689,423,57,127,82,52.1,High,47,0,Sunny
1026,2024-08-23,15:00,Ring Road,Downtown,735,423,77,213,22,46.0,Medium,42,0,Sunny
1743,2024-08-23,17:00,Station Road,South Zone,803,458,64,176,105,42.3,High,78,0,Foggy
1515,2024-08-23,19:00,Lake View Road,North Zone,1121,580,115,264,162,42.6,High,66,0,Cloudy
28,2024-08-23,21:00,Station Road,East Zone,697,303,59,141,194,40.6,High,60,0,Rainy
3773,2024-08-24,04:00,Airport Road,East Zone,678,330,60,184,104,50.7,Medium,50,0,Sunny
1632,2024-08-24,08:00,Airport Road,East Zone,1275,768,125,234,148,39.6,High,58,0,Cloudy
456,2024-08-24,09:00,Lake View Road,North Zone,1621,808,140,419,254,26.4,High,78,0,Sunny
1364,2024-08-24,10:00,Ring Road,Downtown,2237,1384,184,443,226,12.0,High,81,0,Sunny
147,2024-08-24,10:00,Station Road,Downtown,1408,863,150,297,98,28.8,High,69,0,Sunny
84,2024-08-24,12:00,Airport Road,Downtown,672,295,69,157,151,55.1,Medium,47,0,Sunny
2330,2024-08-24,12:00,Lake View Road,South Zone,768,345,59,187,177,48.3,High,60,0,Cloudy
3243,2024-08-24,14:00,NH-44,East Zone,484,280,49,127,28,59.4,Medium,53,0,Foggy
1325,2024-08-24,15:00,NH-44,South Zone,527,229,46,143,109,47.9,High,58,0,Foggy
1053,2024-08-24,17:00,Green Park Rd,Downtown,1443,626,138,309,370,34.5,High,64,0,Sunny
2355,2024-08-24,18:00,Airport Road,East Zone,1809,954,179,491,185,19.2,High,59,0,Rainy
1940,2024-08-24,19:00,Ring Road,East Zone,812,362,63,179,208,47.0,High,48,0,Sunny
2982,2024-08-25,07:00,Outer Ring Road,Downtown,1772,986,154,345,287,17.6,High,71,0,Rainy
2636,2024-08-25,09:00,MG Road,Downtown,1871,912,152,507,300,21.1,High,71,0,Sunny
2410,2024-08-25,12:00,MG Road,Downtown,867,513,87,194,73,37.7,High,70,0,Foggy
310,2024-08-25,18:00,Market Road,Downtown,1718,846,148,455,269,27.6,High,81,0,Cloudy
474,2024-08-25,20:00,MG Road,West Zone,1298,738,144,335,81,29.8,High,86,0,Rainy
900,2024-08-25,23:00,Market Road,Downtown,1110,580,95,244,191,30.9,High,77,0,Sunny
1885,2024-08-25,23:00,Station Road,South Zone,624,385,71,113,55,59.5,High,59,0,Sunny
449,2024-08-26,01:00,Outer Ring Road,North Zone,996,430,89,199,278,41.5,High,64,0,Sunny
867,2024-08-26,07:00,Outer Ring Road,Downtown,1676,745,181,317,433,20.2,High,89,0,Sunny
2171,2024-08-26,07:00,Airport Road,North Zone,1066,511,78,265,212,28.6,High,71,0,Foggy
728,2024-08-26,07:00,Green Park Rd,West Zone,1761,865,189,476,231,27.9,High,68,0,Sunny
1516,2024-08-26,09:00,Market Road,Downtown,1475,647,152,426,250,30.9,High,58,0,Sunny
2375,2024-08-26,09:00,Ring Road,East Zone,1114,539,133,217,225,31.9,High,74,0,Foggy
1263,2024-08-26,09:00,Outer Ring Road,North Zone,737,330,78,211,118,52.3,High,55,0,Sunny
3315,2024-08-26,09:00,Airport Road,West Zone,1495,769,166,408,152,28.7,High,78,0,Sunny
902,2024-08-26,10:00,MG Road,East Zone,732,405,64,217,46,54.0,Medium,61,0,Sunny
601,2024-08-26,15:00,Ring Road,East Zone,956,489,82,265,120,32.8,High,84,0,Rainy
3534,2024-08-26,16:00,Outer Ring Road,East Zone,541,283,65,123,70,51.5,High,66,0,Rainy
1401,2024-08-26,19:00,NH-44,North Zone,1293,630,97,249,317,35.6,High,57,0,Sunny
3293,2024-08-27,06:00,Airport Road,North Zone,650,311,67,158,114,52.6,High,67,0,Sunny
1949,2024-08-27,08:00,Market Road,East Zone,1739,1074,194,412,59,24.7,High,78,0,Sunny
3949,2024-08-27,09:00,Green Park Rd,East Zone,1911,920,182,398,411,18.5,High,86,0,Rainy
708,2024-08-27,09:00,MG Road,East Zone,1284,726,145,375,38,38.4,High,77,0,Sunny
824,2024-08-27,09:00,Station Road,East Zone,1813,915,184,353,361,21.7,High,78,0,Sunny
232,2024-08-27,12:00,Ring Road,Downtown,1306,658,153,256,239,36.9,High,70,0,Rainy
2785,2024-08-27,17:00,NH-44,East Zone,1247,679,126,354,88,33.2,High,65,0,Sunny
1575,2024-08-28,03:00,Lake View Road,North Zone,653,364,60,122,107,41.5,High,72,0,Sunny
3690,2024-08-28,06:00,Outer Ring Road,North Zone,908,504,74,208,122,44.7,High,69,0,Sunny
3917,2024-08-28,08:00,Outer Ring Road,North Zone,1084,663,106,265,50,47.6,High,48,0,Cloudy
3239,2024-08-28,11:00,Green Park Rd,Downtown,1013,522,97,276,118,45.4,High,79,0,Sunny
2261,2024-08-28,14:00,Ring Road,East Zone,901,403,84,228,186,43.2,High,68,0,Rainy
142,2024-08-28,18:00,Outer Ring Road,South Zone,1106,677,118,278,33,34.9,High,73,0,Sunny
1563,2024-08-28,19:00,Outer Ring Road,Downtown,1517,830,108,314,265,31.4,High,77,0,Sunny
2193,2024-08-28,19:00,Outer Ring Road,East Zone,1692,845,153,405,289,31.1,High,76,0,Sunny
2029,2024-08-29,03:00,MG Road,North Zone,704,430,52,149,73,53.5,Medium,51,0,Sunny
719,2024-08-29,09:00,Airport Road,East Zone,944,547,92,220,85,43.1,High,66,0,Sunny
1827,2024-08-29,10:00,Airport Road,East Zone,1387,639,155,380,213,33.3,High,51,0,Sunny
4000,2024-08-29,13:00,MG Road,East Zone,1023,500,77,222,224,41.9,High,64,0,Sunny
2492,2024-08-29,13:00,Station Road,South Zone,693,410,60,203,20,52.3,High,44,1,Sunny
52,2024-08-29,14:00,Airport Road,South Zone,731,390,81,204,56,51.8,Medium,54,0,Cloudy
1700,2024-08-29,15:00,Airport Road,Downtown,1011,583,94,273,61,44.8,High,68,0,Sunny
2233,2024-08-29,15:00,Station Road,East Zone,562,243,45,157,117,56.5,Medium,38,0,Cloudy
2531,2024-08-29,15:00,MG Road,North Zone,576,248,50,120,158,60.4,High,60,0,Sunny
524,2024-08-29,16:00,Airport Road,East Zone,851,506,64,171,110,36.9,High,68,0,Sunny
3528,2024-08-29,17:00,MG Road,North Zone,1150,662,103,253,132,33.1,High,62,1,Sunny
643,2024-08-29,17:00,Market Road,North Zone,1207,593,137,358,119,34.5,High,68,0,Sunny
3915,2024-08-29,19:00,IT Corridor,Downtown,1295,765,117,361,52,40.0,High,68,0,Rainy
3320,2024-08-30,01:00,Outer Ring Road,Downtown,1215,731,140,241,103,36.3,High,74,0,Sunny
2936,2024-08-30,08:00,Station Road,Downtown,2224,1247,221,411,345,12.0,High,76,0,Sunny
1556,2024-08-30,08:00,Green Park Rd,West Zone,1318,678,113,394,133,30.6,High,72,0,Cloudy
156,2024-08-30,11:00,MG Road,Downtown,1077,587,83,310,97,34.8,High,78,0,Sunny
1934,2024-08-30,11:00,IT Corridor,South Zone,1079,634,104,309,32,35.9,High,54,0,Rainy
1118,2024-08-30,16:00,Airport Road,East Zone,682,381,55,150,96,47.7,High,54,0,Cloudy
2708,2024-08-30,17:00,Outer Ring Road,South Zone,1223,623,125,261,214,33.4,High,84,0,Sunny
1881,2024-08-30,20:00,Outer Ring Road,North Zone,920,405,78,229,208,39.1,High,68,0,Cloudy
1905,2024-08-30,21:00,MG Road,East Zone,675,329,48,154,144,47.7,High,74,0,Cloudy
961,2024-08-30,21:00,NH-44,North Zone,666,361,76,193,36,53.5,Medium,56,0,Sunny
1179,2024-08-31,04:00,Airport Road,West Zone,797,451,75,183,88,48.9,High,60,0,Sunny
40,2024-08-31,06:00,Outer Ring Road,West Zone,1031,469,78,190,294,40.3,High,82,0,Cloudy
3848,2024-08-31,10:00,NH-44,Downtown,1570,754,126,464,226,25.4,High,76,0,Sunny
2373,2024-08-31,11:00,NH-44,Downtown,772,372,70,168,162,49.5,High,55,0,Sunny
1404,2024-08-31,17:00,Green Park Rd,North Zone,1088,505,121,277,185,43.5,Medium,37,0,Cloudy
3258,2024-09-01,07:00,Ring Road,Downtown,2269,1022,206,589,452,12.0,High,88,2,Rainy
3985,2024-09-01,15:00,Airport Road,East Zone,861,374,62,178,247,44.4,High,46,0,Cloudy
2095,2024-09-01,15:00,MG Road,North Zone,396,231,36,117,12,58.5,Medium,49,0,Rainy
2020,2024-09-01,15:00,Outer Ring Road,West Zone,1018,524,113,268,113,37.3,High,72,0,Rainy
2809,2024-09-01,18:00,Lake View Road,North Zone,1003,607,111,214,71,40.2,High,58,0,Sunny
3426,2024-09-01,21:00,Ring Road,North Zone,710,352,74,180,104,50.4,Medium,58,1,Sunny
1511,2024-09-01,21:00,Outer Ring Road,West Zone,937,538,90,177,132,31.6,High,80,0,Rainy
1395,2024-09-02,04:00,Ring Road,Downtown,1100,575,78,217,230,45.9,High,62,0,Sunny
1936,2024-09-02,10:00,Airport Road,West Zone,1443,868,153,282,140,20.5,High,90,0,Cloudy
372,2024-09-02,11:00,MG Road,North Zone,626,325,67,173,61,50.2,High,61,0,Cloudy
3005,2024-09-02,14:00,IT Corridor,East Zone,923,474,66,179,204,37.6,High,77,0,Cloudy
2483,2024-09-02,16:00,Airport Road,South Zone,590,311,53,136,90,47.4,High,59,0,Foggy
3503,2024-09-02,16:00,Ring Road,West Zone,958,461,98,273,126,43.3,High,54,0,Cloudy
1329,2024-09-02,19:00,IT Corridor,West Zone,1614,927,147,366,174,23.2,High,78,0,Sunny
3501,2024-09-02,21:00,Station Road,East Zone,964,553,85,217,109,33.9,High,51,0,Rainy
487,2024-09-02,23:00,Green Park Rd,Downtown,791,461,89,218,23,54.0,High,47,0,Sunny
3987,2024-09-03,06:00,Market Road,West Zone,976,442,109,268,157,39.6,High,67,0,Cloudy
805,2024-09-03,07:00,Airport Road,South Zone,936,434,112,206,184,46.4,High,51,0,Cloudy
1501,2024-09-03,07:00,Outer Ring Road,West Zone,1315,737,126,343,109,30.5,High,85,0,Sunny
376,2024-09-03,09:00,Airport Road,Downtown,1810,1080,174,337,219,16.8,High,73,0,Rainy
221,2024-09-03,09:00,Lake View Road,West Zone,1326,801,135,275,115,35.4,High,67,0,Sunny
3023,2024-09-03,12:00,Airport Road,East Zone,564,288,46,124,106,50.7,Medium,46,0,Cloudy
502,2024-09-03,14:00,Market Road,Downtown,1137,685,93,303,56,44.7,High,66,0,Sunny
463,2024-09-03,14:00,Outer Ring Road,West Zone,952,469,75,240,168,40.0,High,56,0,Sunny
960,2024-09-03,17:00,Green Park Rd,East Zone,1173,671,132,268,102,35.8,High,61,1,Sunny
1257,2024-09-03,17:00,Station Road,North Zone,887,529,103,229,26,34.7,High,88,0,Foggy
3082,2024-09-03,20:00,Lake View Road,East Zone,1088,653,123,263,49,39.2,High,71,0,Sunny
2537,2024-09-03,23:00,Ring Road,West Zone,826,407,91,178,150,48.1,High,49,0,Sunny
2874,2024-09-04,07:00,NH-44,West Zone,1035,637,112,237,49,42.6,High,81,0,Cloudy
3682,2024-09-04,11:00,Market Road,South Zone,540,310,59,114,57,53.3,Medium,42,0,Sunny
3075,2024-09-04,13:00,MG Road,West Zone,1158,594,123,252,189,27.3,High,72,0,Rainy
2959,2024-09-04,18:00,Green Park Rd,North Zone,1191,592,138,251,210,39.2,High,65,0,Cloudy
3050,2024-09-04,18:00,Green Park Rd,West Zone,1351,657,143,312,239,37.8,High,57,0,Cloudy
2338,2024-09-04,20:00,Airport Road,East Zone,1301,603,155,357,186,33.1,High,79,0,Sunny
3922,2024-09-04,21:00,NH-44,Downtown,1277,756,121,240,160,35.7,High,55,0,Foggy
801,2024-09-05,06:00,Market Road,South Zone,537,303,51,155,28,52.3,High,53,0,Sunny
826,2024-09-05,08:00,Airport Road,Downtown,1910,1145,151,448,166,18.3,High,66,0,Sunny
540,2024-09-05,08:00,Green Park Rd,South Zone,989,469,80,254,186,40.0,High,73,0,Cloudy
3479,2024-09-05,10:00,Airport Road,North Zone,1170,666,110,337,57,40.0,High,64,0,Sunny
863,2024-09-05,11:00,Lake View Road,West Zone,539,293,43,162,41,57.7,Medium,49,0,Cloudy
1262,2024-09-05,12:00,Station Road,West Zone,986,521,109,180,176,42.5,High,51,0,Cloudy
2360,2024-09-05,13:00,NH-44,East Zone,760,426,70,140,124,48.0,Medium,52,0,Rainy
3527,2024-09-05,17:00,Ring Road,East Zone,1403,740,108,265,290,28.5,High,85,0,Foggy
1660,2024-09-05,17:00,Ring Road,West Zone,1677,1036,125,381,135,25.5,High,82,0,Cloudy
493,2024-09-06,05:00,Green Park Rd,West Zone,843,434,89,211,109,39.3,High,58,0,Rainy
2865,2024-09-06,07:00,Outer Ring Road,South Zone,651,377,51,159,64,40.0,High,65,0,Foggy
3520,2024-09-06,08:00,Station Road,Downtown,1505,775,112,326,292,36.0,High,93,0,Sunny
1399,2024-09-06,08:00,NH-44,East Zone,1309,758,119,370,62,27.5,High,78,0,Foggy
3297,2024-09-06,11:00,Outer Ring Road,North Zone,927,451,111,205,160,42.2,High,52,0,Sunny
770,2024-09-06,12:00,Station Road,Downtown,934,475,82,182,195,38.1,High,53,0,Cloudy
1462,2024-09-06,12:00,IT Corridor,East Zone,801,429,75,153,144,41.5,High,62,0,Foggy
3460,2024-09-06,16:00,Outer Ring Road,West Zone,747,379,77,203,88,43.8,High,71,0,Sunny
1926,2024-09-06,18:00,Lake View Road,South Zone,692,328,82,152,130,51.8,High,60,1,Sunny
485,2024-09-06,19:00,Ring Road,West Zone,1794,948,142,537,167,19.8,High,70,0,Rainy
3481,2024-09-06,20:00,Green Park Rd,West Zone,1379,646,110,359,264,37.9,High,70,1,Sunny
1189,2024-09-07,07:00,IT Corridor,North Zone,1327,816,110,320,81,37.9,High,67,0,Cloudy
720,2024-09-07,08:00,Market Road,Downtown,835,450,73,172,140,48.3,High,46,1,Foggy
1717,2024-09-07,08:00,Airport Road,West Zone,1318,579,145,348,246,39.3,High,68,0,Sunny
2776,2024-09-07,10:00,Green Park Rd,Downtown,2375,1115,199,693,368,12.0,High,84,0,Rainy
1610,2024-09-07,10:00,Outer Ring Road,Downtown,2383,1135,280,537,431,12.0,High,64,0,Cloudy
2031,2024-09-07,11:00,Lake View Road,Downtown,783,437,84,142,120,35.4,High,69,0,Rainy
2009,2024-09-07,11:00,Lake View Road,East Zone,856,482,86,251,37,41.4,High,66,0,Rainy
3139,2024-09-07,16:00,MG Road,Downtown,968,570,73,194,131,38.2,High,66,0,Sunny
779,2024-09-07,16:00,Airport Road,West Zone,668,342,79,156,91,44.2,High,47,0,Rainy
2775,2024-09-07,17:00,Green Park Rd,Downtown,1540,766,112,356,306,25.9,High,71,0,Sunny
1864,2024-09-07,17:00,Market Road,Downtown,1571,866,173,452,80,30.9,High,74,0,Cloudy
1500,2024-09-07,22:00,NH-44,Downtown,913,445,108,170,190,45.6,High,73,0,Sunny
3107,2024-09-07,22:00,NH-44,South Zone,432,262,36,106,28,55.4,Medium,37,0,Sunny
2510,2024-09-08,04:00,Green Park Rd,South Zone,365,161,34,106,64,56.7,Medium,25,0,Sunny
791,2024-09-08,08:00,NH-44,South Zone,790,448,78,214,50,48.4,High,51,0,Sunny
668,2024-09-08,09:00,MG Road,South Zone,1274,741,97,359,77,31.7,High,67,0,Cloudy
259,2024-09-08,09:00,Green Park Rd,West Zone,1449,715,108,420,206,33.2,High,78,0,Sunny
3961,2024-09-08,09:00,Lake View Road,West Zone,958,549,98,202,109,30.4,High,70,0,Foggy
89,2024-09-08,12:00,Airport Road,East Zone,533,295,43,136,59,51.1,High,46,0,Sunny
2453,2024-09-08,13:00,NH-44,North Zone,641,312,67,186,76,51.1,High,74,0,Cloudy
3475,2024-09-08,13:00,Ring Road,West Zone,752,376,55,203,118,46.5,High,60,1,Sunny
3100,2024-09-08,14:00,MG Road,South Zone,426,250,49,114,13,55.0,Medium,27,0,Sunny
242,2024-09-08,16:00,Lake View Road,East Zone,835,431,76,219,109,46.6,High,60,0,Sunny
79,2024-09-08,17:00,Ring Road,Downtown,2252,1349,252,497,154,12.0,High,59,0,Rainy
3789,2024-09-08,19:00,Station Road,East Zone,1159,500,135,212,312,36.3,High,83,0,Cloudy
630,2024-09-08,23:00,Ring Road,Downtown,865,407,64,164,230,45.2,High,67,0,Cloudy
605,2024-09-09,00:00,NH-44,Downtown,1230,545,118,261,306,43.5,High,53,0,Cloudy
881,2024-09-09,02:00,Station Road,North Zone,801,437,67,186,111,43.0,High,36,0,Rainy
711,2024-09-09,07:00,Airport Road,South Zone,1114,480,121,334,179,37.0,High,75,0,Sunny
2400,2024-09-09,11:00,Station Road,East Zone,945,545,95,277,28,43.0,High,77,0,Sunny
349,2024-09-09,14:00,NH-44,Downtown,947,543,73,272,59,45.6,High,43,0,Sunny
2443,2024-09-09,15:00,Airport Road,Downtown,1184,562,95,326,201,40.2,High,63,0,Sunny
523,2024-09-09,18:00,NH-44,Downtown,1311,806,139,272,94,23.0,High,78,0,Foggy
27,2024-09-09,18:00,Market Road,West Zone,1427,684,136,301,306,19.9,High,85,0,Cloudy
2960,2024-09-10,02:00,Station Road,East Zone,777,443,83,203,48,48.3,High,60,0,Sunny
481,2024-09-10,05:00,IT Corridor,East Zone,685,397,63,205,20,50.3,High,65,0,Sunny
286,2024-09-10,06:00,Green Park Rd,Downtown,1080,624,95,290,71,40.5,High,63,0,Cloudy
2803,2024-09-10,08:00,NH-44,North Zone,1009,493,117,284,115,42.7,High,88,0,Cloudy
1089,2024-09-10,08:00,MG Road,South Zone,630,350,47,156,77,44.2,High,54,0,Sunny
2744,2024-09-10,09:00,Outer Ring Road,South Zone,891,456,81,176,178,41.1,High,68,0,Sunny
2250,2024-09-10,18:00,IT Corridor,Downtown,1383,852,114,318,99,33.9,High,81,0,Sunny
266,2024-09-10,18:00,Airport Road,North Zone,1251,723,148,240,140,34.1,High,63,0,Cloudy
2432,2024-09-10,18:00,Green Park Rd,North Zone,1422,872,147,276,127,28.5,High,80,0,Cloudy
1126,2024-09-10,18:00,Airport Road,West Zone,952,562,99,251,40,41.0,High,65,0,Foggy
3169,2024-09-11,03:00,Station Road,South Zone,635,335,71,174,55,50.0,Medium,36,0,Rainy
131,2024-09-11,06:00,Ring Road,North Zone,878,541,65,171,101,44.8,High,78,0,Rainy
226,2024-09-11,07:00,NH-44,Downtown,1688,999,146,382,161,24.9,High,71,0,Sunny
782,2024-09-11,08:00,Ring Road,Downtown,1747,904,129,412,302,20.0,High,80,0,Foggy
2593,2024-09-11,13:00,Lake View Road,West Zone,1218,668,116,277,157,35.1,High,80,0,Rainy
3179,2024-09-11,14:00,Station Road,East Zone,625,346,73,134,72,51.7,High,53,0,Rainy
1259,2024-09-11,16:00,Ring Road,South Zone,585,280,69,174,62,45.5,High,50,0,Rainy
2502,2024-09-12,09:00,IT Corridor,Downtown,1283,651,133,300,199,25.6,High,71,0,Foggy
2642,2024-09-12,11:00,NH-44,West Zone,666,378,71,127,90,52.0,Medium,53,0,Sunny
2581,2024-09-12,11:00,Outer Ring Road,West Zone,629,285,75,129,140,58.9,High,50,0,Sunny
1303,2024-09-12,12:00,NH-44,Downtown,924,542,93,239,50,45.7,Medium,55,0,Sunny
3755,2024-09-12,12:00,Green Park Rd,North Zone,888,399,77,199,213,40.8,High,51,0,Sunny
351,2024-09-12,14:00,Green Park Rd,West Zone,564,261,47,135,121,58.5,Medium,53,0,Sunny
713,2024-09-12,18:00,Ring Road,South Zone,1299,614,111,367,207,35.4,High,75,0,Rainy
2396,2024-09-12,21:00,Green Park Rd,North Zone,944,453,78,210,203,43.3,High,67,0,Sunny
2472,2024-09-12,23:00,Lake View Road,East Zone,616,284,71,179,82,56.1,Medium,50,0,Sunny
1160,2024-09-13,09:00,Market Road,Downtown,2083,927,172,423,561,16.2,High,63,0,Sunny
1217,2024-09-13,09:00,MG Road,South Zone,989,446,114,283,146,45.4,High,84,0,Cloudy
128,2024-09-13,09:00,Station Road,South Zone,986,468,118,294,106,38.6,High,60,0,Foggy
1231,2024-09-13,12:00,IT Corridor,North Zone,764,468,86,187,23,46.0,High,64,0,Sunny
3599,2024-09-13,12:00,Lake View Road,North Zone,438,238,50,119,31,40.4,High,52,0,Foggy
877,2024-09-13,14:00,Station Road,West Zone,538,272,55,134,77,56.3,Medium,49,0,Sunny
496,2024-09-13,18:00,Lake View Road,Downtown,1357,705,113,250,289,36.5,High,71,0,Cloudy
3223,2024-09-13,20:00,IT Corridor,Downtown,2010,1107,204,440,259,12.0,High,78,0,Rainy
1751,2024-09-13,20:00,Lake View Road,West Zone,1342,817,117,336,72,23.5,High,57,0,Foggy
1988,2024-09-13,20:00,Station Road,West Zone,826,389,81,237,119,46.1,High,53,0,Rainy
503,2024-09-14,00:00,Lake View Road,North Zone,896,412,72,191,221,44.1,High,64,0,Sunny
2251,2024-09-14,02:00,MG Road,Downtown,760,469,56,193,42,51.4,Medium,46,0,Sunny
2359,2024-09-14,02:00,NH-44,West Zone,725,378,56,175,116,45.2,High,42,0,Rainy
2599,2024-09-14,04:00,Station Road,North Zone,696,381,51,148,116,43.7,High,56,0,Rainy
19,2024-09-14,09:00,IT Corridor,Downtown,1707,1026,126,482,73,25.0,High,86,0,Cloudy
2651,2024-09-14,14:00,IT Corridor,West Zone,816,409,94,177,136,48.0,High,74,0,Sunny
3808,2024-09-14,14:00,Market Road,West Zone,985,437,90,274,184,42.1,High,59,0,Cloudy
1669,2024-09-14,15:00,NH-44,West Zone,697,335,83,173,106,55.0,High,54,0,Sunny
2304,2024-09-14,18:00,Market Road,South Zone,1477,864,164,351,98,30.4,High,74,0,Sunny
3345,2024-09-14,19:00,Green Park Rd,North Zone,1311,766,141,365,39,30.8,High,60,0,Cloudy
3323,2024-09-14,21:00,Market Road,West Zone,614,274,48,124,168,53.7,Medium,32,0,Sunny
748,2024-09-15,04:00,Airport Road,Downtown,714,327,85,159,143,36.7,High,53,0,Foggy
2991,2024-09-15,06:00,Lake View Road,South Zone,521,269,58,147,47,50.4,Medium,47,0,Rainy
180,2024-09-15,07:00,Airport Road,North Zone,970,597,89,189,95,41.7,High,57,0,Rainy
1564,2024-09-15,07:00,NH-44,North Zone,1187,664,114,304,105,33.6,High,90,0,Rainy
681,2024-09-15,08:00,NH-44,West Zone,1521,872,145,320,184,29.2,High,65,0,Sunny
2799,2024-09-15,08:00,Outer Ring Road,West Zone,1485,640,113,400,332,30.6,High,75,0,Sunny
3336,2024-09-15,16:00,Green Park Rd,East Zone,910,544,96,169,101,40.7,High,59,0,Sunny
2298,2024-09-15,16:00,IT Corridor,East Zone,603,326,68,114,95,42.4,High,64,0,Rainy
240,2024-09-15,17:00,Airport Road,North Zone,1261,693,138,338,92,37.0,High,80,0,Cloudy
3613,2024-09-15,18:00,NH-44,East Zone,1036,489,100,235,212,42.1,High,73,0,Sunny
773,2024-09-15,18:00,Green Park Rd,West Zone,1407,800,119,392,96,32.8,High,83,0,Sunny
1003,2024-09-15,19:00,NH-44,East Zone,970,532,75,231,132,36.8,High,74,0,Rainy
3608,2024-09-16,04:00,NH-44,East Zone,1098,492,115,221,270,39.1,High,57,0,Cloudy
3215,2024-09-16,06:00,Lake View Road,West Zone,725,365,79,157,124,47.7,High,45,0,Cloudy
2456,2024-09-16,08:00,NH-44,East Zone,1334,612,153,258,311,37.6,High,74,0,Sunny
762,2024-09-16,08:00,Lake View Road,North Zone,1174,640,110,296,128,41.3,High,59,0,Cloudy
2455,2024-09-16,09:00,IT Corridor,Downtown,1524,805,115,325,279,26.6,High,79,0,Sunny
3019,2024-09-16,12:00,NH-44,Downtown,1371,793,129,278,171,35.6,High,59,0,Rainy
3674,2024-09-16,12:00,Market Road,North Zone,635,316,56,174,89,43.4,Medium,43,0,Foggy
1549,2024-09-16,14:00,Ring Road,West Zone,951,433,90,209,219,48.5,High,65,0,Sunny
3003,2024-09-16,16:00,NH-44,North Zone,919,407,90,238,184,45.4,Medium,41,0,Cloudy
3416,2024-09-16,16:00,Ring Road,South Zone,699,374,80,137,108,48.9,High,74,0,Cloudy
2822,2024-09-16,16:00,MG Road,West Zone,768,458,83,197,30,49.8,High,46,0,Sunny
2783,2024-09-16,17:00,Ring Road,East Zone,1371,633,106,376,256,37.6,High,78,0,Sunny
3535,2024-09-16,17:00,Green Park Rd,South Zone,1126,600,103,219,204,34.3,High,69,0,Foggy
67,2024-09-16,19:00,Market Road,Downtown,2100,988,184,430,498,13.5,High,89,0,Sunny
3976,2024-09-16,19:00,NH-44,South Zone,1250,705,130,362,53,34.6,High,53,0,Rainy
2728,2024-09-16,20:00,Outer Ring Road,North Zone,1081,497,106,221,257,37.8,High,82,0,Cloudy
2569,2024-09-17,00:00,Ring Road,North Zone,782,370,80,226,106,48.4,High,46,0,Sunny
1567,2024-09-17,05:00,NH-44,East Zone,607,280,70,129,128,47.7,High,48,0,Sunny
1605,2024-09-17,07:00,MG Road,South Zone,848,428,66,239,115,49.1,Medium,56,0,Cloudy
2818,2024-09-17,08:00,Market Road,West Zone,1413,646,165,366,236,30.2,High,86,0,Sunny
1109,2024-09-17,09:00,Green Park Rd,East Zone,1266,557,140,328,241,32.2,High,73,1,Cloudy
2568,2024-09-17,09:00,MG Road,West Zone,914,412,103,166,233,38.3,High,47,0,Foggy
1301,2024-09-17,10:00,Station Road,East Zone,1462,757,135,269,301,30.3,High,79,0,Cloudy
1007,2024-09-17,11:00,Green Park Rd,Downtown,1209,550,136,319,204,42.7,High,65,0,Sunny
107,2024-09-17,17:00,Airport Road,West Zone,1978,858,220,549,351,12.0,High,94,0,Rainy
2683,2024-09-17,20:00,Ring Road,Downtown,1647,737,157,336,417,27.9,High,61,0,Sunny
1973,2024-09-17,20:00,NH-44,South Zone,900,523,96,226,55,37.0,High,95,0,Foggy
1749,2024-09-18,04:00,Market Road,South Zone,595,271,66,114,144,47.3,High,54,0,Foggy
3232,2024-09-18,06:00,Green Park Rd,West Zone,745,399,81,207,58,47.5,High,46,0,Cloudy
2368,2024-09-18,07:00,Lake View Road,West Zone,1366,669,147,271,279,27.1,High,85,0,Rainy
2965,2024-09-18,08:00,Lake View Road,East Zone,1267,658,132,359,118,33.6,High,75,0,Sunny
1932,2024-09-18,08:00,Station Road,North Zone,1109,628,95,220,166,35.3,High,65,0,Sunny
1634,2024-09-18,10:00,IT Corridor,West Zone,1561,905,119,379,158,27.9,High,81,0,Sunny
420,2024-09-18,11:00,MG Road,East Zone,667,308,57,170,132,45.3,High,59,0,Sunny
818,2024-09-18,13:00,MG Road,North Zone,583,312,63,170,38,55.8,High,59,0,Sunny
1565,2024-09-18,14:00,Market Road,East Zone,744,374,56,218,96,42.2,High,70,0,Rainy
3226,2024-09-18,16:00,Green Park Rd,Downtown,942,510,83,210,139,49.1,High,60,0,Sunny
3423,2024-09-18,17:00,IT Corridor,South Zone,1432,649,108,374,301,16.1,High,80,0,Rainy
1850,2024-09-18,19:00,Outer Ring Road,Downtown,1966,1126,210,572,58,12.0,High,61,0,Foggy
1283,2024-09-19,06:00,Station Road,Downtown,1007,537,86,208,176,41.5,High,68,0,Sunny
2988,2024-09-19,09:00,Airport Road,Downtown,2137,983,217,526,411,15.2,High,70,0,Sunny
3777,2024-09-19,09:00,Ring Road,Downtown,1722,898,194,501,129,33.1,High,82,0,Cloudy
258,2024-09-19,10:00,IT Corridor,Downtown,1451,713,158,292,288,27.3,High,77,0,Foggy
2451,2024-09-19,14:00,Lake View Road,North Zone,736,366,84,182,104,50.8,High,61,0,Sunny
2185,2024-09-19,16:00,NH-44,North Zone,698,389,73,135,101,52.1,High,65,0,Sunny
2197,2024-09-19,17:00,NH-44,South Zone,1307,683,138,261,225,38.4,High,68,0,Cloudy
2254,2024-09-19,21:00,NH-44,East Zone,592,285,67,159,81,42.5,High,74,0,Foggy
1241,2024-09-20,01:00,IT Corridor,Downtown,1214,615,103,282,214,28.2,High,74,0,Rainy
2291,2024-09-20,06:00,Station Road,South Zone,737,390,71,183,93,46.6,High,54,0,Sunny
2053,2024-09-20,07:00,NH-44,South Zone,1128,665,114,242,107,35.7,High,77,0,Cloudy
529,2024-09-20,07:00,MG Road,West Zone,1465,866,145,411,43,27.6,High,83,0,Sunny
3701,2024-09-20,08:00,Airport Road,Downtown,1565,825,178,406,156,23.4,High,95,0,Rainy
3677,2024-09-20,09:00,Market Road,South Zone,1297,580,137,275,305,29.4,High,75,0,Cloudy
413,2024-09-20,10:00,NH-44,North Zone,1408,730,114,352,212,37.1,High,81,0,Sunny
1856,2024-09-20,11:00,Ring Road,South Zone,759,394,56,226,83,44.4,High,67,0,Cloudy
3776,2024-09-20,13:00,Outer Ring Road,North Zone,947,579,90,246,32,43.8,High,50,0,Sunny
387,2024-09-20,14:00,MG Road,Downtown,1073,618,128,196,131,37.8,High,73,0,Sunny
1991,2024-09-20,15:00,MG Road,East Zone,645,369,58,170,48,54.9,Medium,56,0,Sunny
2539,2024-09-20,15:00,MG Road,South Zone,593,347,71,153,22,48.2,High,68,1,Rainy
2311,2024-09-20,16:00,Lake View Road,Downtown,1024,619,82,293,30,33.9,High,69,0,Rainy
932,2024-09-20,17:00,Lake View Road,Downtown,1239,609,96,339,195,26.0,High,82,0,Foggy
3579,2024-09-20,17:00,Outer Ring Road,East Zone,1348,679,150,282,237,29.8,High,83,2,Cloudy
1269,2024-09-20,18:00,IT Corridor,East Zone,1703,893,169,474,167,22.4,High,74,0,Rainy
3861,2024-09-20,19:00,Station Road,South Zone,1041,559,77,258,147,43.3,High,70,0,Rainy
316,2024-09-20,19:00,MG Road,West Zone,1602,974,162,416,50,18.0,High,77,0,Cloudy
58,2024-09-20,20:00,Lake View Road,East Zone,961,562,102,222,75,34.7,High,63,0,Foggy
3161,2024-09-20,21:00,Market Road,East Zone,630,308,57,132,133,53.1,Medium,56,0,Sunny
1442,2024-09-20,23:00,Green Park Rd,North Zone,580,256,66,139,119,47.0,High,50,0,Cloudy
3036,2024-09-21,07:00,MG Road,East Zone,1779,1045,131,453,150,29.9,High,77,0,Sunny
1019,2024-09-21,11:00,Ring Road,Downtown,995,506,81,266,142,47.6,High,74,0,Sunny
3265,2024-09-21,11:00,Ring Road,South Zone,377,171,40,95,71,57.2,Medium,49,0,Sunny
2129,2024-09-21,11:00,Ring Road,West Zone,1022,525,85,286,126,34.4,High,75,0,Rainy
573,2024-09-21,15:00,Ring Road,South Zone,706,408,72,166,60,36.7,High,68,0,Rainy
53,2024-09-21,18:00,Ring Road,East Zone,1532,670,172,290,400,24.4,High,82,0,Cloudy
3147,2024-09-21,21:00,IT Corridor,South Zone,806,463,78,149,116,44.4,High,63,0,Sunny
3606,2024-09-21,23:00,NH-44,West Zone,795,357,83,228,127,44.9,High,70,0,Sunny
1984,2024-09-22,07:00,Ring Road,North Zone,813,447,57,227,82,46.8,High,62,0,Sunny
1517,2024-09-22,07:00,Outer Ring Road,South Zone,711,345,67,202,97,52.7,High,58,0,Sunny
2397,2024-09-22,08:00,Station Road,West Zone,1614,812,159,420,223,22.6,High,76,0,Rainy
1246,2024-09-22,09:00,Market Road,North Zone,1221,719,131,335,36,28.5,High,74,0,Rainy
2594,2024-09-22,10:00,Market Road,West Zone,1763,797,186,324,456,19.4,High,70,0,Sunny
2438,2024-09-22,17:00,Ring Road,North Zone,1165,658,87,298,122,31.7,High,82,0,Foggy
3329,2024-09-22,20:00,Airport Road,North Zone,995,606,104,186,99,39.8,High,67,0,Sunny
1457,2024-09-22,22:00,Airport Road,South Zone,572,319,67,138,48,53.9,Medium,37,0,Sunny
3176,2024-09-23,00:00,Market Road,Downtown,842,431,71,184,156,41.3,High,61,0,Rainy
254,2024-09-23,08:00,Ring Road,East Zone,937,556,95,259,27,35.8,High,67,0,Foggy
1381,2024-09-23,08:00,Ring Road,East Zone,1593,955,117,292,229,24.2,High,74,1,Sunny
2972,2024-09-23,09:00,NH-44,East Zone,928,471,77,229,151,37.1,High,75,0,Sunny
1812,2024-09-23,10:00,Lake View Road,South Zone,931,575,73,225,58,48.2,High,66,0,Sunny
3496,2024-09-23,11:00,Airport Road,South Zone,662,319,75,179,89,43.8,High,57,0,Sunny
2441,2024-09-23,14:00,Green Park Rd,East Zone,807,359,92,192,164,43.3,High,60,0,Rainy
3279,2024-09-23,15:00,Ring Road,West Zone,940,431,94,184,231,38.9,High,74,0,Cloudy
1038,2024-09-23,16:00,MG Road,East Zone,684,405,77,182,20,53.1,High,52,0,Cloudy
1159,2024-09-23,17:00,Lake View Road,East Zone,1720,841,179,395,305,22.0,High,77,0,Sunny
730,2024-09-23,19:00,Lake View Road,Downtown,1502,792,110,341,259,24.1,High,83,0,Sunny
2125,2024-09-23,19:00,Ring Road,South Zone,891,404,80,232,175,49.3,High,57,0,Sunny
3899,2024-09-23,19:00,Station Road,South Zone,1145,570,94,220,261,36.4,High,65,0,Foggy
1592,2024-09-23,21:00,Ring Road,West Zone,665,380,55,199,31,47.5,High,59,0,Cloudy
2987,2024-09-24,06:00,Market Road,West Zone,786,449,76,175,86,50.0,High,70,0,Sunny
2628,2024-09-24,07:00,IT Corridor,East Zone,1480,906,158,368,48,32.8,High,83,0,Cloudy
554,2024-09-24,08:00,Lake View Road,East Zone,1427,779,124,291,233,22.1,High,74,1,Sunny
775,2024-09-24,08:00,Airport Road,West Zone,1736,900,175,493,168,25.3,High,64,1,Sunny
3347,2024-09-24,09:00,MG Road,Downtown,1754,1079,161,376,138,31.3,High,75,0,Sunny
199,2024-09-24,10:00,Ring Road,East Zone,1231,611,120,317,183,38.9,High,76,0,Cloudy
3816,2024-09-24,12:00,MG Road,East Zone,437,206,51,95,85,57.4,Medium,50,0,Sunny
3292,2024-09-24,14:00,Outer Ring Road,North Zone,755,433,71,204,47,52.6,Medium,52,0,Cloudy
3174,2024-09-24,17:00,Ring Road,East Zone,1059,481,125,283,170,31.3,High,66,0,Foggy
1450,2024-09-24,17:00,Market Road,North Zone,1397,703,100,305,289,31.9,High,73,0,Sunny
1938,2024-09-24,17:00,Market Road,South Zone,1098,605,122,233,138,37.9,High,87,0,Sunny
114,2024-09-24,18:00,NH-44,East Zone,1709,903,187,328,291,30.9,High,83,0,Sunny
3231,2024-09-24,18:00,Station Road,South Zone,1025,589,84,203,149,38.0,High,75,0,Rainy
2973,2024-09-24,19:00,Ring Road,Downtown,1347,589,156,253,349,30.2,High,75,0,Cloudy
512,2024-09-24,19:00,Ring Road,South Zone,1200,685,118,242,155,34.5,High,69,0,Cloudy
1363,2024-09-24,19:00,Station Road,South Zone,1252,771,100,256,125,39.2,High,76,0,Sunny
2600,2024-09-25,04:00,NH-44,South Zone,723,432,76,154,61,43.8,High,70,0,Sunny
1585,2024-09-25,07:00,Outer Ring Road,Downtown,1731,783,171,342,435,22.6,High,89,0,Sunny
2093,2024-09-25,08:00,NH-44,East Zone,1198,686,142,335,35,29.6,High,71,0,Rainy
2283,2024-09-25,09:00,Green Park Rd,Downtown,1704,917,189,441,157,25.0,High,88,0,Cloudy
2650,2024-09-25,09:00,MG Road,West Zone,2125,1018,248,632,227,16.3,High,75,0,Sunny
3017,2024-09-25,13:00,Lake View Road,South Zone,657,343,77,174,63,47.8,High,55,0,Sunny
428,2024-09-25,15:00,IT Corridor,North Zone,610,311,72,167,60,64.3,Medium,55,0,Sunny
1645,2024-09-25,15:00,MG Road,West Zone,1203,617,130,219,237,30.0,High,60,0,Rainy
1502,2024-09-25,18:00,Airport Road,West Zone,1062,619,84,274,85,39.6,High,59,0,Cloudy
3648,2024-09-25,21:00,IT Corridor,East Zone,767,465,88,143,71,48.6,High,78,0,Sunny
2405,2024-09-26,04:00,NH-44,Downtown,1131,589,83,243,216,35.5,High,84,0,Sunny
1041,2024-09-26,05:00,Airport Road,Downtown,597,350,64,112,71,52.3,Medium,45,0,Sunny
2953,2024-09-26,05:00,Station Road,South Zone,672,329,61,161,121,55.3,High,50,0,Sunny
3124,2024-09-26,08:00,Station Road,Downtown,1514,748,145,352,269,27.2,High,76,0,Cloudy
1981,2024-09-26,10:00,MG Road,East Zone,1068,595,84,211,178,29.2,High,80,0,Foggy
1463,2024-09-26,10:00,Lake View Road,West Zone,1182,662,126,305,89,40.0,High,64,0,Sunny
1711,2024-09-26,12:00,MG Road,West Zone,878,412,98,195,173,43.5,High,71,0,Cloudy
2849,2024-09-26,16:00,Station Road,South Zone,743,422,57,142,122,51.8,High,62,0,Cloudy
74,2024-09-26,19:00,Airport Road,Downtown,1839,967,211,517,144,13.5,High,72,0,Foggy
3,2024-09-27,00:00,Outer Ring Road,North Zone,445,231,47,89,78,60.7,Medium,40,0,Sunny
410,2024-09-27,07:00,Station Road,South Zone,1188,530,89,315,254,36.9,High,85,0,Rainy
1761,2024-09-27,10:00,Market Road,South Zone,914,523,67,174,150,47.0,High,54,0,Sunny
2609,2024-09-27,12:00,Green Park Rd,West Zone,552,270,63,132,87,48.7,High,55,0,Sunny
2161,2024-09-27,13:00,Airport Road,South Zone,723,380,76,183,84,51.9,High,55,0,Sunny
34,2024-09-27,15:00,IT Corridor,North Zone,770,465,79,191,35,45.4,High,62,0,Cloudy
77,2024-09-27,17:00,Ring Road,West Zone,1165,610,118,304,133,38.9,High,58,0,Sunny
2145,2024-09-27,18:00,NH-44,North Zone,1450,718,109,276,347,31.4,High,75,0,Sunny
1731,2024-09-27,19:00,NH-44,East Zone,977,502,109,195,171,45.6,High,51,0,Sunny
2210,2024-09-27,21:00,Market Road,Downtown,888,389,83,169,247,40.4,High,70,0,Sunny
3069,2024-09-27,23:00,NH-44,East Zone,969,537,109,213,110,46.5,High,62,0,Sunny
457,2024-09-28,00:00,Ring Road,North Zone,617,366,57,123,71,48.8,High,44,0,Sunny
1514,2024-09-28,06:00,Outer Ring Road,Downtown,1104,489,92,231,292,35.8,High,77,0,Sunny
686,2024-09-28,09:00,Station Road,East Zone,1362,719,134,295,214,27.1,High,88,0,Cloudy
2348,2024-09-28,10:00,NH-44,West Zone,1409,723,146,306,234,38.7,High,79,0,Sunny
3958,2024-09-28,16:00,Outer Ring Road,South Zone,835,422,59,249,105,41.9,High,62,0,Sunny
3829,2024-09-28,20:00,NH-44,Downtown,1829,875,212,495,247,12.0,High,60,0,Foggy
3073,2024-09-28,21:00,Lake View Road,South Zone,435,203,46,91,95,60.1,Medium,50,0,Sunny
912,2024-09-29,05:00,NH-44,South Zone,511,227,47,153,84,54.4,Medium,52,0,Cloudy
2732,2024-09-29,06:00,Lake View Road,Downtown,739,407,64,137,131,46.3,High,66,0,Sunny
369,2024-09-29,08:00,Station Road,West Zone,1405,725,164,420,96,43.2,High,87,0,Cloudy
1784,2024-09-29,12:00,Outer Ring Road,North Zone,742,407,76,181,78,47.4,High,48,0,Sunny
3473,2024-09-29,12:00,NH-44,South Zone,599,356,46,173,24,60.7,Medium,55,0,Cloudy
2610,2024-09-29,13:00,IT Corridor,East Zone,909,478,72,202,157,45.1,Medium,42,0,Cloudy
3064,2024-09-29,13:00,Lake View Road,North Zone,976,580,77,259,60,53.9,Medium,53,0,Sunny
3737,2024-09-29,14:00,Green Park Rd,South Zone,823,394,93,151,185,44.0,High,61,0,Sunny
2459,2024-09-29,18:00,MG Road,North Zone,909,517,106,231,55,44.7,High,45,0,Cloudy
814,2024-09-29,18:00,Outer Ring Road,South Zone,973,465,115,243,150,36.4,High,67,0,Sunny
562,2024-09-29,18:00,MG Road,West Zone,1476,902,158,373,43,28.7,High,69,0,Sunny
1475,2024-09-29,19:00,IT Corridor,East Zone,1286,653,109,262,262,37.5,High,62,0,Cloudy
1018,2024-09-29,19:00,Outer Ring Road,North Zone,882,539,75,174,94,42.4,High,57,0,Cloudy
3982,2024-09-29,22:00,Outer Ring Road,East Zone,764,397,71,179,117,54.9,High,64,0,Sunny
903,2024-09-30,05:00,MG Road,West Zone,879,448,69,181,181,39.8,High,55,0,Sunny
1800,2024-09-30,08:00,MG Road,Downtown,1747,937,165,510,135,26.5,High,83,0,Rainy
3438,2024-09-30,10:00,IT Corridor,North Zone,1517,670,138,346,363,25.4,High,69,0,Cloudy
1504,2024-09-30,12:00,Green Park Rd,South Zone,369,211,41,94,23,59.1,Medium,55,0,Cloudy
1760,2024-09-30,18:00,Station Road,Downtown,1265,606,145,277,237,33.6,High,71,0,Sunny
3779,2024-09-30,19:00,Airport Road,West Zone,1402,739,164,373,126,34.6,High,82,0,Sunny
3971,2024-09-30,20:00,NH-44,South Zone,543,258,46,130,109,46.0,Medium,60,0,Foggy
3693,2024-09-30,20:00,Green Park Rd,West Zone,1153,585,86,268,214,39.4,High,65,0,Sunny
48,2024-09-30,21:00,Station Road,North Zone,780,404,59,218,99,40.4,High,61,0,Rainy
2165,2024-10-01,03:00,Green Park Rd,South Zone,597,286,44,118,149,48.3,High,64,0,Rainy
3651,2024-10-01,04:00,Lake View Road,South Zone,449,225,40,86,98,55.7,Medium,49,0,Sunny
3142,2024-10-01,10:00,Ring Road,North Zone,1465,849,113,327,176,30.6,High,79,0,Cloudy
3482,2024-10-01,10:00,Airport Road,West Zone,1388,810,122,373,83,31.8,High,91,0,Sunny
3131,2024-10-01,10:00,NH-44,West Zone,2082,897,226,385,574,17.5,High,60,0,Sunny
3396,2024-10-01,14:00,Ring Road,North Zone,717,330,61,180,146,53.1,High,50,0,Cloudy
436,2024-10-01,15:00,IT Corridor,West Zone,590,343,58,123,66,48.0,High,43,0,Sunny
631,2024-10-01,17:00,IT Corridor,Downtown,1785,882,152,331,420,16.1,High,83,0,Cloudy
1428,2024-10-01,18:00,Outer Ring Road,Downtown,1573,732,177,322,342,21.9,High,48,0,Cloudy
3006,2024-10-01,19:00,Airport Road,Downtown,1273,662,98,380,133,35.2,High,82,0,Sunny
987,2024-10-01,21:00,Market Road,Downtown,1049,584,93,310,62,41.0,High,71,0,Cloudy
2395,2024-10-02,08:00,MG Road,East Zone,1062,569,88,284,121,43.6,High,75,0,Sunny
3183,2024-10-02,18:00,Station Road,Downtown,1531,848,166,424,93,29.9,High,77,0,Sunny
3208,2024-10-02,19:00,Outer Ring Road,West Zone,1771,782,179,418,392,28.8,High,72,0,Sunny
1990,2024-10-02,19:00,Ring Road,West Zone,1154,613,137,211,193,34.5,High,57,0,Sunny
2027,2024-10-02,22:00,Station Road,South Zone,624,348,65,160,51,58.2,High,59,0,Cloudy
3048,2024-10-03,00:00,Ring Road,North Zone,580,330,41,109,100,49.8,Medium,53,0,Foggy
23,2024-10-03,03:00,Lake View Road,South Zone,817,410,76,187,144,49.7,High,59,0,Sunny
1799,2024-10-03,06:00,Outer Ring Road,East Zone,686,322,56,146,162,52.8,High,61,0,Sunny
320,2024-10-03,08:00,Green Park Rd,Downtown,1564,712,121,283,448,36.2,High,76,0,Sunny
2163,2024-10-03,08:00,Green Park Rd,East Zone,1694,1023,119,318,234,14.1,High,72,0,Rainy
2534,2024-10-03,13:00,NH-44,North Zone,722,434,59,159,70,45.9,High,65,0,Sunny
3930,2024-10-03,13:00,Airport Road,West Zone,719,404,57,154,104,46.2,High,64,0,Sunny
539,2024-10-03,14:00,IT Corridor,North Zone,498,276,48,136,38,57.7,Medium,38,0,Cloudy
3361,2024-10-03,15:00,IT Corridor,West Zone,742,418,53,209,62,40.4,High,51,0,Foggy
3566,2024-10-03,16:00,Airport Road,East Zone,875,388,64,261,162,43.9,High,51,0,Cloudy
844,2024-10-03,16:00,Outer Ring Road,East Zone,523,256,54,136,77,49.9,Medium,52,0,Foggy
947,2024-10-03,18:00,Green Park Rd,East Zone,1611,921,157,360,173,33.5,High,62,0,Sunny
302,2024-10-03,18:00,NH-44,East Zone,1537,739,122,383,293,25.9,High,74,0,Rainy
3272,2024-10-03,18:00,Station Road,South Zone,1099,558,87,325,129,44.3,High,57,0,Sunny
2559,2024-10-03,18:00,NH-44,West Zone,1700,1047,194,409,50,23.3,High,81,0,Sunny
2205,2024-10-03,19:00,NH-44,North Zone,1071,626,117,284,44,35.6,High,65,0,Sunny
2940,2024-10-03,20:00,Station Road,West Zone,1258,733,110,335,80,27.3,High,81,0,Sunny
2617,2024-10-04,06:00,IT Corridor,West Zone,627,302,62,167,96,53.9,Medium,41,0,Sunny
3446,2024-10-04,07:00,Station Road,North Zone,1244,640,131,327,146,44.5,High,72,0,Sunny
3888,2024-10-04,11:00,Lake View Road,North Zone,539,278,44,100,117,57.9,High,57,0,Cloudy
1697,2024-10-04,13:00,Station Road,West Zone,964,565,100,270,29,30.0,High,80,0,Rainy
2659,2024-10-04,17:00,NH-44,North Zone,1478,654,122,278,424,29.2,High,72,0,Sunny
461,2024-10-04,19:00,NH-44,South Zone,973,559,111,216,87,41.4,High,53,0,Sunny
1330,2024-10-04,21:00,Airport Road,West Zone,860,389,90,160,221,43.9,High,65,0,Sunny
3358,2024-10-05,04:00,Ring Road,East Zone,559,327,63,124,45,52.2,Medium,56,0,Foggy
443,2024-10-05,08:00,Lake View Road,South Zone,1131,645,133,281,72,41.4,High,63,0,Sunny
3061,2024-10-05,09:00,Market Road,North Zone,1581,888,176,309,208,27.9,High,77,0,Sunny
2105,2024-10-05,10:00,IT Corridor,South Zone,1055,600,92,234,129,35.3,High,79,0,Sunny
2967,2024-10-05,12:00,Green Park Rd,South Zone,622,268,44,126,184,49.7,Medium,39,0,Sunny
557,2024-10-05,16:00,Airport Road,South Zone,531,302,53,99,77,54.0,Medium,41,0,Cloudy
2331,2024-10-05,20:00,Lake View Road,Downtown,1515,831,156,412,116,27.0,High,76,0,Cloudy
228,2024-10-06,06:00,Outer Ring Road,East Zone,651,390,58,154,49,54.2,Medium,46,0,Sunny
500,2024-10-06,08:00,Ring Road,South Zone,873,399,93,165,216,37.8,High,67,1,Cloudy
1758,2024-10-06,08:00,IT Corridor,West Zone,1316,586,124,320,286,31.7,High,65,0,Sunny
3807,2024-10-06,12:00,Green Park Rd,North Zone,553,256,56,157,84,55.5,Medium,46,0,Sunny
340,2024-10-06,13:00,IT Corridor,East Zone,843,412,68,227,136,51.7,High,59,0,Rainy
2262,2024-10-06,16:00,Lake View Road,East Zone,886,388,88,199,211,46.8,High,52,0,Cloudy
362,2024-10-06,17:00,Market Road,Downtown,1501,867,133,339,162,24.2,High,86,0,Sunny
1310,2024-10-06,18:00,Outer Ring Road,West Zone,1308,802,110,347,49,31.7,High,95,0,Sunny
87,2024-10-06,18:00,Station Road,West Zone,1290,629,146,316,199,39.5,High,59,0,Sunny
3468,2024-10-06,18:00,Station Road,West Zone,1384,812,151,302,119,34.3,High,74,0,Sunny
2827,2024-10-06,19:00,Airport Road,Downtown,1484,639,148,395,302,24.0,High,79,0,Rainy
3653,2024-10-07,05:00,NH-44,West Zone,1066,543,102,246,175,43.7,High,63,0,Sunny
3031,2024-10-07,08:00,Market Road,North Zone,782,370,71,197,144,36.6,High,61,0,Foggy
2672,2024-10-07,08:00,Outer Ring Road,South Zone,1311,793,110,273,135,34.4,High,61,0,Cloudy
1326,2024-10-07,10:00,Green Park Rd,Downtown,1476,759,171,318,228,31.8,High,81,0,Sunny
355,2024-10-07,12:00,IT Corridor,Downtown,926,448,66,273,139,38.2,High,84,0,Rainy
3738,2024-10-07,16:00,Lake View Road,East Zone,992,468,117,265,142,43.0,High,82,0,Sunny
834,2024-10-07,16:00,IT Corridor,South Zone,541,279,39,102,121,60.3,Medium,40,0,Sunny
3122,2024-10-07,17:00,Airport Road,North Zone,1099,598,100,240,161,38.3,High,75,0,Sunny
1757,2024-10-07,17:00,Green Park Rd,South Zone,1070,588,90,290,102,42.3,High,49,0,Cloudy
2399,2024-10-07,18:00,Outer Ring Road,West Zone,1136,571,84,301,180,36.7,High,79,0,Sunny
2157,2024-10-07,20:00,IT Corridor,South Zone,1541,927,172,362,80,20.4,High,84,0,Rainy
732,2024-10-08,06:00,Airport Road,West Zone,494,293,47,139,15,57.3,High,46,0,Cloudy
862,2024-10-08,07:00,Station Road,North Zone,1005,521,107,281,96,38.1,High,44,0,Cloudy
1120,2024-10-08,09:00,Airport Road,East Zone,1088,535,92,297,164,35.7,High,61,0,Sunny
2014,2024-10-08,10:00,Green Park Rd,East Zone,1890,883,214,540,253,15.7,High,79,0,Rainy
3916,2024-10-08,13:00,NH-44,West Zone,971,597,92,234,48,43.0,High,52,0,Cloudy
1946,2024-10-08,14:00,Lake View Road,East Zone,763,417,83,156,107,52.4,High,59,0,Cloudy
1378,2024-10-08,14:00,Station Road,West Zone,659,345,62,128,124,51.9,Medium,49,0,Rainy
2132,2024-10-08,16:00,Outer Ring Road,Downtown,1003,488,111,268,136,41.1,High,72,0,Sunny
2505,2024-10-08,16:00,Market Road,North Zone,680,363,64,142,111,50.9,Medium,44,0,Cloudy
1460,2024-10-08,16:00,Station Road,South Zone,752,373,60,209,110,55.5,Medium,37,0,Sunny
939,2024-10-08,17:00,IT Corridor,West Zone,1211,579,137,244,251,42.4,High,57,0,Cloudy
3580,2024-10-08,23:00,MG Road,Downtown,897,534,96,192,75,43.4,High,72,0,Sunny
176,2024-10-09,07:00,MG Road,East Zone,1403,803,136,353,111,37.7,High,61,0,Sunny
737,2024-10-09,07:00,MG Road,North Zone,875,400,68,236,171,48.0,Medium,49,0,Cloudy
2992,2024-10-09,10:00,MG Road,Downtown,2438,1384,210,504,340,12.0,High,79,0,Rainy
1122,2024-10-09,12:00,Ring Road,Downtown,1318,730,118,375,95,31.2,High,65,0,Sunny
133,2024-10-09,14:00,NH-44,North Zone,911,441,93,211,166,38.1,High,58,0,Rainy
612,2024-10-09,15:00,Ring Road,North Zone,716,376,79,190,71,47.6,High,60,0,Sunny
3025,2024-10-09,16:00,NH-44,East Zone,1017,511,76,192,238,35.8,High,73,0,Cloudy
3834,2024-10-09,17:00,Station Road,Downtown,1970,997,154,416,403,14.5,High,88,0,Sunny
317,2024-10-09,19:00,Green Park Rd,East Zone,1190,592,116,349,133,27.6,High,88,0,Rainy
2654,2024-10-09,19:00,IT Corridor,South Zone,1060,466,102,288,204,39.9,High,79,0,Rainy
3234,2024-10-09,19:00,Ring Road,South Zone,1298,585,104,327,282,45.3,High,60,0,Sunny
3133,2024-10-10,00:00,Outer Ring Road,North Zone,617,354,70,143,50,48.0,High,72,0,Sunny
574,2024-10-10,03:00,Station Road,Downtown,779,353,84,225,117,48.1,High,33,0,Rainy
1996,2024-10-10,07:00,Green Park Rd,South Zone,998,484,115,225,174,35.2,High,61,0,Sunny
3360,2024-10-10,14:00,Market Road,Downtown,939,412,90,226,211,41.9,High,59,0,Cloudy
2956,2024-10-10,16:00,Ring Road,West Zone,924,511,100,229,84,43.2,High,51,0,Rainy
1616,2024-10-10,17:00,MG Road,Downtown,892,516,82,252,42,34.1,High,76,0,Foggy
2535,2024-10-10,17:00,Green Park Rd,South Zone,689,364,60,152,113,54.6,Medium,48,0,Sunny
164,2024-10-10,17:00,Market Road,South Zone,1252,632,92,329,199,39.2,High,76,1,Cloudy
158,2024-10-10,18:00,Market Road,South Zone,824,403,90,171,160,53.1,Medium,56,0,Sunny
323,2024-10-10,18:00,Market Road,South Zone,561,290,67,135,69,53.5,High,53,0,Sunny
3486,2024-10-10,18:00,Lake View Road,West Zone,1726,970,174,365,217,15.6,High,78,1,Rainy
1732,2024-10-11,00:00,Lake View Road,North Zone,487,234,47,130,76,50.0,High,60,0,Sunny
519,2024-10-11,08:00,Lake View Road,Downtown,1321,579,146,263,333,36.4,High,80,0,Sunny
1199,2024-10-11,08:00,MG Road,Downtown,1691,915,187,358,231,21.2,High,87,0,Cloudy
810,2024-10-11,08:00,Market Road,West Zone,976,479,70,246,181,38.4,High,77,0,Sunny
1290,2024-10-11,09:00,Airport Road,East Zone,1257,690,111,331,125,27.4,High,69,0,Foggy
2649,2024-10-11,10:00,Market Road,West Zone,1150,544,114,292,200,41.4,High,72,0,Sunny
3978,2024-10-11,12:00,IT Corridor,North Zone,800,435,91,238,36,43.9,High,53,0,Sunny
3440,2024-10-11,12:00,NH-44,South Zone,731,408,65,152,106,49.7,High,62,0,Rainy
1727,2024-10-11,14:00,Outer Ring Road,North Zone,815,409,94,213,99,41.0,High,55,0,Rainy
2015,2024-10-11,14:00,Ring Road,North Zone,441,255,43,106,37,59.7,Medium,53,0,Sunny
1714,2024-10-11,15:00,IT Corridor,East Zone,982,455,116,268,143,43.4,High,70,0,Sunny
3324,2024-10-11,16:00,Green Park Rd,North Zone,567,272,51,164,80,49.5,Medium,38,0,Sunny
1225,2024-10-11,16:00,NH-44,South Zone,669,334,67,159,109,44.8,High,61,0,Rainy
469,2024-10-11,20:00,NH-44,Downtown,1503,828,118,327,230,18.6,High,78,0,Rainy
2036,2024-10-11,23:00,IT Corridor,East Zone,540,248,42,110,140,52.9,High,53,0,Sunny
797,2024-10-12,07:00,Green Park Rd,West Zone,1749,1061,129,507,52,21.0,High,70,0,Cloudy
2342,2024-10-12,08:00,IT Corridor,West Zone,1060,480,78,270,232,40.6,High,63,0,Foggy
1227,2024-10-12,09:00,Ring Road,West Zone,1709,1025,151,314,219,20.6,High,84,0,Cloudy
718,2024-10-12,10:00,Market Road,Downtown,1940,1111,177,463,189,12.7,High,82,0,Sunny
3146,2024-10-12,12:00,Ring Road,East Zone,1022,522,93,205,202,37.6,High,63,0,Rainy
3047,2024-10-12,14:00,Green Park Rd,North Zone,754,430,78,146,100,46.3,High,61,0,Sunny
2309,2024-10-12,14:00,Outer Ring Road,West Zone,753,393,82,193,85,49.9,Medium,56,0,Cloudy
1043,2024-10-12,15:00,Market Road,East Zone,790,449,91,179,71,51.7,Medium,38,0,Sunny
321,2024-10-12,16:00,IT Corridor,North Zone,728,356,54,162,156,51.8,Medium,39,0,Cloudy
3573,2024-10-12,18:00,Outer Ring Road,East Zone,1427,867,112,406,42,31.6,High,74,0,Cloudy
561,2024-10-12,18:00,Outer Ring Road,North Zone,575,326,66,148,35,51.3,High,48,0,Sunny
169,2024-10-12,19:00,Station Road,North Zone,1068,626,109,303,30,40.4,High,43,0,Sunny
1153,2024-10-13,03:00,Market Road,West Zone,994,513,99,279,103,36.4,High,58,0,Rainy
2436,2024-10-13,11:00,Green Park Rd,North Zone,663,307,73,152,131,55.3,High,54,0,Sunny
1358,2024-10-13,13:00,Airport Road,East Zone,475,243,56,89,87,61.4,Medium,61,0,Sunny
3554,2024-10-13,14:00,Lake View Road,South Zone,513,268,43,100,102,47.3,High,52,0,Foggy
2316,2024-10-13,15:00,Market Road,East Zone,870,389,68,168,245,50.4,High,54,0,Cloudy
2078,2024-10-13,16:00,Green Park Rd,Downtown,855,369,64,163,259,45.5,High,77,0,Sunny
1977,2024-10-13,22:00,Ring Road,North Zone,770,376,63,190,141,41.6,High,45,0,Foggy
1251,2024-10-14,06:00,Ring Road,North Zone,782,437,92,180,73,45.0,High,66,0,Cloudy
2270,2024-10-14,08:00,Lake View Road,South Zone,755,331,88,178,158,53.6,Medium,44,0,Sunny
2605,2024-10-14,10:00,Ring Road,North Zone,1246,562,115,306,263,36.4,High,81,0,Cloudy
1061,2024-10-14,12:00,Green Park Rd,North Zone,546,295,44,154,53,52.5,Medium,38,0,Sunny
2419,2024-10-14,12:00,IT Corridor,North Zone,729,385,65,190,89,52.1,High,45,0,Sunny
2604,2024-10-14,14:00,MG Road,South Zone,720,372,75,182,91,49.6,Medium,56,0,Cloudy
763,2024-10-14,14:00,IT Corridor,West Zone,936,512,108,277,39,40.7,High,67,0,Sunny
3886,2024-10-14,15:00,IT Corridor,Downtown,686,353,61,175,97,53.9,Medium,47,0,Sunny
2620,2024-10-14,16:00,MG Road,Downtown,831,495,93,192,51,43.9,High,58,0,Cloudy
2346,2024-10-14,16:00,NH-44,North Zone,545,331,48,150,16,58.6,High,42,0,Sunny
1456,2024-10-14,17:00,MG Road,West Zone,1386,693,109,387,197,21.9,High,79,0,Rainy
1892,2024-10-14,18:00,Ring Road,South Zone,1142,609,85,341,107,42.1,High,57,1,Sunny
393,2024-10-14,18:00,Green Park Rd,West Zone,2543,1201,303,646,393,12.0,High,76,0,Rainy
1735,2024-10-14,19:00,Airport Road,Downtown,1923,1013,197,403,310,12.0,High,77,0,Foggy
3371,2024-10-14,19:00,NH-44,Downtown,1724,758,192,416,358,28.5,High,72,0,Sunny
1274,2024-10-14,19:00,Market Road,South Zone,1410,793,152,285,180,35.8,High,68,0,Cloudy
364,2024-10-14,19:00,Green Park Rd,West Zone,974,448,72,242,212,39.2,High,68,0,Sunny
1245,2024-10-14,23:00,IT Corridor,East Zone,559,282,42,142,93,51.8,High,50,0,Rainy
106,2024-10-15,10:00,Station Road,West Zone,1425,638,144,362,281,33.0,High,68,0,Sunny
2402,2024-10-15,13:00,Market Road,North Zone,868,375,87,166,240,35.8,High,68,0,Rainy
3071,2024-10-15,14:00,IT Corridor,North Zone,899,506,67,220,106,40.0,High,63,0,Rainy
1398,2024-10-15,15:00,MG Road,South Zone,630,387,56,124,63,44.2,High,85,0,Cloudy
2075,2024-10-15,17:00,IT Corridor,Downtown,1002,557,111,286,48,40.6,High,68,0,Sunny
724,2024-10-15,17:00,Outer Ring Road,East Zone,1055,494,86,217,258,30.3,High,59,0,Cloudy
1831,2024-10-15,18:00,Station Road,North Zone,1383,629,112,254,388,30.6,High,66,0,Sunny
945,2024-10-15,19:00,Station Road,Downtown,1822,943,191,492,196,15.8,High,79,0,Sunny
1083,2024-10-15,19:00,Green Park Rd,East Zone,1469,758,139,424,148,27.3,High,82,0,Sunny
1633,2024-10-15,19:00,Market Road,West Zone,1749,1046,170,386,147,16.9,High,80,0,Cloudy
301,2024-10-15,20:00,Lake View Road,East Zone,1266,705,90,343,128,38.7,High,66,0,Sunny
1088,2024-10-15,20:00,Outer Ring Road,South Zone,1124,533,110,326,155,43.9,High,56,0,Cloudy
1810,2024-10-15,21:00,NH-44,South Zone,643,279,48,178,138,42.7,Medium,57,0,Foggy
2899,2024-10-15,21:00,Ring Road,South Zone,631,349,56,137,89,47.3,High,60,0,Sunny
480,2024-10-15,22:00,Ring Road,South Zone,354,153,38,68,95,49.8,Medium,43,0,Foggy
3634,2024-10-16,05:00,Green Park Rd,West Zone,712,385,64,156,107,36.4,High,76,0,Cloudy
490,2024-10-16,08:00,Green Park Rd,East Zone,1103,535,78,262,228,44.1,High,72,0,Sunny
2060,2024-10-16,09:00,IT Corridor,North Zone,1313,622,126,383,182,31.1,High,74,0,Cloudy
2538,2024-10-16,09:00,Station Road,North Zone,1360,648,159,361,192,34.8,High,70,0,Sunny
3387,2024-10-16,12:00,Green Park Rd,North Zone,741,374,55,176,136,42.9,High,63,0,Rainy
3607,2024-10-16,13:00,Station Road,West Zone,1125,619,106,303,97,39.9,High,74,0,Rainy
3616,2024-10-16,18:00,Outer Ring Road,South Zone,1240,676,90,321,153,31.1,High,70,0,Rainy
450,2024-10-16,18:00,IT Corridor,West Zone,1592,688,131,357,416,26.2,High,79,0,Sunny
3680,2024-10-16,22:00,Outer Ring Road,Downtown,806,454,69,147,136,41.4,High,60,1,Sunny
2166,2024-10-16,22:00,IT Corridor,South Zone,726,362,85,156,123,45.8,High,52,0,Cloudy
1420,2024-10-17,01:00,IT Corridor,East Zone,720,418,67,177,58,51.8,High,46,0,Sunny
2380,2024-10-17,08:00,Lake View Road,East Zone,1529,846,151,457,75,22.1,High,82,0,Cloudy
1270,2024-10-17,08:00,Station Road,North Zone,1288,767,143,340,38,43.3,High,47,0,Sunny
1177,2024-10-17,08:00,Ring Road,West Zone,717,442,55,140,80,45.5,High,58,0,Sunny
2253,2024-10-17,10:00,Airport Road,East Zone,1046,463,76,237,270,48.0,High,64,0,Sunny
1044,2024-10-17,12:00,IT Corridor,South Zone,739,320,71,146,202,52.0,High,36,0,Cloudy
3242,2024-10-17,13:00,Market Road,North Zone,775,424,68,149,134,39.2,High,50,0,Rainy
2123,2024-10-17,15:00,Station Road,Downtown,782,375,67,217,123,43.9,High,73,0,Foggy
2173,2024-10-17,16:00,Green Park Rd,South Zone,780,424,85,226,45,45.8,High,61,0,Sunny
2307,2024-10-17,21:00,IT Corridor,West Zone,983,452,114,272,145,37.7,High,70,0,Foggy
2352,2024-10-18,08:00,IT Corridor,East Zone,1127,670,115,281,61,37.8,High,68,0,Cloudy
1119,2024-10-18,08:00,Outer Ring Road,North Zone,1136,517,80,320,219,30.3,High,80,0,Foggy
628,2024-10-18,08:00,Airport Road,South Zone,1542,915,168,306,153,24.3,High,73,0,Rainy
3778,2024-10-18,11:00,NH-44,East Zone,692,387,55,201,49,53.0,Medium,60,1,Cloudy
2158,2024-10-18,15:00,Ring Road,West Zone,890,457,83,179,171,49.5,High,79,0,Sunny
876,2024-10-18,19:00,MG Road,South Zone,1262,598,140,258,266,33.3,High,67,0,Sunny
2585,2024-10-18,20:00,Station Road,Downtown,1846,822,173,421,430,23.7,High,79,0,Cloudy
1377,2024-10-18,20:00,NH-44,East Zone,2174,1222,163,472,317,14.8,High,82,0,Rainy
3587,2024-10-18,20:00,Outer Ring Road,South Zone,1254,692,140,350,72,39.5,High,57,0,Sunny
1148,2024-10-19,02:00,Airport Road,West Zone,861,381,84,174,222,38.1,High,78,0,Sunny
1527,2024-10-19,03:00,Green Park Rd,East Zone,731,359,70,145,157,51.7,High,54,0,Sunny
2722,2024-10-19,07:00,Airport Road,Downtown,1679,989,120,409,161,12.7,High,78,0,Rainy
1916,2024-10-19,07:00,Outer Ring Road,North Zone,968,452,72,213,231,39.8,High,42,0,Sunny
2243,2024-10-19,09:00,NH-44,East Zone,1260,682,106,232,240,34.4,High,71,0,Cloudy
1955,2024-10-19,10:00,Green Park Rd,North Zone,1266,660,150,331,125,39.3,High,66,0,Sunny
2221,2024-10-19,11:00,NH-44,North Zone,868,402,102,208,156,44.2,High,62,0,Sunny
2142,2024-10-19,11:00,MG Road,South Zone,516,288,38,113,77,52.3,Medium,51,0,Foggy
1484,2024-10-19,12:00,Station Road,South Zone,395,199,36,107,53,45.9,Medium,47,1,Foggy
119,2024-10-19,15:00,Station Road,Downtown,1429,811,116,397,105,35.5,High,71,0,Sunny
1535,2024-10-19,16:00,Station Road,South Zone,560,291,45,146,78,54.1,Medium,43,0,Cloudy
999,2024-10-19,16:00,Lake View Road,West Zone,1068,598,109,310,51,37.8,High,64,0,Sunny
2012,2024-10-19,17:00,Airport Road,East Zone,1380,657,138,271,314,31.3,High,78,0,Sunny
1338,2024-10-19,17:00,Station Road,West Zone,878,516,81,164,117,46.1,Medium,59,0,Sunny
1302,2024-10-19,21:00,Ring Road,South Zone,645,377,54,138,76,57.9,Medium,45,0,Cloudy
3745,2024-10-19,22:00,Ring Road,West Zone,624,345,62,164,53,57.1,Medium,45,0,Sunny
3696,2024-10-20,04:00,Station Road,Downtown,1291,691,93,344,163,29.8,High,73,1,Rainy
2042,2024-10-20,07:00,Airport Road,Downtown,2503,1330,284,737,152,12.0,High,73,0,Rainy
793,2024-10-20,09:00,Outer Ring Road,West Zone,1218,552,99,356,211,32.0,High,71,0,Cloudy
1183,2024-10-20,11:00,Lake View Road,North Zone,748,433,61,222,32,51.0,High,42,0,Sunny
3089,2024-10-20,11:00,Airport Road,South Zone,640,302,47,137,154,50.7,High,52,0,Sunny
904,2024-10-20,13:00,Market Road,South Zone,755,374,68,181,132,49.2,High,50,0,Cloudy
3549,2024-10-20,13:00,Green Park Rd,West Zone,502,233,36,91,142,48.1,Medium,55,0,Sunny
2931,2024-10-20,17:00,Lake View Road,Downtown,1551,735,169,288,359,19.9,High,84,0,Rainy
3932,2024-10-20,17:00,Lake View Road,West Zone,1220,618,141,313,148,41.5,High,67,0,Cloudy
3401,2024-10-20,19:00,Market Road,Downtown,1917,938,146,483,350,19.6,High,76,0,Sunny
3359,2024-10-20,19:00,Ring Road,South Zone,756,358,87,154,157,51.5,Medium,59,0,Sunny
21,2024-10-20,21:00,Lake View Road,West Zone,845,510,79,213,43,43.1,High,50,0,Cloudy
227,2024-10-20,22:00,Station Road,Downtown,1565,918,174,378,95,23.6,High,61,0,Rainy
1099,2024-10-20,23:00,MG Road,South Zone,328,194,30,90,14,53.4,Medium,50,0,Cloudy
3644,2024-10-21,03:00,Market Road,East Zone,1011,604,90,192,125,44.3,High,61,0,Sunny
1933,2024-10-21,03:00,IT Corridor,South Zone,423,228,30,85,80,61.3,Medium,39,0,Sunny
2825,2024-10-21,04:00,IT Corridor,East Zone,588,320,61,165,42,52.7,Medium,43,0,Cloudy
1058,2024-10-21,07:00,Market Road,North Zone,1204,641,115,248,200,37.0,High,71,0,Sunny
1387,2024-10-21,08:00,Airport Road,Downtown,1540,933,148,410,49,26.7,High,87,0,Sunny
1673,2024-10-21,11:00,MG Road,East Zone,848,398,88,184,178,47.9,High,63,0,Sunny
1538,2024-10-21,12:00,Station Road,South Zone,542,330,40,155,17,52.9,High,58,0,Sunny
3635,2024-10-21,15:00,NH-44,South Zone,436,202,46,97,91,53.6,Medium,43,0,Cloudy
200,2024-10-21,16:00,Outer Ring Road,South Zone,623,353,71,181,18,52.8,High,49,0,Sunny
2670,2024-10-21,17:00,Lake View Road,East Zone,1503,759,145,345,254,31.7,High,73,0,Cloudy
3256,2024-10-21,21:00,Outer Ring Road,North Zone,437,215,33,111,78,50.6,Medium,43,1,Foggy
1382,2024-10-22,01:00,Lake View Road,South Zone,549,257,61,142,89,49.3,High,44,0,Sunny
3344,2024-10-22,07:00,NH-44,East Zone,1635,735,164,432,304,30.5,High,68,0,Sunny
1056,2024-10-22,11:00,Green Park Rd,South Zone,893,505,67,204,117,39.7,High,55,0,Rainy
1411,2024-10-22,18:00,Green Park Rd,East Zone,1331,664,159,242,266,34.6,High,64,0,Sunny
81,2024-10-22,20:00,IT Corridor,West Zone,668,410,68,171,19,36.8,High,67,0,Foggy
1156,2024-10-22,22:00,Green Park Rd,Downtown,983,521,109,245,108,44.3,High,81,0,Cloudy
1032,2024-10-22,22:00,Green Park Rd,North Zone,754,407,81,184,82,47.9,Medium,61,0,Cloudy
1872,2024-10-23,07:00,Outer Ring Road,South Zone,882,488,89,221,84,48.8,High,48,0,Sunny
2976,2024-10-23,09:00,IT Corridor,East Zone,1168,637,108,349,74,40.8,High,77,0,Sunny
2831,2024-10-23,09:00,Lake View Road,South Zone,890,409,75,216,190,47.2,High,67,0,Sunny
1157,2024-10-23,15:00,Green Park Rd,South Zone,455,228,36,82,109,55.5,Medium,55,0,Sunny
2194,2024-10-24,08:00,MG Road,North Zone,1395,773,99,316,207,33.7,High,83,0,Sunny
3746,2024-10-24,08:00,Station Road,South Zone,1367,835,103,256,173,36.5,High,66,0,Sunny
256,2024-10-24,17:00,Airport Road,Downtown,2001,1112,146,420,323,17.6,High,69,0,Cloudy
3563,2024-10-24,19:00,NH-44,South Zone,887,484,88,238,77,45.1,High,62,0,Sunny
1951,2024-10-24,23:00,Station Road,South Zone,539,248,54,142,95,43.0,High,56,0,Rainy
3984,2024-10-25,06:00,Outer Ring Road,Downtown,1284,762,109,258,155,29.5,High,81,0,Rainy
1121,2024-10-25,15:00,Lake View Road,Downtown,774,342,73,199,160,36.4,High,64,0,Foggy
371,2024-10-25,15:00,Outer Ring Road,South Zone,875,403,62,206,204,44.4,High,47,0,Sunny
2032,2024-10-25,21:00,NH-44,North Zone,938,506,81,206,145,45.7,High,43,0,Rainy
916,2024-10-26,07:00,IT Corridor,Downtown,1573,787,184,308,294,25.0,High,66,0,Sunny
2313,2024-10-26,08:00,Airport Road,East Zone,1522,774,150,384,214,21.9,High,81,0,Rainy
3463,2024-10-26,11:00,NH-44,West Zone,620,349,74,157,40,42.6,High,57,0,Sunny
982,2024-10-26,15:00,Outer Ring Road,South Zone,440,213,38,84,105,58.0,Medium,52,0,Cloudy
2143,2024-10-26,16:00,Airport Road,Downtown,930,526,101,214,89,50.7,High,52,0,Sunny
1894,2024-10-26,19:00,Ring Road,West Zone,825,492,89,159,85,45.1,High,72,0,Sunny
2296,2024-10-26,22:00,IT Corridor,North Zone,1061,583,81,305,92,30.4,High,62,0,Rainy
1620,2024-10-27,05:00,NH-44,North Zone,721,366,82,136,137,50.2,Medium,55,0,Cloudy
1808,2024-10-27,07:00,Station Road,South Zone,1059,583,120,245,111,40.5,High,87,0,Sunny
3897,2024-10-27,08:00,Outer Ring Road,East Zone,1450,843,155,351,101,20.0,High,74,0,Rainy
3294,2024-10-27,08:00,Ring Road,West Zone,1271,621,117,307,226,22.5,High,68,1,Foggy
94,2024-10-27,09:00,MG Road,Downtown,849,378,68,156,247,43.3,High,57,0,Foggy
1481,2024-10-27,09:00,Market Road,South Zone,836,482,63,234,57,43.5,High,56,0,Sunny
626,2024-10-27,10:00,Airport Road,East Zone,1213,668,135,334,76,39.4,High,79,0,Cloudy
1975,2024-10-27,10:00,Ring Road,North Zone,849,465,94,228,62,33.5,High,74,0,Foggy
2859,2024-10-27,10:00,NH-44,South Zone,1483,917,158,290,118,33.9,High,93,0,Sunny
2780,2024-10-27,11:00,Station Road,Downtown,899,541,88,217,53,45.9,High,60,0,Foggy
1880,2024-10-27,13:00,IT Corridor,West Zone,821,436,59,204,122,52.1,Medium,46,0,Sunny
3351,2024-10-27,14:00,Market Road,North Zone,617,320,63,179,55,52.0,Medium,51,0,Sunny
3192,2024-10-27,14:00,Station Road,West Zone,802,468,64,205,65,49.3,Medium,60,0,Sunny
2046,2024-10-27,16:00,Station Road,North Zone,538,253,45,112,128,48.9,High,52,0,Rainy
860,2024-10-27,16:00,Market Road,South Zone,549,268,52,118,111,49.1,High,44,0,Sunny
2074,2024-10-28,01:00,NH-44,North Zone,792,447,73,143,129,51.1,High,46,0,Cloudy
3010,2024-10-28,07:00,Green Park Rd,Downtown,1432,638,125,356,313,37.1,High,70,0,Sunny
2691,2024-10-28,08:00,Green Park Rd,North Zone,1069,528,92,239,210,45.7,High,60,0,Sunny
1135,2024-10-28,08:00,Market Road,North Zone,1457,628,156,407,266,28.1,High,87,0,Sunny
3250,2024-10-28,08:00,IT Corridor,West Zone,1188,611,86,266,225,35.9,High,89,0,Sunny
3938,2024-10-28,09:00,Ring Road,North Zone,947,471,82,240,154,48.3,High,73,0,Cloudy
3096,2024-10-28,12:00,Station Road,North Zone,737,371,53,198,115,47.4,High,69,0,Cloudy
2264,2024-10-28,14:00,Ring Road,Downtown,562,248,50,117,147,45.2,High,73,0,Foggy
1540,2024-10-28,15:00,Lake View Road,North Zone,716,430,81,184,21,45.3,High,53,0,Sunny
2634,2024-10-28,15:00,MG Road,South Zone,632,380,69,164,19,52.2,Medium,61,0,Sunny
1508,2024-10-28,17:00,Airport Road,North Zone,1041,611,99,288,43,38.3,High,60,0,Foggy
2149,2024-10-28,18:00,Market Road,East Zone,931,504,97,215,115,40.8,High,58,0,Foggy
1276,2024-10-28,18:00,IT Corridor,North Zone,977,432,116,250,179,46.3,High,61,0,Sunny
2811,2024-10-28,19:00,Market Road,Downtown,1879,909,213,386,371,13.0,High,63,0,Rainy
1161,2024-10-28,20:00,MG Road,East Zone,1143,588,105,309,141,40.0,High,82,0,Sunny
522,2024-10-28,20:00,Airport Road,West Zone,1232,553,111,337,231,39.0,High,64,0,Sunny
342,2024-10-28,21:00,Ring Road,Downtown,1097,567,84,227,219,38.8,High,71,0,Cloudy
3800,2024-10-29,06:00,Market Road,South Zone,585,301,50,133,101,60.3,Medium,49,0,Sunny
3576,2024-10-29,06:00,Airport Road,West Zone,438,250,49,120,19,45.6,High,51,0,Rainy
1976,2024-10-29,06:00,Station Road,West Zone,936,492,99,250,95,41.5,High,65,0,Cloudy
3088,2024-10-29,07:00,IT Corridor,South Zone,1112,554,109,269,180,39.4,High,73,0,Sunny
2069,2024-10-29,08:00,Ring Road,Downtown,1595,881,190,419,105,26.5,High,73,0,Sunny
1101,2024-10-29,11:00,MG Road,East Zone,300,157,22,67,54,55.0,Medium,40,0,Rainy
1436,2024-10-29,11:00,IT Corridor,West Zone,775,408,86,226,55,50.4,High,54,0,Cloudy
715,2024-10-29,13:00,Outer Ring Road,West Zone,864,396,78,196,194,53.1,High,53,0,Sunny
2317,2024-10-29,14:00,Lake View Road,West Zone,627,306,45,123,153,45.3,Medium,50,0,Cloudy
663,2024-10-29,15:00,Lake View Road,Downtown,847,482,90,155,120,34.4,High,60,0,Foggy
783,2024-10-29,15:00,Airport Road,East Zone,765,426,67,143,129,46.5,High,55,0,Cloudy
2777,2024-10-29,15:00,Lake View Road,South Zone,726,375,52,145,154,52.5,High,58,1,Sunny
3753,2024-10-29,15:00,Outer Ring Road,South Zone,477,262,56,93,66,46.6,Medium,44,0,Foggy
1133,2024-10-29,16:00,Lake View Road,South Zone,555,245,41,107,162,53.9,Medium,47,0,Sunny
1746,2024-10-29,18:00,Station Road,North Zone,1214,691,95,251,177,38.6,High,58,1,Sunny
1294,2024-10-29,20:00,Green Park Rd,North Zone,1252,692,110,351,99,34.7,High,70,0,Sunny
884,2024-10-29,21:00,IT Corridor,Downtown,919,478,78,172,191,42.1,High,70,0,Rainy
2154,2024-10-29,22:00,Green Park Rd,North Zone,616,367,52,165,32,49.5,High,42,0,Cloudy
303,2024-10-30,00:00,Market Road,Downtown,767,382,76,215,94,49.1,Medium,44,0,Sunny
2081,2024-10-30,05:00,IT Corridor,Downtown,960,440,68,190,262,36.7,High,57,0,Sunny
325,2024-10-30,05:00,Station Road,South Zone,571,268,59,169,75,44.3,Medium,53,0,Foggy
1643,2024-10-30,07:00,Lake View Road,West Zone,1677,919,190,429,139,14.8,High,66,0,Rainy
3748,2024-10-30,08:00,NH-44,North Zone,938,545,109,174,110,44.2,High,68,0,Sunny
76,2024-10-30,10:00,MG Road,South Zone,751,346,79,202,124,51.5,High,52,0,Rainy
3513,2024-10-30,12:00,Station Road,Downtown,979,509,78,213,179,45.1,High,68,0,Sunny
3182,2024-10-30,14:00,Green Park Rd,Downtown,843,470,60,169,144,40.8,High,53,0,Foggy
274,2024-10-30,16:00,Outer Ring Road,Downtown,790,489,65,161,75,36.6,High,68,0,Foggy
2141,2024-10-30,18:00,MG Road,East Zone,1267,547,137,320,263,37.7,High,70,0,Cloudy
2134,2024-10-30,19:00,Station Road,Downtown,1727,862,189,344,332,25.5,High,75,0,Sunny
265,2024-10-30,21:00,Green Park Rd,North Zone,749,335,81,159,174,51.8,High,51,0,Sunny
1911,2024-10-31,00:00,Lake View Road,South Zone,704,341,73,140,150,44.1,High,70,0,Rainy
676,2024-10-31,06:00,Lake View Road,East Zone,859,387,98,230,144,52.7,High,73,0,Sunny
1023,2024-10-31,07:00,IT Corridor,South Zone,1000,440,115,247,198,40.4,High,76,0,Sunny
1531,2024-10-31,10:00,NH-44,Downtown,869,511,64,230,64,48.2,High,76,0,Cloudy
2121,2024-10-31,10:00,Airport Road,North Zone,1001,439,118,231,213,41.0,High,74,0,Sunny
3268,2024-10-31,11:00,MG Road,South Zone,435,257,43,122,13,51.7,Medium,38,0,Foggy
406,2024-10-31,14:00,NH-44,North Zone,715,353,78,151,133,49.4,Medium,60,0,Cloudy
2752,2024-10-31,17:00,NH-44,South Zone,1054,557,95,296,106,39.3,High,73,0,Cloudy
1845,2024-10-31,18:00,IT Corridor,East Zone,1096,633,100,234,129,37.0,High,62,0,Cloudy
3400,2024-10-31,18:00,Market Road,South Zone,1415,720,115,278,302,28.8,High,86,0,Sunny
3450,2024-10-31,19:00,Ring Road,West Zone,1399,844,115,371,69,33.2,High,54,0,Cloudy
2890,2024-10-31,20:00,Market Road,Downtown,1865,921,214,490,240,20.9,High,84,0,Sunny
2002,2024-10-31,20:00,Airport Road,North Zone,926,514,77,234,101,44.9,High,55,0,Sunny
1226,2024-10-31,20:00,Outer Ring Road,West Zone,1384,843,165,334,42,30.4,High,74,0,Rainy
1431,2024-10-31,21:00,Green Park Rd,South Zone,410,241,45,113,11,62.3,Medium,32,0,Sunny
2035,2024-11-01,06:00,Lake View Road,East Zone,598,348,64,146,40,55.3,Medium,38,0,Sunny
774,2024-11-01,07:00,Green Park Rd,West Zone,653,283,72,179,119,47.6,High,54,0,Sunny
379,2024-11-01,10:00,Outer Ring Road,North Zone,1028,457,120,195,256,43.7,High,57,1,Cloudy
3700,2024-11-01,14:00,Airport Road,East Zone,915,552,103,176,84,40.2,High,67,0,Rainy
3422,2024-11-01,17:00,IT Corridor,North Zone,1329,787,152,318,72,31.6,High,58,0,Cloudy
1710,2024-11-01,19:00,Lake View Road,West Zone,1117,504,92,245,276,35.7,High,70,0,Sunny
794,2024-11-01,21:00,Outer Ring Road,West Zone,510,240,58,152,60,51.5,High,50,0,Sunny
43,2024-11-02,03:00,Ring Road,East Zone,791,428,84,183,96,44.4,High,70,0,Sunny
3273,2024-11-02,08:00,Outer Ring Road,Downtown,1240,748,93,236,163,39.4,High,74,0,Sunny
3057,2024-11-02,08:00,MG Road,North Zone,1699,749,141,385,424,24.1,High,75,0,Sunny
3858,2024-11-02,08:00,Outer Ring Road,South Zone,813,470,77,179,87,58.6,High,53,0,Cloudy
1893,2024-11-02,08:00,Airport Road,West Zone,1290,690,107,282,211,34.2,High,79,0,Sunny
3327,2024-11-02,11:00,Lake View Road,East Zone,617,324,64,130,99,47.2,High,39,0,Sunny
3206,2024-11-02,12:00,Station Road,East Zone,726,367,75,194,90,52.8,High,56,0,Sunny
1375,2024-11-02,17:00,Station Road,South Zone,697,372,59,175,91,45.5,High,60,0,Sunny
187,2024-11-02,18:00,Lake View Road,East Zone,1286,641,140,361,144,38.2,High,78,0,Sunny
3715,2024-11-02,19:00,Market Road,South Zone,1355,718,114,402,121,26.3,High,71,0,Rainy
2971,2024-11-02,20:00,Station Road,North Zone,963,465,69,249,180,41.7,High,67,0,Sunny
3516,2024-11-03,02:00,IT Corridor,Downtown,676,309,56,154,157,49.5,High,67,0,Sunny
3202,2024-11-03,07:00,Green Park Rd,Downtown,1145,667,131,288,59,27.5,High,66,0,Foggy
2462,2024-11-03,07:00,Ring Road,South Zone,1074,572,127,297,78,35.0,High,67,0,Sunny
3920,2024-11-03,07:00,Station Road,South Zone,916,548,78,195,95,45.3,High,44,0,Cloudy
800,2024-11-03,11:00,Airport Road,East Zone,962,532,106,278,46,38.5,High,75,0,Rainy
426,2024-11-03,12:00,Station Road,West Zone,840,459,68,226,87,54.2,High,65,0,Sunny
2501,2024-11-03,13:00,NH-44,South Zone,737,383,87,161,106,47.9,High,59,0,Rainy
3150,2024-11-03,14:00,MG Road,West Zone,1008,541,77,258,132,38.3,High,81,0,Rainy
248,2024-11-03,16:00,Green Park Rd,East Zone,514,295,47,142,30,54.6,Medium,48,0,Cloudy
2047,2024-11-03,19:00,Lake View Road,West Zone,1476,814,121,267,274,29.9,High,85,0,Cloudy
2464,2024-11-03,21:00,MG Road,North Zone,645,350,66,182,47,49.6,High,64,0,Rainy
18,2024-11-04,07:00,Green Park Rd,North Zone,947,576,81,262,28,44.3,High,66,0,Cloudy
1365,2024-11-04,09:00,Lake View Road,Downtown,1418,771,155,342,150,30.5,High,76,0,Foggy
3454,2024-11-04,09:00,Lake View Road,North Zone,1270,763,121,240,146,30.1,High,82,0,Cloudy
1890,2024-11-04,12:00,Outer Ring Road,West Zone,873,468,71,158,176,41.4,High,57,0,Sunny
1768,2024-11-04,18:00,Outer Ring Road,South Zone,1150,519,101,315,215,37.7,High,80,0,Cloudy
1071,2024-11-04,21:00,Outer Ring Road,North Zone,445,233,47,104,61,65.1,Low,28,0,Cloudy
1171,2024-11-04,21:00,MG Road,West Zone,748,426,90,182,50,53.2,High,57,0,Sunny
3154,2024-11-04,21:00,MG Road,West Zone,590,313,66,162,49,39.3,High,66,1,Foggy
1390,2024-11-05,06:00,Outer Ring Road,East Zone,570,350,53,150,17,53.0,Medium,55,0,Sunny
1372,2024-11-05,07:00,Ring Road,South Zone,1103,625,124,241,113,31.1,High,65,0,Rainy
68,2024-11-05,08:00,MG Road,West Zone,1286,600,109,275,302,26.6,High,75,0,Foggy
1555,2024-11-05,08:00,Ring Road,West Zone,1584,920,176,355,133,29.8,High,74,0,Cloudy
2111,2024-11-05,09:00,IT Corridor,North Zone,1390,789,156,315,130,35.1,High,65,0,Cloudy
2409,2024-11-05,11:00,Lake View Road,Downtown,675,378,67,180,50,46.4,High,54,0,Cloudy
3497,2024-11-05,14:00,NH-44,Downtown,945,559,105,210,71,38.0,High,57,0,Rainy
2198,2024-11-05,15:00,Airport Road,North Zone,709,334,72,151,152,49.6,High,55,0,Sunny
2724,2024-11-05,15:00,Green Park Rd,North Zone,716,390,53,185,88,50.7,High,74,0,Rainy
3263,2024-11-05,15:00,Lake View Road,South Zone,554,249,46,166,93,52.6,High,48,0,Cloudy
295,2024-11-05,16:00,Green Park Rd,Downtown,1102,636,89,269,108,38.8,High,67,0,Rainy
2401,2024-11-05,16:00,Green Park Rd,North Zone,783,417,59,145,162,50.2,High,52,0,Cloudy
3785,2024-11-05,16:00,Airport Road,South Zone,735,386,80,143,126,54.7,High,67,0,Cloudy
3768,2024-11-05,18:00,Station Road,West Zone,1749,788,181,341,439,26.1,High,79,0,Sunny
1821,2024-11-05,21:00,Station Road,South Zone,417,241,49,80,47,58.9,Medium,43,0,Cloudy
2318,2024-11-06,06:00,IT Corridor,East Zone,828,434,82,232,80,54.0,Medium,51,0,Sunny
3350,2024-11-06,09:00,IT Corridor,Downtown,1623,845,140,481,157,29.9,High,70,0,Sunny
742,2024-11-06,09:00,NH-44,Downtown,1772,803,173,405,391,24.7,High,77,0,Sunny
1496,2024-11-06,09:00,IT Corridor,North Zone,1419,814,113,395,97,28.3,High,63,0,Rainy
1280,2024-11-06,10:00,Station Road,East Zone,1472,660,121,414,277,33.5,High,67,0,Cloudy
958,2024-11-06,10:00,Ring Road,North Zone,1108,492,133,208,275,44.3,High,48,0,Sunny
425,2024-11-06,15:00,Airport Road,West Zone,753,419,72,178,84,51.5,Medium,31,0,Sunny
2062,2024-11-06,16:00,Station Road,East Zone,968,544,79,288,57,44.4,High,68,0,Rainy
2367,2024-11-06,19:00,Green Park Rd,North Zone,1206,563,130,313,200,29.4,High,76,0,Sunny
3973,2024-11-06,19:00,Ring Road,West Zone,1521,878,169,342,132,25.4,High,77,0,Rainy
3212,2024-11-06,20:00,Green Park Rd,West Zone,1594,876,168,443,107,21.3,High,90,0,Rainy
1435,2024-11-06,22:00,Lake View Road,South Zone,630,379,56,175,20,42.6,High,68,0,Foggy
896,2024-11-07,00:00,NH-44,East Zone,966,474,73,266,153,50.5,High,50,0,Cloudy
2711,2024-11-07,02:00,MG Road,South Zone,681,306,59,151,165,46.3,High,55,0,Sunny
2005,2024-11-07,08:00,NH-44,Downtown,569,261,64,128,116,57.6,High,52,0,Cloudy
1900,2024-11-07,14:00,NH-44,North Zone,828,383,87,201,157,45.6,High,65,0,Cloudy
1397,2024-11-07,16:00,IT Corridor,West Zone,1136,638,94,284,120,40.4,High,67,0,Cloudy
3882,2024-11-07,17:00,MG Road,West Zone,1296,619,99,354,224,38.9,High,71,0,Sunny
2192,2024-11-07,18:00,Green Park Rd,South Zone,1240,671,106,342,121,41.2,High,75,0,Sunny
3245,2024-11-07,19:00,Lake View Road,East Zone,1669,819,170,458,222,18.0,High,75,0,Rainy
717,2024-11-07,19:00,Market Road,East Zone,1409,626,129,272,382,28.9,High,84,0,Rainy
654,2024-11-07,19:00,Market Road,North Zone,1145,676,95,235,139,39.7,High,54,0,Sunny
2778,2024-11-08,05:00,NH-44,East Zone,869,408,101,173,187,49.0,Medium,32,0,Rainy
1994,2024-11-08,08:00,Lake View Road,East Zone,1303,682,147,328,146,34.7,High,87,0,Sunny
3094,2024-11-08,08:00,NH-44,South Zone,1046,532,108,232,174,40.4,High,68,0,Rainy
2881,2024-11-08,10:00,MG Road,Downtown,998,582,100,215,101,30.5,High,67,0,Foggy
1174,2024-11-08,10:00,IT Corridor,North Zone,1299,759,131,370,39,32.7,High,89,0,Cloudy
1256,2024-11-08,10:00,Market Road,South Zone,844,436,65,198,145,31.6,High,88,0,Foggy
2828,2024-11-08,10:00,Market Road,South Zone,984,459,69,293,163,41.4,High,48,0,Foggy
780,2024-11-08,14:00,MG Road,East Zone,619,349,55,135,80,53.1,High,61,0,Cloudy
1561,2024-11-08,14:00,Green Park Rd,South Zone,513,287,54,103,69,60.0,Medium,53,0,Cloudy
3793,2024-11-08,15:00,Airport Road,Downtown,738,433,72,137,96,42.8,High,66,0,Foggy
3652,2024-11-08,15:00,Ring Road,West Zone,877,535,84,181,77,42.3,High,49,0,Rainy
3849,2024-11-08,18:00,Market Road,North Zone,1316,796,109,372,39,31.3,High,70,0,Foggy
1166,2024-11-08,19:00,MG Road,Downtown,1858,1127,197,474,60,24.4,High,87,0,Cloudy
3383,2024-11-08,19:00,Outer Ring Road,West Zone,1250,710,136,288,116,24.4,High,72,0,Sunny
382,2024-11-08,21:00,Ring Road,North Zone,710,430,73,165,42,39.0,High,73,0,Rainy
1357,2024-11-08,23:00,MG Road,North Zone,639,337,76,185,41,48.3,High,57,0,Sunny
403,2024-11-09,00:00,Station Road,East Zone,563,305,56,163,39,52.3,High,57,0,Cloudy
2532,2024-11-09,00:00,NH-44,North Zone,865,418,62,224,161,40.5,High,75,0,Sunny
2700,2024-11-09,06:00,Market Road,South Zone,705,374,58,172,101,48.8,High,49,0,Sunny
535,2024-11-09,08:00,Station Road,South Zone,905,439,104,208,154,46.0,High,57,0,Sunny
1659,2024-11-09,11:00,MG Road,Downtown,1240,606,116,358,160,29.4,High,66,0,Rainy
25,2024-11-09,11:00,Station Road,West Zone,569,294,56,164,55,42.1,Medium,45,0,Rainy
2883,2024-11-09,12:00,Airport Road,Downtown,1214,636,124,318,136,37.8,High,63,0,Rainy
2760,2024-11-09,17:00,Station Road,South Zone,1064,532,81,248,203,45.2,High,63,0,Sunny
2488,2024-11-09,18:00,Station Road,East Zone,1622,938,130,369,185,31.4,High,87,0,Cloudy
2561,2024-11-09,18:00,IT Corridor,South Zone,1201,645,92,280,184,38.9,High,70,0,Foggy
3059,2024-11-09,19:00,NH-44,South Zone,965,562,110,200,93,41.9,High,74,0,Sunny
1868,2024-11-09,21:00,Market Road,East Zone,717,444,64,164,45,49.1,High,58,0,Sunny
942,2024-11-10,08:00,Lake View Road,Downtown,1020,566,75,226,153,37.3,High,63,0,Rainy
2613,2024-11-10,08:00,Outer Ring Road,West Zone,1364,731,139,271,223,33.2,High,83,0,Sunny
1470,2024-11-10,15:00,NH-44,Downtown,827,427,60,204,136,51.4,High,60,0,Rainy
736,2024-11-10,19:00,Market Road,East Zone,1639,919,138,310,272,27.0,High,92,0,Sunny
191,2024-11-10,19:00,Ring Road,West Zone,1239,576,125,274,264,28.0,High,63,0,Sunny
3424,2024-11-10,20:00,Outer Ring Road,West Zone,1349,788,157,365,39,34.9,High,72,0,Sunny
2285,2024-11-11,03:00,IT Corridor,West Zone,922,487,71,176,188,40.7,High,63,0,Sunny
1614,2024-11-11,07:00,Lake View Road,North Zone,1185,575,126,240,244,37.7,High,60,0,Rainy
2986,2024-11-11,09:00,IT Corridor,Downtown,1160,547,133,277,203,37.7,High,67,0,Sunny
696,2024-11-11,10:00,Green Park Rd,East Zone,1693,982,138,428,145,18.2,High,75,0,Rainy
1042,2024-11-11,11:00,IT Corridor,West Zone,530,328,43,137,22,46.0,High,68,0,Cloudy
50,2024-11-11,12:00,Airport Road,Downtown,1214,544,131,252,287,39.4,High,74,0,Sunny
1143,2024-11-11,12:00,Lake View Road,North Zone,814,474,59,178,103,45.1,Medium,44,0,Rainy
2119,2024-11-11,13:00,Lake View Road,North Zone,498,258,50,96,94,48.0,High,67,0,Foggy
1778,2024-11-11,14:00,Green Park Rd,North Zone,577,332,56,142,47,46.4,High,72,0,Sunny
381,2024-11-11,14:00,Lake View Road,South Zone,637,322,47,119,149,57.5,Medium,47,0,Sunny
2428,2024-11-11,14:00,Station Road,South Zone,578,316,60,110,92,63.2,Medium,56,0,Cloudy
3725,2024-11-11,16:00,Outer Ring Road,South Zone,696,332,78,168,118,41.1,High,60,0,Foggy
2834,2024-11-11,16:00,Station Road,South Zone,630,334,48,144,104,53.8,Medium,50,0,Sunny
1959,2024-11-11,19:00,Market Road,Downtown,1569,811,161,399,198,34.3,High,68,0,Cloudy
2371,2024-11-11,21:00,Station Road,East Zone,946,547,85,221,93,43.5,High,72,0,Sunny
848,2024-11-12,04:00,Lake View Road,Downtown,708,414,70,203,21,47.7,High,57,0,Sunny
324,2024-11-12,14:00,MG Road,West Zone,807,432,57,204,114,43.4,High,66,0,Sunny
1847,2024-11-12,16:00,Lake View Road,North Zone,791,422,93,222,54,40.6,High,65,0,Rainy
648,2024-11-12,16:00,Green Park Rd,South Zone,634,285,70,130,149,55.3,Medium,45,0,Sunny
3144,2024-11-12,18:00,Station Road,East Zone,1301,604,128,252,317,31.8,High,88,0,Sunny
662,2024-11-12,22:00,IT Corridor,East Zone,705,405,74,201,25,48.1,High,57,0,Sunny
1862,2024-11-13,03:00,Green Park Rd,Downtown,1225,648,130,222,225,30.5,High,77,0,Cloudy
954,2024-11-13,07:00,NH-44,South Zone,921,406,79,241,195,47.4,High,53,0,Sunny
1958,2024-11-13,08:00,Green Park Rd,North Zone,1571,899,114,301,257,25.6,High,61,0,Sunny
184,2024-11-13,09:00,Green Park Rd,Downtown,2235,1008,243,598,386,12.0,High,88,0,Rainy
3260,2024-11-13,09:00,Lake View Road,Downtown,1461,646,148,366,301,22.6,High,88,0,Rainy
197,2024-11-13,09:00,Station Road,Downtown,1565,816,150,308,291,29.8,High,78,0,Sunny
1438,2024-11-13,10:00,IT Corridor,East Zone,1729,790,140,314,485,12.0,High,86,0,Rainy
1622,2024-11-13,10:00,Market Road,West Zone,1543,744,165,325,309,26.8,High,66,0,Sunny
1860,2024-11-13,12:00,Airport Road,East Zone,795,471,76,165,83,46.2,High,59,0,Sunny
442,2024-11-13,17:00,Airport Road,East Zone,1510,831,112,340,227,26.5,High,95,0,Cloudy
1025,2024-11-13,17:00,Ring Road,North Zone,1334,802,99,318,115,29.6,High,70,0,Sunny
1510,2024-11-13,19:00,NH-44,South Zone,970,540,83,209,138,48.3,High,63,0,Cloudy
1222,2024-11-13,22:00,IT Corridor,South Zone,580,320,56,137,67,54.9,Medium,53,0,Cloudy
1015,2024-11-14,08:00,Station Road,East Zone,1272,726,124,369,53,24.7,High,74,0,Rainy
1168,2024-11-14,08:00,MG Road,West Zone,1691,817,130,415,329,25.2,High,76,0,Cloudy
2772,2024-11-14,12:00,Lake View Road,Downtown,1104,587,115,260,142,37.3,High,84,0,Sunny
871,2024-11-14,15:00,MG Road,North Zone,630,279,63,148,140,51.8,Medium,42,0,Sunny
1239,2024-11-14,15:00,Market Road,South Zone,633,334,65,169,65,60.5,Medium,32,0,Cloudy
435,2024-11-14,16:00,Lake View Road,North Zone,559,331,52,124,52,56.2,Medium,35,0,Sunny
2753,2024-11-14,18:00,Station Road,Downtown,1413,672,125,383,233,24.9,High,82,0,Sunny
1692,2024-11-14,18:00,Lake View Road,South Zone,912,406,105,184,217,35.7,High,76,0,Rainy
1790,2024-11-14,18:00,Airport Road,West Zone,1784,954,213,408,209,23.8,High,71,0,Sunny
2937,2024-11-14,19:00,Lake View Road,West Zone,1753,840,153,515,245,20.1,High,66,0,Sunny
1539,2024-11-14,22:00,IT Corridor,East Zone,947,556,86,261,44,34.3,High,65,0,Sunny
2687,2024-11-15,04:00,IT Corridor,South Zone,884,465,80,215,124,48.8,High,49,0,Cloudy
1035,2024-11-15,05:00,IT Corridor,West Zone,671,344,71,178,78,44.6,High,66,0,Cloudy
940,2024-11-15,09:00,Lake View Road,West Zone,1549,673,122,286,468,28.5,High,86,0,Sunny
1801,2024-11-15,10:00,Airport Road,West Zone,1615,986,150,423,56,22.1,High,72,0,Cloudy
3148,2024-11-15,12:00,Market Road,East Zone,437,257,34,96,50,50.3,Medium,43,0,Foggy
2252,2024-11-15,13:00,IT Corridor,South Zone,648,306,77,126,139,42.0,High,57,0,Foggy
997,2024-11-15,13:00,Market Road,South Zone,512,236,60,94,122,54.0,Medium,48,0,Sunny
1756,2024-11-15,14:00,Airport Road,West Zone,731,323,86,175,147,52.7,Medium,59,0,Sunny
41,2024-11-15,14:00,NH-44,West Zone,907,560,101,203,43,42.8,High,53,0,Rainy
1033,2024-11-15,15:00,Lake View Road,Downtown,1039,519,109,222,189,36.5,High,68,0,Foggy
2814,2024-11-15,15:00,Ring Road,West Zone,743,436,73,213,21,52.0,High,64,0,Rainy
3703,2024-11-15,18:00,NH-44,Downtown,1342,737,151,395,59,35.1,High,82,0,Sunny
3564,2024-11-15,22:00,Green Park Rd,North Zone,867,492,62,260,53,40.9,High,47,0,Rainy
2573,2024-11-15,22:00,NH-44,North Zone,898,509,78,209,102,48.2,High,64,0,Cloudy
3964,2024-11-15,23:00,Outer Ring Road,West Zone,915,462,67,231,155,42.4,High,56,0,Sunny
3904,2024-11-16,08:00,Market Road,Downtown,988,499,108,246,135,45.2,High,56,0,Sunny
2406,2024-11-16,09:00,Lake View Road,North Zone,1139,577,116,315,131,32.4,High,57,0,Rainy
3392,2024-11-16,09:00,NH-44,South Zone,976,482,114,193,187,34.8,High,77,0,Foggy
3994,2024-11-16,10:00,NH-44,Downtown,1727,940,173,477,137,16.2,High,95,0,Cloudy
3645,2024-11-16,10:00,MG Road,North Zone,1525,776,169,276,304,29.6,High,63,0,Rainy
621,2024-11-16,11:00,IT Corridor,Downtown,653,296,55,155,147,49.0,High,73,0,Sunny
3349,2024-11-16,11:00,Lake View Road,East Zone,672,311,61,163,137,44.2,High,54,0,Foggy
3825,2024-11-16,13:00,NH-44,West Zone,942,541,86,206,109,39.0,High,60,0,Sunny
386,2024-11-16,15:00,Market Road,Downtown,1003,621,80,208,94,39.0,High,67,0,Sunny
2340,2024-11-16,17:00,NH-44,North Zone,872,445,80,243,104,47.8,Medium,44,0,Sunny
3407,2024-11-16,17:00,IT Corridor,South Zone,626,337,46,178,65,45.7,High,34,0,Foggy
1014,2024-11-16,19:00,Station Road,Downtown,1775,996,195,433,151,23.2,High,74,1,Sunny
1255,2024-11-16,19:00,Market Road,West Zone,1170,721,138,242,69,34.3,High,83,0,Sunny
968,2024-11-17,00:00,Ring Road,South Zone,631,341,68,185,37,53.6,Medium,45,0,Sunny
1092,2024-11-17,14:00,Market Road,West Zone,1133,626,81,250,176,46.7,High,66,0,Cloudy
3630,2024-11-17,16:00,Market Road,East Zone,852,513,72,162,105,44.7,High,75,0,Cloudy
392,2024-11-17,19:00,NH-44,West Zone,1466,700,135,382,249,33.0,High,76,0,Sunny
3561,2024-11-18,03:00,Station Road,West Zone,914,485,83,204,142,42.4,High,75,0,Rainy
359,2024-11-18,07:00,Airport Road,West Zone,2033,1011,242,532,248,15.6,High,79,0,Rainy
1594,2024-11-18,11:00,Station Road,West Zone,829,495,93,187,54,49.7,High,48,0,Sunny
3550,2024-11-18,13:00,IT Corridor,South Zone,881,513,97,224,47,47.6,Medium,42,0,Sunny
513,2024-11-18,14:00,NH-44,Downtown,1117,637,129,317,34,38.9,High,83,0,Cloudy
1258,2024-11-18,16:00,Lake View Road,South Zone,696,420,64,144,68,50.8,High,64,0,Sunny
2257,2024-11-18,18:00,Station Road,North Zone,843,462,60,170,151,41.9,High,71,0,Rainy
1626,2024-11-18,20:00,Airport Road,North Zone,1524,667,152,347,358,29.2,High,80,0,Cloudy
2362,2024-11-18,20:00,Airport Road,West Zone,1692,965,161,340,226,12.0,High,93,0,Rainy
352,2024-11-18,21:00,NH-44,South Zone,356,177,29,70,80,57.2,Medium,45,0,Sunny
2162,2024-11-19,07:00,MG Road,South Zone,898,454,86,169,189,48.0,High,62,0,Cloudy
3187,2024-11-19,07:00,Outer Ring Road,West Zone,1439,777,166,343,153,30.8,High,78,0,Sunny
2586,2024-11-19,08:00,Ring Road,Downtown,1578,717,127,341,393,25.6,High,91,0,Cloudy
1525,2024-11-19,08:00,NH-44,West Zone,878,518,101,195,64,43.1,High,60,0,Sunny
986,2024-11-19,09:00,Ring Road,Downtown,1255,771,138,296,50,31.6,High,76,0,Cloudy
222,2024-11-19,12:00,MG Road,Downtown,835,361,67,182,225,43.9,High,54,0,Sunny
1701,2024-11-19,12:00,Outer Ring Road,East Zone,672,322,81,195,74,47.0,High,55,0,Sunny
1146,2024-11-19,15:00,Station Road,East Zone,479,225,46,127,81,51.8,Medium,44,0,Foggy
2098,2024-11-19,15:00,NH-44,North Zone,800,386,61,188,165,48.4,High,73,0,Rainy
1112,2024-11-19,16:00,Ring Road,Downtown,1243,582,103,237,321,32.7,High,77,0,Rainy
3310,2024-11-19,19:00,IT Corridor,Downtown,1447,750,104,399,194,21.7,High,80,0,Rainy
3466,2024-11-19,19:00,Lake View Road,West Zone,1582,965,169,381,67,22.9,High,65,0,Rainy
1956,2024-11-20,00:00,Airport Road,South Zone,712,326,58,145,183,54.7,Medium,51,0,Sunny
2022,2024-11-20,11:00,Green Park Rd,South Zone,682,376,55,156,95,52.7,High,52,0,Sunny
3403,2024-11-20,11:00,Airport Road,West Zone,1151,506,90,230,325,34.8,High,56,0,Cloudy
229,2024-11-20,12:00,Lake View Road,Downtown,895,538,73,257,27,40.3,High,54,0,Sunny
3026,2024-11-20,12:00,IT Corridor,East Zone,1228,724,112,228,164,35.3,High,81,0,Rainy
2795,2024-11-20,13:00,IT Corridor,South Zone,686,340,64,139,143,48.2,High,58,0,Rainy
3065,2024-11-20,14:00,Outer Ring Road,South Zone,552,279,41,161,71,44.2,High,53,0,Foggy
488,2024-11-20,15:00,Green Park Rd,East Zone,675,360,59,199,57,47.5,High,51,0,Sunny
3411,2024-11-20,16:00,IT Corridor,East Zone,624,283,65,116,160,50.8,High,57,0,Foggy
3551,2024-11-20,16:00,Lake View Road,East Zone,949,513,96,200,140,42.0,High,45,0,Sunny
497,2024-11-20,17:00,Airport Road,North Zone,1242,644,149,344,105,31.6,High,79,0,Sunny
3181,2024-11-20,17:00,MG Road,North Zone,1271,740,117,307,107,36.5,High,72,0,Sunny
3702,2024-11-20,19:00,Lake View Road,North Zone,1369,630,148,294,297,37.0,High,78,0,Cloudy
409,2024-11-21,01:00,IT Corridor,East Zone,854,423,88,200,143,43.0,High,65,0,Cloudy
1966,2024-11-21,05:00,IT Corridor,South Zone,635,281,66,152,136,53.5,Medium,54,0,Sunny
3782,2024-11-21,06:00,Ring Road,North Zone,700,332,63,181,124,48.5,Medium,52,0,Sunny
984,2024-11-21,07:00,IT Corridor,South Zone,852,412,97,219,124,43.3,High,71,0,Sunny
1340,2024-11-21,09:00,Outer Ring Road,Downtown,1235,620,90,251,274,27.2,High,70,0,Rainy
238,2024-11-21,09:00,Green Park Rd,South Zone,1170,669,111,263,127,30.0,High,69,0,Cloudy
2148,2024-11-21,09:00,NH-44,South Zone,1130,636,125,233,136,37.1,High,73,0,Sunny
1688,2024-11-21,09:00,IT Corridor,West Zone,1445,740,129,342,234,19.8,High,84,0,Foggy
2300,2024-11-21,09:00,Station Road,West Zone,1128,492,88,316,232,45.1,High,71,0,Cloudy
850,2024-11-21,15:00,Airport Road,East Zone,879,528,78,213,60,44.9,High,53,0,Sunny
2830,2024-11-21,16:00,Airport Road,East Zone,831,484,92,231,24,49.4,Medium,33,0,Cloudy
97,2024-11-22,00:00,Lake View Road,East Zone,823,503,60,187,73,48.5,Medium,28,0,Sunny
3582,2024-11-22,14:00,Outer Ring Road,South Zone,734,336,54,212,132,50.8,High,61,0,Rainy
1216,2024-11-22,17:00,Airport Road,South Zone,900,544,106,201,49,41.6,High,60,0,Cloudy
3135,2024-11-22,19:00,MG Road,East Zone,1567,794,129,334,310,22.7,High,80,0,Rainy
154,2024-11-22,21:00,Market Road,East Zone,819,471,70,211,67,51.3,Medium,37,0,Sunny
624,2024-11-22,21:00,IT Corridor,West Zone,441,239,37,93,72,56.4,Medium,56,0,Foggy
2897,2024-11-22,22:00,IT Corridor,South Zone,705,313,77,162,153,48.9,High,55,0,Sunny
1469,2024-11-23,04:00,IT Corridor,South Zone,680,378,69,127,106,38.1,High,58,0,Foggy
3546,2024-11-23,05:00,NH-44,West Zone,831,377,91,173,190,46.3,High,67,0,Cloudy
1037,2024-11-23,06:00,Airport Road,South Zone,449,201,47,90,111,50.5,Medium,52,0,Sunny
1057,2024-11-23,08:00,MG Road,Downtown,2634,1210,194,485,745,12.0,High,68,0,Rainy
2072,2024-11-23,10:00,Green Park Rd,West Zone,2291,1397,168,475,251,12.0,High,79,0,Rainy
1149,2024-11-23,16:00,Airport Road,South Zone,637,362,75,123,77,57.0,Medium,58,0,Cloudy
1260,2024-11-23,17:00,Green Park Rd,North Zone,962,487,89,210,176,40.6,High,64,0,Sunny
2133,2024-11-23,18:00,IT Corridor,Downtown,1429,831,146,322,130,28.9,High,80,0,Sunny
1609,2024-11-23,18:00,Ring Road,North Zone,321,154,35,74,58,59.5,Medium,53,0,Sunny
1857,2024-11-23,20:00,MG Road,Downtown,1629,897,168,339,225,29.6,High,72,0,Sunny
3115,2024-11-23,20:00,Station Road,West Zone,1394,726,164,287,217,32.5,High,74,1,Sunny
3540,2024-11-23,21:00,NH-44,South Zone,534,270,47,101,116,46.1,High,63,0,Sunny
113,2024-11-23,23:00,NH-44,North Zone,1042,553,79,239,171,40.0,High,82,0,Rainy
1588,2024-11-24,08:00,Station Road,Downtown,1459,665,116,296,382,30.2,High,86,0,Rainy
2583,2024-11-24,13:00,Outer Ring Road,Downtown,849,494,74,153,128,53.2,Medium,41,0,Sunny
3539,2024-11-24,15:00,Outer Ring Road,East Zone,947,503,100,208,136,37.5,High,67,0,Rainy
2448,2024-11-24,15:00,NH-44,South Zone,543,323,42,110,68,50.2,Medium,40,0,Foggy
2858,2024-11-24,17:00,NH-44,South Zone,901,539,72,205,85,39.7,High,57,0,Foggy
1017,2024-11-24,19:00,Ring Road,South Zone,998,613,109,207,69,40.3,High,63,0,Sunny
46,2024-11-24,20:00,Lake View Road,South Zone,1109,636,86,252,135,38.3,High,71,0,Sunny
3766,2024-11-24,20:00,Market Road,South Zone,628,376,72,146,34,50.2,High,71,0,Sunny
1282,2024-11-25,00:00,Green Park Rd,West Zone,784,389,83,179,133,49.1,High,49,0,Sunny
1096,2024-11-25,03:00,Market Road,Downtown,950,573,84,231,62,44.9,High,54,0,Sunny
1558,2024-11-25,04:00,Ring Road,East Zone,890,479,103,207,101,38.3,High,63,0,Rainy
1433,2024-11-25,07:00,IT Corridor,West Zone,1684,993,142,324,225,20.0,High,79,0,Sunny
684,2024-11-25,08:00,MG Road,North Zone,1111,517,80,203,311,41.0,High,53,0,Sunny
2923,2024-11-25,09:00,Green Park Rd,West Zone,1791,1011,197,430,153,12.0,High,80,0,Foggy
516,2024-11-25,16:00,Station Road,Downtown,781,433,59,200,89,48.3,High,52,0,Sunny
2128,2024-11-25,19:00,Green Park Rd,North Zone,1302,759,107,294,142,35.7,High,72,0,Sunny
813,2024-11-25,20:00,MG Road,Downtown,1431,844,130,393,64,30.7,High,70,0,Sunny
1127,2024-11-25,20:00,NH-44,North Zone,1042,617,93,263,69,40.8,High,53,0,Cloudy
2915,2024-11-25,21:00,Green Park Rd,Downtown,796,361,71,199,165,41.1,High,53,0,Foggy
3328,2024-11-26,06:00,IT Corridor,South Zone,540,325,53,117,45,44.3,High,65,0,Sunny
3860,2024-11-26,07:00,Ring Road,North Zone,930,434,76,236,184,41.6,High,75,0,Sunny
599,2024-11-26,11:00,Lake View Road,East Zone,830,511,87,204,28,35.1,High,79,0,Foggy
953,2024-11-26,12:00,Airport Road,Downtown,1108,584,108,228,188,33.7,High,65,0,Rainy
170,2024-11-26,15:00,IT Corridor,Downtown,1398,791,145,320,142,27.1,High,71,0,Sunny
2108,2024-11-26,16:00,Green Park Rd,South Zone,595,283,68,161,83,48.8,High,53,0,Rainy
3950,2024-11-26,18:00,IT Corridor,South Zone,1234,657,101,273,203,29.4,High,75,0,Sunny
3884,2024-11-26,19:00,MG Road,East Zone,895,472,89,207,127,44.7,High,63,0,Sunny
2361,2024-11-26,19:00,Airport Road,South Zone,1086,615,124,314,33,39.1,High,59,0,Sunny
11,2024-11-26,19:00,Lake View Road,West Zone,1184,513,92,244,335,34.0,High,64,0,Sunny
3319,2024-11-27,05:00,Market Road,North Zone,414,242,39,89,44,55.4,Medium,41,0,Cloudy
1910,2024-11-27,08:00,Lake View Road,West Zone,1531,857,125,391,158,24.1,High,70,0,Sunny
1600,2024-11-27,12:00,Lake View Road,West Zone,921,493,83,240,105,43.0,High,60,0,Sunny
3967,2024-11-27,14:00,MG Road,East Zone,877,424,98,244,111,40.4,High,68,0,Rainy
1985,2024-11-27,16:00,IT Corridor,Downtown,1059,631,123,233,72,32.7,High,66,0,Rainy
3194,2024-11-27,16:00,Station Road,North Zone,931,461,69,169,232,43.9,High,68,0,Sunny
1113,2024-11-27,17:00,Outer Ring Road,South Zone,937,563,73,202,99,38.5,High,48,0,Foggy
3289,2024-11-27,20:00,NH-44,Downtown,1141,690,115,262,74,33.5,High,83,0,Sunny
3101,2024-11-28,06:00,Airport Road,North Zone,934,502,86,168,178,49.3,High,54,0,Sunny
1002,2024-11-28,11:00,IT Corridor,South Zone,448,218,33,123,74,53.2,Medium,47,0,Sunny
2550,2024-11-28,14:00,Green Park Rd,West Zone,652,381,71,181,19,45.0,High,50,0,Foggy
1544,2024-11-28,15:00,IT Corridor,Downtown,1100,624,82,306,88,40.6,High,71,0,Sunny
3281,2024-11-28,18:00,Airport Road,West Zone,1588,767,159,430,232,28.4,High,65,0,Cloudy
2315,2024-11-28,19:00,Outer Ring Road,East Zone,1163,585,115,263,200,26.0,High,73,0,Foggy
3951,2024-11-28,20:00,Lake View Road,West Zone,1227,564,140,349,174,37.2,High,64,0,Sunny
1027,2024-11-29,02:00,Outer Ring Road,East Zone,755,437,60,192,66,51.8,Medium,61,0,Sunny
1953,2024-11-29,06:00,Green Park Rd,North Zone,814,461,80,174,99,36.4,High,73,0,Rainy
2167,2024-11-29,08:00,NH-44,West Zone,1607,953,115,437,102,23.8,High,79,0,Sunny
2425,2024-11-29,11:00,Green Park Rd,East Zone,504,229,58,128,89,47.5,High,65,0,Sunny
3120,2024-11-29,11:00,Ring Road,South Zone,582,279,70,113,120,43.3,High,64,0,Sunny
2010,2024-11-29,15:00,Market Road,East Zone,385,170,28,74,113,58.5,Medium,50,0,Sunny
2614,2024-11-29,17:00,Outer Ring Road,South Zone,889,510,82,205,92,43.4,High,61,0,Sunny
3156,2024-11-29,18:00,Outer Ring Road,East Zone,1532,751,116,339,326,30.5,High,73,0,Sunny
1931,2024-11-30,04:00,Airport Road,South Zone,664,331,54,162,117,47.9,Medium,58,0,Sunny
3375,2024-11-30,07:00,Green Park Rd,East Zone,1309,789,146,336,38,31.0,High,70,0,Rainy
1464,2024-11-30,07:00,Outer Ring Road,East Zone,1103,524,93,255,231,37.1,High,64,0,Foggy
3670,2024-11-30,08:00,Lake View Road,South Zone,1134,540,133,216,245,39.7,High,65,0,Cloudy
798,2024-11-30,11:00,Green Park Rd,East Zone,927,412,100,212,203,39.2,High,84,0,Cloudy
972,2024-11-30,16:00,Green Park Rd,Downtown,1066,543,86,202,235,38.7,High,57,0,Foggy
978,2024-11-30,16:00,Outer Ring Road,East Zone,767,401,59,202,105,50.0,High,61,0,Sunny
1694,2024-11-30,16:00,Station Road,West Zone,520,304,43,135,38,40.6,High,54,0,Foggy
803,2024-11-30,19:00,Outer Ring Road,North Zone,1042,601,123,238,80,38.3,High,81,0,Foggy
3986,2024-12-01,04:00,Airport Road,Downtown,881,421,100,192,168,45.4,High,70,0,Sunny
2048,2024-12-01,05:00,Outer Ring Road,East Zone,646,283,53,163,147,50.5,High,65,0,Sunny
2408,2024-12-01,07:00,Station Road,West Zone,1713,750,155,408,400,16.2,High,89,0,Rainy
2386,2024-12-01,09:00,Ring Road,North Zone,914,524,82,171,137,51.9,High,63,0,Cloudy
829,2024-12-01,13:00,Lake View Road,North Zone,918,433,107,271,107,45.0,High,76,0,Sunny
1637,2024-12-01,16:00,Green Park Rd,East Zone,603,317,52,165,69,49.3,High,71,0,Sunny
2741,2024-12-01,17:00,Lake View Road,Downtown,1194,630,102,259,203,33.9,High,68,0,Cloudy
501,2024-12-01,17:00,Market Road,Downtown,1606,846,167,337,256,29.9,High,65,0,Sunny
2153,2024-12-01,17:00,Green Park Rd,South Zone,806,403,61,194,148,58.9,High,64,0,Sunny
2851,2024-12-01,18:00,NH-44,West Zone,1641,1004,181,359,97,28.4,High,64,0,Sunny
2989,2024-12-01,19:00,Airport Road,East Zone,1364,746,158,285,175,26.1,High,80,0,Sunny
874,2024-12-02,05:00,IT Corridor,Downtown,802,369,57,182,194,49.8,High,54,0,Sunny
2806,2024-12-02,06:00,NH-44,West Zone,994,582,96,287,29,41.1,High,82,0,Cloudy
1205,2024-12-02,08:00,Ring Road,East Zone,1136,689,121,234,92,41.0,High,77,0,Cloudy
1405,2024-12-02,09:00,Market Road,East Zone,1138,545,87,260,246,41.0,High,76,0,Sunny
3543,2024-12-02,13:00,Ring Road,West Zone,917,474,79,201,163,36.5,High,66,0,Sunny
3542,2024-12-02,15:00,Airport Road,East Zone,378,224,39,86,29,59.9,Medium,44,0,Sunny
3809,2024-12-02,15:00,Market Road,South Zone,669,318,79,182,90,50.1,Medium,51,0,Sunny
527,2024-12-02,16:00,Airport Road,Downtown,843,498,96,223,26,45.9,High,69,0,Cloudy
1742,2024-12-02,17:00,Airport Road,East Zone,1492,659,106,396,331,24.9,High,76,0,Rainy
3656,2024-12-02,17:00,MG Road,West Zone,1350,657,98,405,190,40.2,High,64,0,Sunny
2578,2024-12-02,20:00,Outer Ring Road,West Zone,1053,533,99,259,162,39.6,High,69,0,Sunny
293,2024-12-03,00:00,Airport Road,Downtown,951,500,110,254,87,42.0,High,61,0,Sunny
3308,2024-12-03,00:00,Market Road,North Zone,812,372,93,184,163,46.3,High,62,0,Sunny
85,2024-12-03,02:00,Outer Ring Road,Downtown,1277,680,90,306,201,37.1,High,79,0,Sunny
3681,2024-12-03,07:00,Airport Road,North Zone,1479,848,160,337,134,32.4,High,75,0,Cloudy
3476,2024-12-03,07:00,Station Road,West Zone,1544,858,148,366,172,30.0,High,87,0,Cloudy
251,2024-12-03,09:00,Ring Road,South Zone,1236,551,123,297,265,39.2,High,72,0,Cloudy
3714,2024-12-03,11:00,Market Road,Downtown,1112,663,100,212,137,29.8,High,65,0,Rainy
796,2024-12-03,15:00,Lake View Road,Downtown,724,429,77,188,30,47.5,Medium,48,0,Foggy
3058,2024-12-03,16:00,NH-44,West Zone,769,475,91,165,38,50.8,High,71,0,Cloudy
1578,2024-12-03,17:00,Lake View Road,North Zone,1014,511,100,195,208,38.0,High,60,0,Rainy
2864,2024-12-03,17:00,Lake View Road,West Zone,1315,682,110,378,145,29.0,High,80,0,Sunny
1802,2024-12-03,19:00,Outer Ring Road,East Zone,1199,654,105,312,128,40.8,High,56,0,Sunny
2495,2024-12-03,20:00,Market Road,Downtown,1629,816,164,298,351,20.7,High,74,0,Foggy
1048,2024-12-04,11:00,Market Road,South Zone,843,453,100,225,65,50.0,High,54,0,Sunny
1441,2024-12-04,17:00,NH-44,West Zone,1287,629,111,360,187,35.5,High,63,0,Sunny
3898,2024-12-04,17:00,NH-44,West Zone,1628,801,173,301,353,16.3,High,87,0,Cloudy
618,2024-12-04,18:00,IT Corridor,Downtown,2107,1259,199,558,91,12.0,High,78,0,Sunny
578,2024-12-04,20:00,MG Road,West Zone,1757,836,200,333,388,14.7,High,63,0,Rainy
2106,2024-12-04,21:00,Market Road,South Zone,522,303,62,123,34,53.4,Medium,34,0,Sunny
3307,2024-12-05,06:00,Lake View Road,South Zone,724,338,65,180,141,44.4,High,40,0,Sunny
1786,2024-12-05,08:00,Station Road,East Zone,1098,599,79,294,126,34.5,High,56,0,Foggy
3742,2024-12-05,11:00,MG Road,Downtown,1233,613,135,341,144,31.9,High,84,0,Rainy
285,2024-12-05,12:00,Outer Ring Road,South Zone,594,287,65,176,66,48.0,High,65,0,Sunny
815,2024-12-05,16:00,Market Road,North Zone,915,417,74,256,168,39.7,High,76,0,Cloudy
1519,2024-12-05,17:00,Airport Road,East Zone,1635,799,154,299,383,32.1,High,72,0,Cloudy
168,2024-12-05,17:00,Lake View Road,South Zone,905,501,89,193,122,41.4,High,74,0,Sunny
505,2024-12-05,18:00,Lake View Road,Downtown,2403,1304,191,696,212,13.4,High,78,0,Cloudy
3826,2024-12-05,18:00,Station Road,South Zone,1021,608,103,235,75,44.6,High,65,0,Sunny
3244,2024-12-05,19:00,Lake View Road,West Zone,1085,482,124,230,249,35.8,High,91,0,Foggy
56,2024-12-05,20:00,Green Park Rd,East Zone,951,566,92,193,100,43.2,High,70,0,Sunny
2043,2024-12-05,21:00,MG Road,East Zone,852,503,100,215,34,40.1,High,48,0,Cloudy
2358,2024-12-06,01:00,Station Road,East Zone,632,323,70,152,87,47.7,High,58,0,Foggy
731,2024-12-06,07:00,Outer Ring Road,Downtown,1508,763,145,411,189,30.3,High,70,0,Sunny
786,2024-12-06,07:00,Lake View Road,East Zone,1423,653,164,408,198,22.7,High,88,0,Foggy
3257,2024-12-06,09:00,Ring Road,Downtown,1698,737,180,402,379,26.8,High,72,0,Sunny
2051,2024-12-06,16:00,Outer Ring Road,East Zone,671,292,51,126,202,59.7,Medium,60,0,Cloudy
3461,2024-12-06,17:00,NH-44,Downtown,1708,948,134,416,210,26.1,High,77,0,Sunny
3484,2024-12-06,18:00,Lake View Road,Downtown,1481,777,158,356,190,31.1,High,75,0,Cloudy
1343,2024-12-06,19:00,MG Road,Downtown,1867,945,142,400,380,21.7,High,90,0,Sunny
2916,2024-12-06,19:00,IT Corridor,East Zone,1412,721,163,416,112,25.6,High,77,0,Cloudy
477,2024-12-06,20:00,Ring Road,East Zone,1405,830,150,278,147,22.0,High,75,0,Foggy
2892,2024-12-06,20:00,Ring Road,North Zone,770,424,92,144,110,51.1,Medium,51,0,Sunny
1355,2024-12-07,06:00,MG Road,West Zone,1011,568,96,269,78,43.0,High,63,0,Sunny
3453,2024-12-07,06:00,MG Road,West Zone,886,415,89,171,211,43.7,High,66,0,Sunny
622,2024-12-07,08:00,IT Corridor,West Zone,1132,575,94,321,142,39.5,High,64,0,Sunny
566,2024-12-07,11:00,Market Road,West Zone,663,394,57,121,91,54.4,Medium,45,0,Sunny
735,2024-12-07,15:00,Lake View Road,South Zone,659,357,77,150,75,41.4,High,65,0,Rainy
395,2024-12-07,16:00,Green Park Rd,East Zone,1184,713,120,287,64,30.5,High,65,0,Sunny
2845,2024-12-07,16:00,Outer Ring Road,West Zone,949,480,92,251,126,40.5,High,63,0,Sunny
1308,2024-12-07,17:00,Outer Ring Road,East Zone,1244,696,110,271,167,37.0,High,64,0,Cloudy
2299,2024-12-07,17:00,Station Road,East Zone,893,414,92,178,209,45.4,High,46,0,Foggy
365,2024-12-07,17:00,Outer Ring Road,South Zone,1206,707,142,258,99,38.8,High,57,0,Sunny
3218,2024-12-07,18:00,Lake View Road,East Zone,948,531,111,262,44,41.8,High,55,0,Rainy
405,2024-12-07,18:00,Green Park Rd,South Zone,1533,817,140,307,269,26.7,High,76,0,Rainy
2370,2024-12-07,18:00,Market Road,West Zone,1899,1124,164,522,89,12.0,High,84,0,Rainy
1211,2024-12-07,19:00,Airport Road,East Zone,1827,899,156,424,348,31.3,High,74,1,Cloudy
3193,2024-12-08,05:00,Green Park Rd,Downtown,1219,625,105,335,154,38.8,High,55,0,Cloudy
2147,2024-12-08,08:00,Market Road,Downtown,1735,874,163,499,199,21.8,High,71,0,Sunny
3083,2024-12-08,10:00,Lake View Road,East Zone,1823,962,162,342,357,16.5,High,77,0,Sunny
211,2024-12-08,11:00,Market Road,Downtown,964,534,97,191,142,44.5,High,75,0,Sunny
3771,2024-12-08,12:00,Market Road,North Zone,777,454,61,224,38,49.9,High,61,0,Foggy
3455,2024-12-08,17:00,Green Park Rd,Downtown,1421,670,115,320,316,33.9,High,75,0,Sunny
3302,2024-12-08,17:00,Outer Ring Road,North Zone,1491,848,123,365,155,28.4,High,70,0,Rainy
3698,2024-12-08,19:00,Ring Road,South Zone,1015,481,97,283,154,40.5,High,57,0,Sunny
2543,2024-12-08,22:00,Station Road,Downtown,962,433,110,206,213,45.4,High,57,0,Sunny
1196,2024-12-09,02:00,NH-44,Downtown,756,355,77,220,104,47.8,High,53,0,Sunny
2110,2024-12-09,04:00,Outer Ring Road,Downtown,1008,599,103,252,54,50.9,High,59,0,Cloudy
3412,2024-12-09,07:00,Lake View Road,East Zone,1236,719,89,304,124,23.0,High,75,0,Rainy
2930,2024-12-09,07:00,Market Road,East Zone,1433,763,147,312,211,31.1,High,64,0,Cloudy
3123,2024-12-09,08:00,Airport Road,North Zone,1001,520,104,226,151,47.9,High,44,0,Cloudy
1793,2024-12-09,08:00,Market Road,South Zone,1023,585,74,288,76,45.2,High,79,0,Cloudy
1685,2024-12-09,12:00,Outer Ring Road,Downtown,851,375,69,220,187,49.4,High,62,0,Sunny
20,2024-12-09,12:00,IT Corridor,South Zone,510,235,54,106,115,44.4,High,58,0,Cloudy
3271,2024-12-09,13:00,Market Road,Downtown,1245,557,120,282,286,31.0,High,60,0,Sunny
3266,2024-12-09,13:00,IT Corridor,East Zone,969,540,72,187,170,46.7,High,52,0,Rainy
1541,2024-12-09,16:00,Ring Road,West Zone,859,399,69,214,177,49.7,High,56,0,Sunny
1532,2024-12-09,19:00,MG Road,North Zone,1178,580,121,313,164,39.6,High,71,0,Sunny
2544,2024-12-09,19:00,Ring Road,North Zone,1809,956,169,344,340,24.9,High,82,0,Cloudy
99,2024-12-09,22:00,Outer Ring Road,Downtown,1249,773,128,239,109,42.8,High,58,0,Cloudy
2439,2024-12-10,06:00,Airport Road,North Zone,662,310,77,139,136,47.5,High,53,0,Foggy
96,2024-12-10,08:00,Market Road,West Zone,1583,855,185,291,252,27.4,High,67,0,Cloudy
2891,2024-12-10,09:00,Outer Ring Road,East Zone,1197,668,126,216,187,41.5,High,57,0,Sunny
2183,2024-12-10,10:00,Ring Road,North Zone,1429,674,101,347,307,20.0,High,73,0,Rainy
1968,2024-12-10,15:00,NH-44,East Zone,624,317,52,184,71,53.9,High,75,0,Sunny
2230,2024-12-10,16:00,Green Park Rd,East Zone,563,313,55,141,54,42.2,High,52,0,Foggy
2073,2024-12-10,17:00,MG Road,South Zone,980,575,102,205,98,52.6,High,51,0,Sunny
2646,2024-12-10,19:00,Station Road,North Zone,1362,807,123,391,41,30.7,High,65,0,Rainy
29,2024-12-10,21:00,Outer Ring Road,East Zone,311,142,27,63,79,67.1,Medium,56,0,Sunny
1648,2024-12-10,23:00,Airport Road,West Zone,925,484,87,187,167,39.3,High,54,0,Sunny
243,2024-12-11,05:00,Airport Road,Downtown,879,515,80,179,105,48.8,High,61,0,Sunny
439,2024-12-11,06:00,Airport Road,East Zone,856,490,93,219,54,44.9,High,50,0,Sunny
1134,2024-12-11,07:00,NH-44,East Zone,1147,700,134,250,63,31.3,High,69,0,Sunny
54,2024-12-11,09:00,Green Park Rd,Downtown,2070,1252,188,454,176,12.4,High,62,0,Cloudy
855,2024-12-11,13:00,Airport Road,Downtown,888,507,93,182,106,43.2,High,86,0,Rainy
1163,2024-12-11,15:00,MG Road,North Zone,659,287,67,127,178,49.6,High,59,0,Sunny
3823,2024-12-11,16:00,MG Road,North Zone,872,446,68,248,110,36.6,High,70,0,Rainy
637,2024-12-11,17:00,Airport Road,East Zone,1676,814,158,349,355,32.3,High,83,0,Sunny
136,2024-12-11,19:00,Station Road,South Zone,1357,803,162,261,131,31.4,High,81,0,Rainy
261,2024-12-11,20:00,Market Road,Downtown,1538,800,170,418,150,27.3,High,83,0,Sunny
1185,2024-12-12,07:00,Station Road,South Zone,790,450,70,227,43,46.5,High,61,0,Sunny
2220,2024-12-12,07:00,MG Road,West Zone,1577,867,114,415,181,27.7,High,70,0,Cloudy
3221,2024-12-12,08:00,Ring Road,South Zone,1328,697,125,351,155,32.9,High,59,0,Sunny
3300,2024-12-12,09:00,NH-44,West Zone,1122,509,91,276,246,43.7,High,66,0,Sunny
3070,2024-12-12,14:00,Station Road,North Zone,565,295,62,150,58,49.4,High,59,0,Foggy
799,2024-12-12,18:00,MG Road,Downtown,1595,849,136,452,158,20.8,High,66,0,Foggy
2598,2024-12-12,18:00,NH-44,East Zone,1799,942,148,423,286,12.0,High,74,0,Rainy
2392,2024-12-12,19:00,Green Park Rd,Downtown,1503,874,135,407,87,31.0,High,73,0,Sunny
1631,2024-12-12,22:00,Ring Road,North Zone,669,376,66,160,67,54.4,Medium,37,0,Cloudy
172,2024-12-13,04:00,Lake View Road,South Zone,703,423,54,186,40,46.8,High,58,0,Sunny
2648,2024-12-13,05:00,Outer Ring Road,West Zone,903,505,98,223,77,43.1,High,66,0,Cloudy
1859,2024-12-13,06:00,IT Corridor,West Zone,734,399,83,206,46,46.8,High,59,0,Sunny
3213,2024-12-13,07:00,Green Park Rd,South Zone,928,437,111,241,139,42.2,High,52,0,Rainy
765,2024-12-13,14:00,Market Road,South Zone,764,466,59,163,76,48.6,High,76,0,Rainy
691,2024-12-13,16:00,Airport Road,South Zone,696,356,80,202,58,52.9,High,61,0,Sunny
2332,2024-12-13,17:00,Airport Road,North Zone,1129,510,93,214,312,33.7,High,70,0,Foggy
651,2024-12-13,17:00,Market Road,West Zone,1747,815,135,356,441,25.8,High,75,0,Sunny
1491,2024-12-14,05:00,IT Corridor,Downtown,1023,500,88,220,215,40.3,High,65,0,Cloudy
239,2024-12-14,09:00,NH-44,North Zone,1387,602,148,394,243,35.0,High,73,0,Sunny
2813,2024-12-14,10:00,Market Road,West Zone,1698,885,142,488,183,26.7,High,77,0,Cloudy
291,2024-12-14,12:00,NH-44,East Zone,1069,579,98,231,161,39.4,High,67,0,Cloudy
1036,2024-12-14,12:00,MG Road,West Zone,929,450,97,249,133,38.7,High,79,0,Rainy
1553,2024-12-14,13:00,Ring Road,Downtown,916,459,86,177,194,45.0,High,52,0,Sunny
2,2024-12-14,14:00,Market Road,Downtown,876,411,102,246,117,37.9,High,57,0,Sunny
341,2024-12-14,17:00,IT Corridor,West Zone,1497,677,157,429,234,21.4,High,70,0,Sunny
1775,2024-12-14,18:00,Market Road,Downtown,1644,790,191,465,198,28.2,High,70,0,Sunny
1623,2024-12-14,18:00,Outer Ring Road,East Zone,1498,871,132,301,194,18.3,High,70,0,Rainy
2430,2024-12-14,18:00,Lake View Road,South Zone,970,558,114,220,78,41.8,High,70,0,Sunny
462,2024-12-14,19:00,NH-44,North Zone,1160,655,97,268,140,39.9,High,79,0,Sunny
3691,2024-12-14,19:00,Outer Ring Road,North Zone,1259,541,133,330,255,42.7,High,66,1,Sunny
3558,2024-12-14,21:00,Green Park Rd,North Zone,446,208,47,133,58,53.6,High,61,0,Sunny
1253,2024-12-14,23:00,Market Road,South Zone,696,334,78,169,115,49.7,High,69,0,Rainy
955,2024-12-15,06:00,NH-44,North Zone,773,415,74,231,53,40.5,High,57,0,Rainy
1986,2024-12-15,07:00,IT Corridor,West Zone,1293,556,135,269,333,27.0,High,88,0,Foggy
422,2024-12-15,08:00,Market Road,Downtown,1523,906,152,400,65,21.0,High,75,0,Sunny
869,2024-12-15,08:00,Lake View Road,South Zone,1108,655,124,236,93,36.3,High,75,0,Rainy
3068,2024-12-15,11:00,Green Park Rd,Downtown,1026,523,85,246,172,39.5,High,60,0,Cloudy
2767,2024-12-15,11:00,Airport Road,North Zone,816,438,59,161,158,52.9,Medium,61,0,Sunny
952,2024-12-15,16:00,IT Corridor,South Zone,573,341,43,105,84,51.9,High,64,0,Sunny
2570,2024-12-15,17:00,Market Road,South Zone,818,353,62,174,229,47.2,High,74,1,Sunny
3343,2024-12-15,18:00,Lake View Road,West Zone,1816,893,158,351,414,13.2,High,70,0,Rainy
2184,2024-12-15,19:00,NH-44,South Zone,1143,685,86,298,74,33.9,High,83,0,Cloudy
2802,2024-12-15,20:00,MG Road,South Zone,1033,518,112,273,130,50.6,High,48,0,Sunny
1912,2024-12-15,20:00,NH-44,West Zone,1790,779,149,384,478,21.4,High,70,0,Sunny
2603,2024-12-16,10:00,Lake View Road,East Zone,1129,697,125,264,43,45.1,High,72,0,Sunny
2186,2024-12-16,11:00,Outer Ring Road,South Zone,253,150,19,73,11,57.5,Medium,44,0,Foggy
745,2024-12-16,13:00,Ring Road,North Zone,921,455,84,207,175,46.7,High,61,0,Sunny
3903,2024-12-16,13:00,MG Road,South Zone,491,283,51,132,25,45.8,High,53,0,Rainy
75,2024-12-16,19:00,Airport Road,South Zone,1000,523,98,231,148,39.8,High,65,0,Foggy
3954,2024-12-16,20:00,Green Park Rd,West Zone,1300,582,120,294,304,35.3,High,80,0,Cloudy
246,2024-12-17,09:00,Green Park Rd,West Zone,656,371,72,187,26,49.9,High,49,0,Sunny
2571,2024-12-17,14:00,Ring Road,Downtown,1114,665,107,310,32,37.9,High,77,0,Sunny
1699,2024-12-17,16:00,MG Road,East Zone,839,390,95,197,157,51.9,Medium,47,0,Sunny
3545,2024-12-17,17:00,Market Road,Downtown,1665,1001,141,345,178,33.3,High,66,0,Cloudy
836,2024-12-17,18:00,Green Park Rd,Downtown,1470,752,123,367,228,39.0,High,59,0,Cloudy
3992,2024-12-17,18:00,Ring Road,Downtown,1390,773,127,292,198,30.8,High,95,0,Rainy
3517,2024-12-17,18:00,Outer Ring Road,North Zone,1401,708,127,316,250,31.9,High,73,0,Sunny
1899,2024-12-17,18:00,Green Park Rd,South Zone,992,541,74,204,173,44.2,High,63,0,Sunny
2055,2024-12-17,19:00,Lake View Road,Downtown,1641,720,196,339,386,26.4,High,77,0,Sunny
140,2024-12-17,21:00,NH-44,North Zone,686,417,66,151,52,38.0,High,58,0,Rainy
3029,2024-12-18,01:00,Market Road,West Zone,817,457,62,156,142,41.3,High,77,0,Rainy
2276,2024-12-18,02:00,Airport Road,Downtown,897,520,72,251,54,52.0,High,51,0,Sunny
2280,2024-12-18,03:00,Airport Road,Downtown,731,418,77,193,43,49.6,High,64,0,Sunny
3254,2024-12-18,06:00,Market Road,North Zone,766,425,54,229,58,37.7,High,63,1,Foggy
1097,2024-12-18,09:00,MG Road,South Zone,1343,724,154,368,97,32.2,High,80,1,Cloudy
2662,2024-12-18,10:00,Lake View Road,South Zone,1310,686,126,378,120,36.9,High,77,0,Sunny
1909,2024-12-18,12:00,Lake View Road,West Zone,898,500,87,225,86,37.0,High,82,0,Sunny
1064,2024-12-18,15:00,MG Road,South Zone,824,440,91,213,80,40.4,High,54,0,Cloudy
1828,2024-12-18,19:00,MG Road,North Zone,1331,673,109,260,289,27.8,High,70,0,Sunny
1640,2024-12-18,20:00,Green Park Rd,West Zone,1636,761,185,348,342,21.5,High,72,0,Cloudy
3683,2024-12-19,01:00,Market Road,West Zone,492,217,48,126,101,40.2,High,74,0,Foggy
3370,2024-12-19,01:00,Outer Ring Road,West Zone,1007,485,80,291,151,44.7,High,58,0,Cloudy
1928,2024-12-19,02:00,Station Road,East Zone,811,430,84,242,55,41.5,High,68,0,Rainy
2308,2024-12-19,04:00,NH-44,East Zone,1112,490,80,214,328,30.1,High,73,0,Rainy
2904,2024-12-19,06:00,Ring Road,East Zone,557,340,62,132,23,56.5,Medium,52,0,Cloudy
1683,2024-12-19,07:00,Market Road,North Zone,1500,840,107,404,149,19.6,High,82,0,Foggy
3110,2024-12-19,08:00,Green Park Rd,West Zone,1854,817,175,428,434,12.0,High,84,0,Rainy
3981,2024-12-19,09:00,IT Corridor,Downtown,1431,798,136,329,168,32.3,High,76,0,Rainy
1629,2024-12-19,12:00,Lake View Road,North Zone,635,340,62,170,63,51.7,High,62,0,Sunny
2689,2024-12-19,14:00,IT Corridor,North Zone,669,316,57,160,136,49.2,High,52,0,Sunny
3471,2024-12-19,15:00,NH-44,Downtown,963,565,107,258,33,42.7,High,52,0,Rainy
1426,2024-12-19,17:00,Ring Road,Downtown,1860,879,216,519,246,18.5,High,74,0,Cloudy
391,2024-12-19,19:00,Market Road,West Zone,1133,529,111,264,229,37.5,High,74,0,Sunny
3495,2024-12-19,19:00,Ring Road,West Zone,1415,699,137,401,178,34.5,High,55,0,Sunny
3457,2024-12-19,21:00,Green Park Rd,West Zone,735,439,58,187,51,48.3,High,60,0,Sunny
3611,2024-12-20,07:00,Outer Ring Road,Downtown,1453,776,172,338,167,29.3,High,68,0,Sunny
880,2024-12-20,10:00,Lake View Road,Downtown,1711,973,193,335,210,21.0,High,81,0,Sunny
2126,2024-12-20,10:00,Airport Road,East Zone,1341,612,150,345,234,35.4,High,68,0,Cloudy
3099,2024-12-20,12:00,Airport Road,North Zone,629,320,60,135,114,47.8,High,67,0,Foggy
3960,2024-12-20,12:00,Ring Road,West Zone,914,558,73,256,27,39.0,High,64,0,Cloudy
1307,2024-12-20,15:00,Outer Ring Road,South Zone,557,276,65,138,78,53.8,High,57,0,Cloudy
424,2024-12-20,16:00,Outer Ring Road,North Zone,756,339,84,137,196,45.0,High,42,0,Cloudy
3752,2024-12-20,17:00,Outer Ring Road,Downtown,1911,1108,197,550,56,17.6,High,75,0,Sunny
559,2024-12-20,17:00,IT Corridor,East Zone,1243,557,119,320,247,38.2,High,76,0,Sunny
3240,2024-12-20,19:00,NH-44,East Zone,1852,910,162,492,288,16.4,High,82,0,Cloudy
378,2024-12-20,22:00,Outer Ring Road,South Zone,440,264,37,85,54,44.8,Medium,58,0,Rainy
1945,2024-12-20,23:00,Station Road,West Zone,980,501,73,281,125,39.9,High,63,0,Sunny
1145,2024-12-21,03:00,IT Corridor,South Zone,657,288,76,142,151,35.3,High,68,0,Foggy
2819,2024-12-21,08:00,Airport Road,South Zone,972,504,88,271,109,35.5,High,81,0,Foggy
1886,2024-12-21,08:00,Station Road,South Zone,1223,697,98,336,92,24.7,High,66,0,Foggy
1651,2024-12-21,12:00,Lake View Road,West Zone,864,482,99,223,60,42.1,High,60,1,Sunny
1345,2024-12-21,15:00,Market Road,Downtown,931,534,73,209,115,44.3,High,57,0,Sunny
1668,2024-12-21,15:00,NH-44,East Zone,846,421,88,208,129,32.7,High,58,0,Foggy
3787,2024-12-21,16:00,IT Corridor,South Zone,543,290,40,147,66,53.9,High,61,0,Sunny
1001,2024-12-21,16:00,Green Park Rd,West Zone,635,340,47,138,110,43.9,Medium,43,0,Foggy
2762,2024-12-21,17:00,IT Corridor,Downtown,2043,1126,209,604,104,17.3,High,83,1,Sunny
3810,2024-12-21,19:00,Ring Road,North Zone,1415,624,108,307,376,28.6,High,63,0,Rainy
483,2024-12-22,05:00,Market Road,East Zone,952,411,101,261,179,49.5,Medium,52,0,Sunny
1747,2024-12-22,09:00,Airport Road,Downtown,863,386,63,240,174,47.7,High,67,0,Cloudy
3969,2024-12-22,10:00,Market Road,West Zone,1169,576,120,254,219,41.2,High,60,0,Cloudy
3352,2024-12-22,12:00,Station Road,South Zone,836,438,98,187,113,50.7,Medium,53,0,Cloudy
3184,2024-12-22,14:00,Station Road,South Zone,515,263,53,102,97,60.0,Medium,39,0,Cloudy
542,2024-12-22,17:00,Outer Ring Road,Downtown,1426,784,138,370,134,26.4,High,75,0,Sunny
3433,2024-12-22,18:00,Market Road,West Zone,1251,727,135,353,36,34.5,High,69,0,Foggy
700,2024-12-22,19:00,Ring Road,East Zone,1526,782,140,451,153,26.7,High,91,0,Sunny
1590,2024-12-22,23:00,Station Road,North Zone,731,386,68,159,118,44.6,Medium,39,0,Sunny
3609,2024-12-23,09:00,Ring Road,Downtown,1696,850,197,361,288,20.1,High,82,0,Sunny
2056,2024-12-23,11:00,Outer Ring Road,South Zone,487,275,49,107,56,55.0,Medium,30,0,Sunny
3621,2024-12-23,15:00,Lake View Road,North Zone,647,344,57,131,115,46.1,High,55,0,Rainy
3628,2024-12-23,18:00,Station Road,North Zone,1100,659,100,213,128,42.9,High,58,0,Sunny
3974,2024-12-23,19:00,Airport Road,East Zone,1755,853,151,400,351,12.1,High,69,0,Rainy
747,2024-12-23,19:00,Outer Ring Road,North Zone,1244,551,146,269,278,31.7,High,88,0,Cloudy
687,2024-12-23,19:00,Green Park Rd,South Zone,947,539,105,228,75,46.7,High,66,0,Sunny
1243,2024-12-24,03:00,Lake View Road,West Zone,1080,667,90,199,124,36.7,High,68,0,Rainy
1852,2024-12-24,06:00,Airport Road,West Zone,905,494,100,170,141,47.2,High,76,0,Cloudy
1327,2024-12-24,07:00,MG Road,East Zone,1187,733,84,230,140,27.4,High,72,0,Foggy
3465,2024-12-24,08:00,IT Corridor,Downtown,1687,732,159,329,467,26.6,High,83,0,Sunny
2461,2024-12-24,08:00,Airport Road,West Zone,1715,958,158,488,111,31.0,High,85,0,Sunny
2725,2024-12-24,13:00,Airport Road,North Zone,898,476,94,208,120,48.3,High,71,0,Sunny
1518,2024-12-24,13:00,Green Park Rd,North Zone,669,362,73,178,56,40.2,High,66,0,Foggy
132,2024-12-24,14:00,MG Road,East Zone,990,567,99,291,33,37.9,High,63,0,Sunny
3749,2024-12-24,16:00,Market Road,North Zone,674,412,64,132,66,43.4,High,53,0,Cloudy
1839,2024-12-24,19:00,IT Corridor,Downtown,2135,1153,193,411,378,12.0,High,71,0,Rainy
2792,2024-12-24,20:00,Market Road,Downtown,1935,836,223,365,511,16.0,High,66,0,Cloudy
181,2024-12-24,20:00,Green Park Rd,North Zone,1457,883,128,402,44,27.7,High,70,0,Cloudy
252,2024-12-25,00:00,MG Road,North Zone,684,351,73,181,79,45.0,High,58,0,Sunny
360,2024-12-25,05:00,Market Road,North Zone,420,203,40,78,99,53.8,High,59,0,Sunny
1128,2024-12-25,06:00,MG Road,Downtown,1067,576,82,244,165,46.1,High,63,0,Sunny
2582,2024-12-25,06:00,MG Road,South Zone,639,279,55,168,137,53.8,High,49,0,Cloudy
2635,2024-12-25,07:00,Ring Road,North Zone,1173,549,137,276,211,38.5,High,76,1,Sunny
2337,2024-12-25,08:00,IT Corridor,North Zone,1246,669,89,362,126,32.1,High,77,1,Foggy
63,2024-12-25,08:00,MG Road,West Zone,1514,783,115,312,304,32.3,High,82,0,Cloudy
3901,2024-12-25,12:00,Ring Road,Downtown,897,471,99,190,137,48.5,High,55,0,Sunny
14,2024-12-25,12:00,Outer Ring Road,West Zone,665,308,57,152,148,47.1,High,48,0,Sunny
832,2024-12-25,14:00,IT Corridor,Downtown,1005,548,76,248,133,45.5,High,65,0,Sunny
1846,2024-12-25,14:00,Airport Road,West Zone,709,308,68,151,182,48.1,High,55,0,Cloudy
1681,2024-12-25,16:00,NH-44,South Zone,738,350,56,136,196,45.9,High,69,0,Cloudy
1214,2024-12-25,18:00,Ring Road,South Zone,1459,896,142,368,53,26.1,High,73,0,Sunny
122,2024-12-25,18:00,Station Road,South Zone,1225,731,103,324,67,32.6,High,41,0,Sunny
3379,2024-12-25,21:00,Green Park Rd,Downtown,734,412,75,206,41,51.4,High,65,0,Sunny
1987,2024-12-26,05:00,Station Road,East Zone,648,344,68,181,55,48.6,Medium,56,0,Sunny
3758,2024-12-26,05:00,Ring Road,North Zone,1000,502,79,219,200,39.9,High,85,0,Sunny
3163,2024-12-26,07:00,Market Road,South Zone,1066,506,110,223,227,34.2,High,82,0,Foggy
3686,2024-12-26,08:00,Market Road,East Zone,1825,912,202,376,335,22.2,High,88,0,Cloudy
1207,2024-12-26,08:00,Green Park Rd,South Zone,926,415,95,182,234,41.7,High,67,0,Cloudy
2083,2024-12-26,09:00,Ring Road,West Zone,1921,1120,181,447,173,19.5,High,67,0,Sunny
1901,2024-12-26,10:00,IT Corridor,Downtown,1966,1166,229,387,184,16.3,High,91,0,Cloudy
3199,2024-12-26,14:00,IT Corridor,West Zone,704,431,81,170,22,47.9,High,66,0,Sunny
2357,2024-12-26,15:00,Market Road,North Zone,572,276,51,171,74,54.0,High,53,0,Cloudy
3921,2024-12-26,15:00,NH-44,South Zone,705,313,63,129,200,50.6,High,52,0,Sunny
649,2024-12-26,16:00,Lake View Road,South Zone,503,294,41,147,21,53.6,High,55,0,Rainy
3222,2024-12-26,17:00,Airport Road,North Zone,1178,623,106,282,167,43.1,High,77,0,Sunny
560,2024-12-26,19:00,Outer Ring Road,West Zone,1236,695,102,312,127,33.9,High,70,0,Sunny
1039,2024-12-26,21:00,Ring Road,North Zone,883,382,75,230,196,48.5,High,56,0,Cloudy
2201,2024-12-27,08:00,NH-44,East Zone,1273,751,129,274,119,36.6,High,75,0,Sunny
2688,2024-12-27,08:00,MG Road,South Zone,1022,449,121,268,184,37.6,High,64,0,Sunny
1354,2024-12-27,10:00,Ring Road,East Zone,1512,874,171,422,45,28.2,High,70,0,Sunny
3990,2024-12-27,12:00,Lake View Road,Downtown,940,552,93,268,27,37.5,High,71,0,Sunny
3236,2024-12-27,14:00,Airport Road,South Zone,530,314,44,156,16,56.3,Medium,43,0,Cloudy
1874,2024-12-27,15:00,NH-44,South Zone,683,386,51,162,84,44.7,High,59,0,Rainy
3894,2024-12-27,17:00,Ring Road,North Zone,1143,589,83,245,226,38.5,High,64,0,Sunny
2677,2024-12-27,18:00,Lake View Road,South Zone,708,311,53,187,157,41.9,High,61,0,Foggy
1136,2024-12-28,01:00,NH-44,North Zone,686,422,59,177,28,41.7,High,58,0,Rainy
3419,2024-12-28,07:00,Lake View Road,North Zone,1251,693,109,240,209,40.7,High,66,0,Sunny
2866,2024-12-28,08:00,Outer Ring Road,West Zone,1485,775,140,291,279,23.9,High,78,0,Rainy
901,2024-12-28,10:00,Outer Ring Road,West Zone,1330,573,110,322,325,29.1,High,80,1,Rainy
3262,2024-12-28,10:00,Ring Road,West Zone,1097,680,105,262,50,36.0,High,67,0,Foggy
1646,2024-12-28,12:00,Ring Road,West Zone,1001,470,93,184,254,36.0,High,75,0,Sunny
1373,2024-12-28,16:00,MG Road,Downtown,1057,529,88,282,158,35.6,High,74,0,Sunny
2994,2024-12-28,16:00,NH-44,Downtown,776,354,57,200,165,47.6,High,48,0,Sunny
1664,2024-12-28,16:00,Outer Ring Road,Downtown,863,428,77,195,163,48.4,High,64,0,Sunny
38,2024-12-29,08:00,Airport Road,West Zone,1839,828,220,369,422,26.2,High,77,0,Cloudy
3040,2024-12-29,12:00,NH-44,North Zone,472,253,47,88,84,61.2,High,52,0,Sunny
3735,2024-12-29,13:00,Outer Ring Road,Downtown,785,423,78,196,88,44.7,High,47,0,Foggy
2150,2024-12-29,14:00,Station Road,West Zone,913,407,71,271,164,35.8,High,66,0,Rainy
2682,2024-12-29,16:00,MG Road,North Zone,541,326,43,156,16,47.0,High,54,0,Rainy
2835,2024-12-29,16:00,NH-44,North Zone,783,462,63,180,78,51.7,Medium,54,0,Cloudy
1188,2024-12-29,18:00,Outer Ring Road,Downtown,2042,958,224,463,397,16.4,High,63,0,Sunny
3041,2024-12-29,18:00,MG Road,East Zone,1239,610,124,320,185,37.1,High,93,0,Cloudy
2339,2024-12-29,18:00,Ring Road,West Zone,1546,956,164,319,107,31.6,High,76,0,Sunny
2843,2024-12-29,19:00,Green Park Rd,East Zone,902,459,80,265,98,50.7,High,54,0,Sunny
632,2024-12-29,19:00,MG Road,North Zone,1285,759,92,248,186,30.8,High,60,0,Sunny
1309,2024-12-29,20:00,Airport Road,East Zone,1221,688,96,281,156,31.9,High,72,0,Sunny
1919,2024-12-29,21:00,Ring Road,East Zone,1042,599,79,309,55,38.7,High,57,0,Rainy
1487,2024-12-29,21:00,Lake View Road,North Zone,709,350,68,161,130,45.6,High,74,1,Rainy
3369,2024-12-29,22:00,Airport Road,South Zone,806,447,61,218,80,55.0,High,57,0,Rainy
3536,2024-12-30,00:00,Station Road,West Zone,360,207,41,75,37,55.1,Medium,64,0,Sunny
1453,2024-12-30,05:00,MG Road,South Zone,763,357,84,194,128,51.8,High,47,0,Sunny
3410,2024-12-30,06:00,Market Road,Downtown,971,448,84,177,262,41.4,High,79,0,Rainy
721,2024-12-30,07:00,Outer Ring Road,South Zone,1196,535,131,258,272,28.7,High,68,0,Foggy
421,2024-12-30,08:00,Ring Road,North Zone,1236,532,103,279,322,43.3,High,70,0,Sunny
1406,2024-12-30,09:00,Lake View Road,Downtown,1723,1032,185,370,136,21.3,High,71,0,Sunny
1103,2024-12-30,10:00,MG Road,North Zone,1225,623,87,244,271,32.7,High,62,0,Sunny
943,2024-12-30,10:00,Ring Road,South Zone,908,559,70,208,71,50.7,High,40,0,Sunny
2990,2024-12-30,11:00,Market Road,South Zone,447,266,43,115,23,58.7,High,45,0,Sunny
1686,2024-12-30,16:00,Green Park Rd,South Zone,967,580,105,253,29,45.6,High,76,1,Cloudy
620,2024-12-30,17:00,IT Corridor,North Zone,1426,826,163,394,43,27.7,High,77,0,Foggy
892,2024-12-30,18:00,Ring Road,North Zone,981,548,94,262,77,48.4,High,50,0,Cloudy
2107,2024-12-30,18:00,Airport Road,South Zone,1224,667,125,315,117,40.4,High,74,0,Sunny
2807,2024-12-30,20:00,Lake View Road,Downtown,1319,698,99,298,224,33.2,High,76,0,Sunny
314,2024-12-30,21:00,Market Road,East Zone,810,474,82,160,94,46.0,High,70,1,Sunny
3452,2024-12-30,23:00,Ring Road,West Zone,559,277,47,113,122,52.9,High,61,0,Cloudy
1247,2024-12-31,08:00,Market Road,Downtown,1378,682,159,311,226,19.7,High,67,0,Foggy
1557,2024-12-31,11:00,Market Road,West Zone,1227,697,86,348,96,26.2,High,74,0,Rainy
2944,2024-12-31,13:00,NH-44,South Zone,721,350,84,139,148,46.9,High,37,0,Cloudy
757,2024-12-31,15:00,Airport Road,South Zone,615,323,60,127,105,52.0,High,68,1,Sunny
2562,2024-12-31,16:00,Outer Ring Road,South Zone,823,355,70,200,198,48.6,High,62,0,Cloudy
3668,2024-12-31,16:00,Station Road,West Zone,1081,618,113,273,77,31.7,High,67,1,Rainy
292,2024-12-31,18:00,Airport Road,North Zone,1088,510,83,277,218,39.8,High,58,0,Sunny
2754,2024-12-31,19:00,NH-44,South Zone,724,338,57,188,141,46.0,High,49,0,Sunny
1803,2024-12-31,20:00,Green Park Rd,East Zone,1090,532,121,252,185,42.3,High,49,0,Sunny
3004,2024-12-31,21:00,Market Road,North Zone,463,219,45,126,73,52.7,Medium,52,0,Cloudy
